claim_id,age,policy_tenure_years,claim_amount,annual_premium,num_claims_history,days_to_report,incident_severity,insurance_type,incident_type,police_report_filed,witnesses,vehicle_age_years,deductible_amount,customer_region,fraud_flag
CLM100000,68,16.1,9450.36,1818.29,3,74,Moderate,Health,Theft,1,4,17,2000,North,0
CLM100001,57,9.4,31618.054471492695,5233.53,4,89,Total Loss,Property,Accident,1,3,17,500,West,1
CLM100002,24,13.6,21451.66,1424.35,8,18,Major,Life,Medical,1,0,2,2500,North,0
CLM100003,49,6.7,22726.92,4184.83,11,65,Total Loss,Property,Fire,1,2,6,2500,Central,0
CLM100004,65,7.9,3589.54,5413.86,12,83,Major,Auto,Accident,1,0,12,500,East,0
CLM100005,36,19.8,14475.74,4843.46,8,51,Total Loss,Life,Accident,0,3,6,2000,West,0
CLM100006,23,5.3,34979.02,1550.0,2,30,Major,Health,Natural,1,2,12,2500,East,0
CLM100007,37,10.4,5724.432426716928,1710.3,8,77,Minor,Health,Medical,1,1,3,1500,North,1
CLM100008,44,17.0,10605.87,5535.43,12,67,Minor,Property,Natural,1,2,15,2000,West,0
CLM100009,70,5.2,21815.62,6566.82,0,29,Minor,Health,Fire,1,4,14,1500,North,0
CLM100010,60,8.6,15181.6,7310.56,7,12,Major,Auto,Fire,1,1,12,1000,North,0
CLM100011,54,12.5,5769.826831937509,6602.09,13,28,Total Loss,Auto,Medical,1,2,9,500,East,1
CLM100012,65,9.9,20946.618676827962,7804.43,15,53,Moderate,Property,Natural,1,1,9,2500,Central,1
CLM100013,24,9.5,11615.98,3561.89,2,33,Moderate,Life,Medical,1,4,4,500,North,0
CLM100014,22,7.6,83253.82,2983.74,11,19,Moderate,Health,Natural,1,4,3,500,North,0
CLM100015,28,11.9,3951.32,711.38,14,49,Minor,Auto,Theft,1,0,18,1500,South,0
CLM100016,32,12.7,61618.12,3874.22,4,88,Minor,Life,Medical,1,4,14,2500,East,0
CLM100017,20,13.2,8077.67,5385.29,3,26,Minor,Auto,Fire,1,4,8,1000,North,0
CLM100018,22,1.9,4353.16,6615.56,6,29,Total Loss,Auto,Natural,0,4,15,500,South,0
CLM100019,40,12.8,9019.32,2505.92,10,55,Minor,Life,Theft,1,3,3,1500,East,0
CLM100020,70,19.1,15278.58,4351.93,6,83,Total Loss,Life,Fire,0,4,10,1500,West,0
CLM100021,54,11.0,4602.39,5465.07,10,64,Total Loss,Health,Natural,1,0,16,2500,Central,0
CLM100022,26,14.4,6167.79,4637.02,7,54,Total Loss,Property,Theft,0,1,0,2000,East,0
CLM100023,32,11.4,29918.48,2555.16,4,23,Major,Property,Fire,0,3,8,2000,North,0
CLM100024,20,17.2,104758.93,6472.12,12,24,Moderate,Auto,Fire,1,1,11,1000,South,0
CLM100025,46,18.6,6744.68,1800.21,10,52,Total Loss,Property,Theft,1,1,11,1500,South,0
CLM100026,23,4.1,3417.62,7287.35,4,75,Moderate,Auto,Fire,1,0,9,2000,West,0
CLM100027,34,9.0,24637.93,7644.48,7,10,Total Loss,Life,Natural,0,3,8,500,South,0
CLM100028,43,8.2,14761.46,3241.8,4,59,Total Loss,Auto,Natural,1,2,19,1000,North,0
CLM100029,38,8.4,2587.09,3321.36,12,76,Minor,Health,Fire,1,4,15,500,East,0
CLM100030,25,2.9,44997.41,6074.59,13,46,Moderate,Auto,Accident,1,1,12,2000,West,0
CLM100031,38,16.4,2218.96,3922.16,12,24,Total Loss,Auto,Theft,1,1,2,1500,Central,0
CLM100032,74,1.2,15726.7,714.58,0,24,Moderate,Health,Accident,0,0,17,2000,Central,0
CLM100033,28,10.8,17881.984052369142,7399.08,14,41,Minor,Health,Natural,1,0,3,1000,North,1
CLM100034,55,13.4,34026.766919091104,3730.63,6,49,Total Loss,Property,Fire,1,0,18,1000,West,1
CLM100035,25,4.5,8295.247596420122,2026.21,7,71,Minor,Life,Medical,1,3,12,500,West,1
CLM100036,59,18.2,18476.59,4667.48,11,10,Total Loss,Life,Medical,1,4,12,500,North,0
CLM100037,41,16.9,49178.39,2141.8,9,9,Minor,Health,Accident,1,3,11,1000,West,0
CLM100038,52,9.7,10199.13,2045.16,4,80,Minor,Life,Accident,0,0,0,500,South,0
CLM100039,72,8.5,12102.27,4592.98,12,59,Major,Auto,Accident,0,0,1,2500,South,0
CLM100040,31,5.1,5112.84,3432.82,7,53,Total Loss,Life,Natural,0,1,2,1000,North,0
CLM100041,72,14.7,34366.04,4797.45,14,79,Total Loss,Health,Natural,1,3,12,500,North,0
CLM100042,31,3.1,54197.37,7976.19,8,62,Total Loss,Life,Fire,0,3,11,2000,South,0
CLM100043,27,13.8,38568.11347907961,6942.64,10,51,Moderate,Health,Natural,1,4,15,1500,East,1
CLM100044,29,16.9,12738.65,557.53,0,4,Major,Property,Fire,1,3,13,2500,North,0
CLM100045,55,5.0,48127.62,879.17,0,40,Moderate,Health,Fire,1,4,13,2500,South,0
CLM100046,61,17.4,3505.88,5075.6,0,62,Total Loss,Auto,Accident,1,2,16,1500,East,0
CLM100047,72,1.1,10765.43,5196.92,0,55,Major,Auto,Medical,0,4,4,1500,East,0
CLM100048,63,18.3,12570.06,7086.43,8,31,Minor,Auto,Accident,1,0,5,2000,South,0
CLM100049,51,2.8,11156.64,5217.93,0,26,Major,Health,Natural,1,2,9,1500,South,0
CLM100050,58,13.1,68425.41227462192,2207.86,9,90,Minor,Health,Theft,0,1,8,2500,West,1
CLM100051,27,5.4,17648.26,4013.87,5,47,Total Loss,Auto,Natural,1,1,6,2000,East,0
CLM100052,34,16.8,5349.800626299645,6567.39,13,40,Total Loss,Life,Medical,0,1,3,1500,Central,1
CLM100053,34,10.5,19167.815490241803,7421.19,15,72,Minor,Health,Natural,0,0,6,2000,West,1
CLM100054,20,3.1,7211.77,2276.86,8,77,Major,Life,Medical,1,1,10,2000,West,0
CLM100055,48,11.6,37916.29603315793,4547.04,6,90,Moderate,Property,Theft,1,4,5,500,East,1
CLM100056,68,8.5,6168.2,1691.96,8,17,Major,Property,Theft,1,0,15,1500,East,0
CLM100057,18,13.4,2871.07,4227.5,13,37,Minor,Property,Fire,1,3,15,500,East,0
CLM100058,29,17.7,16906.0,1175.86,14,64,Minor,Property,Natural,0,0,12,2500,North,0
CLM100059,56,8.5,29560.85,7562.96,12,16,Moderate,Auto,Fire,0,0,11,2000,South,0
CLM100060,21,6.2,41237.51,5285.42,13,89,Moderate,Health,Accident,1,3,1,2500,South,0
CLM100061,59,0.8,54946.37,6906.63,5,85,Moderate,Property,Accident,1,4,12,2000,South,0
CLM100062,30,11.7,37315.739378495775,7987.21,10,90,Minor,Auto,Accident,0,2,0,1500,East,1
CLM100063,51,8.3,3257.15,1869.99,8,37,Total Loss,Property,Accident,0,3,9,1000,West,0
CLM100064,59,7.8,29771.26,5706.08,14,84,Major,Health,Accident,0,0,9,1500,East,0
CLM100065,38,4.1,8661.39,7152.4,6,62,Moderate,Property,Natural,1,1,10,2000,East,0
CLM100066,39,8.9,20635.07,4819.54,8,41,Minor,Property,Fire,1,3,8,1000,West,0
CLM100067,74,19.7,31657.14235370411,5297.72,8,21,Major,Life,Fire,1,3,3,1000,Central,1
CLM100068,21,6.3,27456.87,3557.53,3,29,Moderate,Life,Medical,0,2,16,1500,North,0
CLM100069,35,12.2,22999.50794835356,5560.71,13,80,Total Loss,Life,Accident,0,0,18,2500,Central,1
CLM100070,22,15.6,1956.78,3466.83,2,8,Major,Life,Theft,0,1,9,1500,East,0
CLM100071,36,15.1,13206.81,4074.65,4,56,Major,Property,Medical,1,1,12,2000,South,0
CLM100072,19,6.9,3818.29,1271.84,8,58,Minor,Property,Medical,1,2,1,2500,South,0
CLM100073,29,12.4,125468.09685251943,558.56,5,83,Minor,Life,Natural,0,1,8,2000,West,1
CLM100074,34,17.5,12228.73,913.63,0,74,Minor,Health,Medical,0,4,6,2500,East,0
CLM100075,27,0.8,13096.71,1943.91,1,4,Total Loss,Auto,Theft,1,3,9,500,West,0
CLM100076,51,9.0,36670.26,3924.53,9,83,Major,Property,Fire,1,3,11,2500,West,0
CLM100077,23,4.9,15695.86,657.46,4,3,Moderate,Life,Medical,0,1,19,500,North,0
CLM100078,25,8.1,6408.73,1669.52,2,7,Total Loss,Auto,Natural,1,1,10,2000,West,0
CLM100079,68,8.6,6266.67,6360.83,5,41,Moderate,Life,Accident,1,1,3,1500,East,0
CLM100080,28,15.1,22237.36333244561,6216.25,21,62,Moderate,Life,Theft,1,3,11,2000,North,1
CLM100081,74,2.3,31216.97,6422.98,14,12,Minor,Health,Accident,1,1,11,1500,South,0
CLM100082,29,10.5,24751.39,7411.56,10,4,Moderate,Health,Medical,0,4,7,500,North,0
CLM100083,26,11.5,50347.76,1393.03,7,39,Moderate,Property,Fire,1,4,19,1500,East,0
CLM100084,19,10.1,2119.01,1723.55,5,18,Total Loss,Life,Natural,1,3,13,2000,Central,0
CLM100085,25,14.8,5686.3,3001.65,9,81,Minor,Auto,Theft,0,0,6,2000,North,0
CLM100086,28,8.0,2254.11,7363.56,8,3,Moderate,Property,Fire,1,0,2,2000,Central,0
CLM100087,70,18.9,21859.31,6316.08,14,58,Moderate,Health,Theft,1,0,18,2500,North,0
CLM100088,53,9.9,5139.619837647408,2930.91,9,31,Moderate,Property,Natural,1,4,13,2000,North,1
CLM100089,27,11.6,2578.51,1157.27,13,23,Major,Property,Natural,0,2,18,2500,West,0
CLM100090,38,16.6,13371.82,5122.85,4,30,Major,Life,Medical,1,0,9,1000,Central,0
CLM100091,37,5.9,8952.29,2426.14,3,57,Minor,Auto,Theft,1,2,11,500,Central,0
CLM100092,65,2.0,19834.33,4483.64,1,27,Total Loss,Health,Medical,0,3,17,1000,North,0
CLM100093,25,14.3,11012.64,7563.53,5,8,Minor,Property,Theft,1,4,18,1000,East,0
CLM100094,53,9.9,9309.51,4794.63,1,44,Major,Property,Theft,1,0,17,2500,East,0
CLM100095,46,18.0,9313.84,7428.76,4,89,Minor,Life,Accident,1,4,12,2500,Central,0
CLM100096,59,19.7,31821.4,3447.79,0,48,Total Loss,Property,Medical,1,3,16,500,West,0
CLM100097,29,8.3,8543.5,5250.14,2,1,Minor,Auto,Theft,1,4,5,500,West,0
CLM100098,31,8.6,7083.41,7204.17,9,5,Moderate,Life,Theft,0,1,15,500,East,0
CLM100099,65,8.5,7199.47,4909.9,4,28,Total Loss,Health,Natural,1,0,17,2000,West,0
CLM100100,71,6.8,4283.55,5111.74,12,25,Total Loss,Property,Accident,0,4,8,2000,North,0
CLM100101,67,15.7,30565.68,5872.31,12,27,Total Loss,Property,Natural,0,4,12,500,North,0
CLM100102,38,15.3,3378.45,7115.81,6,6,Minor,Life,Medical,1,4,3,2500,Central,0
CLM100103,39,9.8,36889.41,1161.35,7,33,Minor,Property,Medical,0,3,12,1000,South,0
CLM100104,38,1.4,9886.341879273215,3026.45,9,90,Moderate,Health,Theft,0,0,2,500,East,1
CLM100105,61,6.5,35453.05,3482.64,6,9,Total Loss,Auto,Fire,0,0,3,500,East,0
CLM100106,67,6.2,24468.45,7322.82,10,56,Moderate,Auto,Natural,1,1,18,1000,South,0
CLM100107,47,16.3,14083.66,7670.06,14,46,Total Loss,Life,Medical,1,1,0,1500,West,0
CLM100108,56,2.2,17605.87,1402.85,1,85,Major,Property,Theft,1,4,0,500,North,0
CLM100109,37,16.2,6914.41,1393.31,5,26,Minor,Life,Theft,0,0,8,500,North,0
CLM100110,41,13.5,13807.79,7511.46,4,38,Moderate,Life,Natural,0,0,2,2000,East,0
CLM100111,40,14.8,6188.21,2718.29,10,21,Minor,Life,Theft,1,4,2,1000,East,0
CLM100112,24,8.9,16648.406116562135,2313.61,16,31,Minor,Life,Accident,0,2,17,500,West,1
CLM100113,26,13.8,47882.86823661073,767.17,12,37,Major,Life,Fire,1,0,1,500,West,1
CLM100114,18,12.4,5194.37,2566.97,11,18,Major,Property,Natural,0,4,10,1500,East,0
CLM100115,43,15.5,81656.02300924857,5701.45,16,28,Total Loss,Auto,Natural,1,4,8,1000,West,1
CLM100116,55,9.2,20388.916299903227,3695.27,16,90,Major,Auto,Natural,1,2,1,500,South,1
CLM100117,55,9.7,12394.75,4376.53,3,58,Total Loss,Auto,Theft,0,1,19,1500,North,0
CLM100118,71,13.0,67261.23560046239,7379.72,18,90,Major,Property,Theft,0,4,3,500,East,1
CLM100119,61,2.6,18150.49,1360.17,6,69,Major,Property,Natural,1,0,8,2500,South,0
CLM100120,39,9.0,47686.015587046684,1034.31,14,80,Moderate,Life,Natural,1,1,13,1500,South,1
CLM100121,61,19.5,50711.2124719577,6889.48,10,86,Major,Auto,Accident,1,1,18,2500,Central,1
CLM100122,27,1.2,38535.92,6311.42,13,32,Moderate,Life,Medical,0,1,15,500,East,0
CLM100123,72,6.7,5285.53,2478.01,5,77,Major,Auto,Accident,1,4,13,1500,Central,0
CLM100124,23,6.6,15249.31,2931.76,2,64,Moderate,Health,Natural,0,0,14,1000,South,0
CLM100125,34,12.9,8672.23,2827.08,10,24,Minor,Property,Theft,0,2,17,2000,East,0
CLM100126,68,2.6,2639.369897756345,5358.57,9,90,Total Loss,Health,Theft,0,3,14,500,Central,1
CLM100127,67,12.8,6601.410447440324,959.09,4,62,Major,Auto,Natural,0,3,18,1500,North,1
CLM100128,55,2.4,6895.46,4170.51,13,17,Moderate,Life,Medical,1,1,8,2500,East,0
CLM100129,41,2.4,13486.14,1504.05,12,62,Major,Property,Fire,0,3,15,1500,Central,0
CLM100130,68,14.7,32989.44,6648.04,7,48,Moderate,Property,Fire,1,3,16,1000,West,0
CLM100131,27,6.8,24489.51,3354.97,11,65,Moderate,Life,Accident,0,4,9,1500,East,0
CLM100132,73,19.6,13089.15,4456.79,11,39,Major,Health,Medical,1,2,4,2500,West,0
CLM100133,25,1.2,2151.12,719.88,11,84,Total Loss,Health,Fire,1,3,8,500,East,0
CLM100134,38,9.2,17546.88493651181,936.98,17,90,Moderate,Health,Medical,1,2,13,2500,Central,1
CLM100135,73,2.7,7852.37,5562.91,1,65,Minor,Health,Theft,1,3,9,2500,Central,0
CLM100136,23,7.4,15581.7,6250.78,12,79,Major,Property,Theft,0,1,0,2500,East,0
CLM100137,38,20.0,2006.91,5825.27,9,3,Minor,Auto,Medical,0,1,19,2000,South,0
CLM100138,74,17.8,12331.52,6027.64,6,33,Moderate,Life,Natural,1,2,2,500,Central,0
CLM100139,56,1.4,83142.64708486383,1284.65,11,40,Moderate,Auto,Fire,1,2,15,2000,East,1
CLM100140,41,11.5,43581.38531614974,5700.88,4,51,Major,Auto,Fire,0,2,4,1500,East,1
CLM100141,50,13.1,24923.92,1863.11,12,19,Total Loss,Health,Theft,1,2,12,500,North,0
CLM100142,35,4.6,18170.27,1235.12,3,46,Minor,Auto,Accident,1,0,4,500,West,0
CLM100143,73,3.3,4471.21,6178.71,6,76,Total Loss,Health,Fire,1,1,10,1500,North,0
CLM100144,45,18.1,2756.16,7170.55,13,33,Minor,Health,Theft,1,3,16,1500,West,0
CLM100145,74,19.4,27534.48,5875.32,8,43,Total Loss,Auto,Theft,1,0,2,2500,West,0
CLM100146,69,19.8,18836.48,6541.8,1,5,Major,Life,Medical,0,2,5,500,North,0
CLM100147,49,15.9,13837.16,7933.16,1,55,Minor,Auto,Medical,1,3,15,1000,South,0
CLM100148,29,13.4,4147.54,1510.67,5,28,Major,Auto,Medical,1,1,19,2500,East,0
CLM100149,65,7.2,14870.32,7738.64,2,52,Total Loss,Property,Accident,1,2,1,500,Central,0
CLM100150,59,3.8,3932.5856267469967,5008.98,7,22,Total Loss,Health,Fire,0,4,4,1500,East,1
CLM100151,44,2.0,2897.73,6599.4,2,58,Total Loss,Property,Accident,1,2,18,1500,North,0
CLM100152,27,14.0,6607.1,5376.27,12,47,Major,Life,Accident,0,3,19,1000,South,0
CLM100153,63,15.8,9797.75,4775.28,0,6,Moderate,Auto,Medical,1,1,10,500,Central,0
CLM100154,74,16.6,6994.885245105016,5777.14,17,90,Moderate,Property,Theft,1,2,17,2000,Central,1
CLM100155,69,18.3,2916.48,2901.94,13,31,Minor,Property,Natural,1,1,2,2500,South,0
CLM100156,59,17.7,20413.59,7432.04,5,77,Major,Auto,Theft,1,0,11,500,Central,0
CLM100157,49,20.0,13649.77,1364.69,10,60,Major,Auto,Theft,1,4,12,2000,Central,0
CLM100158,59,5.3,12445.24,2885.23,10,56,Major,Health,Theft,1,0,19,1500,South,0
CLM100159,43,15.4,10034.1,733.72,12,50,Total Loss,Health,Theft,1,4,19,1500,North,0
CLM100160,42,11.9,57288.86,2534.92,1,87,Major,Property,Accident,1,0,8,2000,North,0
CLM100161,28,5.6,1766.25,2136.6,1,18,Moderate,Auto,Medical,1,1,8,2000,Central,0
CLM100162,40,19.6,3988.24,872.23,6,26,Minor,Health,Medical,1,1,6,1000,North,0
CLM100163,51,18.0,16640.9,4188.31,4,62,Moderate,Health,Theft,1,0,0,500,North,0
CLM100164,74,3.0,3199.09,4014.77,7,59,Major,Life,Natural,1,3,0,1500,Central,0
CLM100165,69,1.0,26884.238598775057,1083.09,18,70,Minor,Property,Fire,1,0,18,2500,Central,1
CLM100166,57,13.9,13581.66,2463.88,1,60,Minor,Property,Theft,1,2,2,1500,North,0
CLM100167,40,12.3,54109.57,7649.92,12,86,Major,Property,Theft,1,3,6,500,West,0
CLM100168,46,18.7,33233.35,1330.52,9,44,Major,Auto,Natural,1,1,11,2000,South,0
CLM100169,48,5.1,44658.01,2787.64,7,20,Moderate,Life,Accident,1,0,15,1000,North,0
CLM100170,24,2.1,2808.84,768.97,6,43,Moderate,Health,Theft,1,3,12,1500,North,0
CLM100171,57,5.6,31391.18,1616.65,12,0,Total Loss,Life,Natural,0,2,17,1000,West,0
CLM100172,50,0.9,3073.26,5745.48,9,43,Total Loss,Health,Accident,1,4,16,2000,East,0
CLM100173,38,1.2,16033.13,3250.37,13,61,Total Loss,Health,Accident,1,1,8,500,East,0
CLM100174,19,18.3,20098.67,3890.57,7,60,Major,Life,Theft,0,3,13,1500,South,0
CLM100175,35,7.4,3630.55,1677.34,10,78,Major,Property,Accident,1,3,4,500,Central,0
CLM100176,64,8.5,16021.99,5616.05,2,88,Total Loss,Auto,Theft,0,3,10,2500,North,0
CLM100177,50,0.9,1808.3,6136.41,7,78,Total Loss,Life,Theft,1,0,19,500,West,0
CLM100178,54,5.8,18609.12447202946,1858.34,17,90,Moderate,Property,Medical,1,1,5,2000,Central,1
CLM100179,51,16.2,39104.74,837.45,5,49,Total Loss,Property,Fire,1,1,5,2000,Central,0
CLM100180,37,12.5,3826.26,1107.06,1,74,Total Loss,Auto,Fire,0,0,7,2500,East,0
CLM100181,52,15.2,2012.46,5427.84,5,40,Minor,Auto,Medical,1,0,0,500,North,0
CLM100182,68,9.2,18820.025088271614,1516.33,11,42,Total Loss,Property,Theft,0,0,8,2000,South,1
CLM100183,67,6.5,74525.68491734442,4204.39,4,90,Minor,Auto,Natural,1,2,9,2000,West,1
CLM100184,71,9.9,2196.57,1644.81,0,11,Total Loss,Property,Accident,1,3,16,2000,North,0
CLM100185,35,6.8,7590.03,1776.11,6,1,Minor,Health,Medical,1,2,2,2000,Central,0
CLM100186,63,16.9,79339.70005804523,532.7,8,34,Total Loss,Auto,Medical,1,1,12,1000,Central,1
CLM100187,41,6.3,2886.09,2906.18,0,13,Moderate,Health,Medical,0,0,7,1500,South,0
CLM100188,25,13.4,6580.5,1173.48,0,33,Major,Auto,Medical,0,3,19,1000,East,0
CLM100189,47,3.2,23604.62,3454.71,6,78,Minor,Property,Fire,1,4,13,2000,South,0
CLM100190,61,13.9,12753.01,4983.38,11,84,Major,Property,Theft,1,3,19,500,South,0
CLM100191,70,18.3,46757.99179337841,3256.49,6,85,Moderate,Property,Medical,0,4,7,1000,North,1
CLM100192,27,12.4,8154.014517161767,5788.11,13,56,Total Loss,Property,Medical,0,3,18,2500,East,1
CLM100193,40,11.4,38990.2,6060.89,5,84,Total Loss,Property,Medical,1,0,12,1500,Central,0
CLM100194,69,19.2,41980.18,5724.55,3,49,Moderate,Property,Natural,0,4,5,500,East,0
CLM100195,66,12.7,3531.84,7525.35,11,13,Major,Auto,Natural,1,4,3,1000,North,0
CLM100196,28,5.6,1516.94,2279.71,3,84,Major,Auto,Accident,1,1,5,1500,North,0
CLM100197,19,6.2,139934.06091190912,1920.92,20,89,Major,Health,Theft,1,3,19,1000,South,1
CLM100198,43,14.3,27027.579359146912,5072.84,18,69,Major,Life,Medical,1,2,1,2500,North,1
CLM100199,53,14.8,13732.12,4961.58,11,4,Minor,Auto,Accident,1,2,9,2000,East,0
CLM100200,50,6.4,15352.97,4325.74,13,65,Major,Auto,Accident,1,1,10,2500,South,0
CLM100201,64,7.2,24386.05,532.65,4,21,Minor,Life,Theft,1,1,10,2000,South,0
CLM100202,30,19.8,26068.74,4664.29,1,69,Moderate,Life,Natural,1,1,2,1500,South,0
CLM100203,57,2.5,11035.343492740976,7495.99,6,40,Total Loss,Health,Theft,1,0,10,1000,East,1
CLM100204,42,8.4,5050.32,3009.33,1,28,Minor,Health,Accident,0,0,7,1000,South,0
CLM100205,21,1.7,32413.22,7756.99,11,60,Major,Property,Theft,1,0,16,2500,West,0
CLM100206,59,16.5,26681.83,3175.68,3,70,Total Loss,Health,Natural,1,0,0,500,West,0
CLM100207,36,2.3,15420.08,1548.91,9,15,Minor,Health,Accident,0,1,15,1500,East,0
CLM100208,35,13.6,79598.35,3488.03,10,63,Total Loss,Life,Theft,1,1,19,2000,Central,0
CLM100209,54,1.6,20930.8,4209.58,13,13,Moderate,Auto,Medical,0,0,6,1500,Central,0
CLM100210,47,13.6,4647.07,5220.98,4,42,Major,Property,Medical,1,0,7,2500,South,0
CLM100211,36,16.9,29124.91,4286.59,5,75,Moderate,Health,Theft,0,4,12,1000,East,0
CLM100212,40,8.3,9035.3,4525.39,5,42,Total Loss,Life,Theft,1,3,4,2000,South,0
CLM100213,71,10.7,1552.34,680.5,8,69,Moderate,Property,Natural,1,4,17,2000,South,0
CLM100214,33,8.3,6816.32,2402.15,3,54,Major,Property,Accident,1,3,11,2000,West,0
CLM100215,18,6.4,22630.36,2830.22,12,75,Minor,Life,Theft,0,0,15,2000,North,0
CLM100216,29,16.2,49360.67,7903.16,13,30,Moderate,Health,Accident,1,0,2,1500,East,0
CLM100217,41,5.8,5847.28,2716.76,4,75,Major,Health,Medical,1,0,11,1500,North,0
CLM100218,51,14.6,5245.72,7224.34,5,73,Total Loss,Health,Accident,0,4,18,2500,West,0
CLM100219,70,4.5,28114.35395014698,2785.52,7,51,Moderate,Health,Fire,0,1,19,1000,North,1
CLM100220,74,5.4,26044.5,1220.83,5,26,Minor,Property,Natural,1,3,17,1000,West,0
CLM100221,25,7.1,21587.39,2357.13,1,51,Moderate,Auto,Natural,1,4,7,1500,Central,0
CLM100222,35,12.0,13313.31,2546.21,11,6,Total Loss,Property,Accident,1,0,12,2500,West,0
CLM100223,74,9.4,15970.23,7836.86,12,45,Total Loss,Property,Natural,0,1,7,500,East,0
CLM100224,65,15.0,5158.04,5557.19,6,32,Total Loss,Life,Accident,0,4,9,2000,Central,0
CLM100225,22,4.7,9499.68,7487.61,2,7,Moderate,Property,Accident,1,3,13,1000,South,0
CLM100226,43,0.7,10255.337787977782,6762.46,15,41,Moderate,Health,Medical,1,0,14,2000,East,1
CLM100227,47,15.6,33366.62,4839.49,9,60,Moderate,Life,Accident,1,3,14,1000,East,0
CLM100228,71,16.5,4433.2878207917065,5565.41,9,90,Minor,Life,Natural,1,0,5,500,East,1
CLM100229,30,1.7,18079.36,5186.28,8,59,Major,Life,Fire,1,0,13,1000,North,0
CLM100230,36,12.4,5522.32,5496.97,14,84,Moderate,Life,Theft,0,2,5,500,North,0
CLM100231,46,7.9,10681.86,2485.8,14,23,Minor,Life,Natural,0,3,0,1000,South,0
CLM100232,20,16.0,6337.55,3560.94,11,6,Total Loss,Health,Fire,0,1,9,1500,North,0
CLM100233,43,17.6,6856.7,4944.62,14,60,Moderate,Auto,Natural,1,0,18,2000,East,0
CLM100234,57,17.1,5524.55,769.46,12,82,Moderate,Auto,Fire,1,1,10,2500,West,0
CLM100235,29,15.7,21962.93,4121.26,4,35,Moderate,Life,Natural,1,4,2,2500,South,0
CLM100236,19,5.7,7828.87,6947.95,8,26,Minor,Auto,Theft,0,0,5,1000,South,0
CLM100237,28,16.3,20438.97,4192.76,9,28,Moderate,Property,Medical,0,0,8,2500,East,0
CLM100238,61,10.9,10134.02,4642.43,12,86,Moderate,Auto,Medical,1,0,8,2000,Central,0
CLM100239,45,1.5,12886.1,2014.29,9,19,Major,Property,Theft,1,1,3,1500,North,0
CLM100240,35,9.4,37339.82869189192,6457.58,14,82,Minor,Health,Natural,1,2,2,1500,Central,1
CLM100241,30,18.9,134919.94274581544,3191.59,17,87,Major,Life,Fire,1,3,19,500,East,1
CLM100242,54,17.8,20238.42394352862,7674.41,15,90,Major,Property,Accident,1,0,18,2500,Central,1
CLM100243,39,2.5,4491.93,7952.86,5,2,Major,Health,Natural,0,3,10,2000,East,0
CLM100244,29,15.0,37420.85,7370.0,7,38,Major,Health,Theft,1,3,18,2500,North,0
CLM100245,19,16.2,8554.579997734143,1136.58,6,90,Total Loss,Life,Medical,0,3,16,2000,North,1
CLM100246,54,5.8,27974.77,2998.87,4,44,Moderate,Auto,Medical,0,1,7,500,South,0
CLM100247,24,9.7,6366.276633208335,7588.53,5,90,Major,Health,Natural,1,3,5,2500,Central,1
CLM100248,43,14.4,51260.06714973024,6534.0,12,65,Minor,Auto,Fire,1,4,4,1500,Central,1
CLM100249,43,9.1,10173.39481375517,7333.88,4,60,Moderate,Auto,Theft,0,1,7,500,Central,1
CLM100250,41,2.7,39475.98,4794.15,10,5,Major,Auto,Theft,0,1,7,2500,Central,0
CLM100251,29,14.3,13486.42,4102.98,11,7,Major,Property,Fire,1,4,2,1500,West,0
CLM100252,33,18.3,19504.574750110718,1298.72,6,42,Minor,Auto,Fire,1,2,18,1500,South,1
CLM100253,40,13.2,3267.97,6796.04,14,14,Total Loss,Auto,Natural,1,2,15,2000,South,0
CLM100254,57,15.6,7958.95,6088.56,1,7,Minor,Health,Natural,0,0,9,1500,West,0
CLM100255,26,7.5,19312.72,941.57,14,53,Total Loss,Life,Medical,1,2,2,1000,Central,0
CLM100256,49,4.1,23829.365146458087,2070.61,18,33,Total Loss,Property,Medical,0,0,8,2500,West,1
CLM100257,32,13.0,5237.32,4679.58,7,28,Total Loss,Auto,Fire,1,3,7,2500,Central,0
CLM100258,54,6.9,13920.27,5633.02,3,33,Major,Life,Accident,0,0,7,2000,West,0
CLM100259,30,17.3,9114.68,1532.53,9,6,Major,Auto,Accident,0,2,7,1500,South,0
CLM100260,22,2.9,3719.34,2336.19,7,39,Total Loss,Auto,Accident,0,0,19,2000,West,0
CLM100261,28,9.0,8288.644141219995,1948.33,9,90,Total Loss,Health,Theft,0,1,6,1000,East,1
CLM100262,27,8.2,19437.41,2149.98,7,12,Major,Life,Natural,0,2,13,2000,Central,0
CLM100263,69,18.8,56137.61,7405.35,7,61,Total Loss,Health,Fire,1,0,16,2500,West,0
CLM100264,30,3.5,10219.163038346078,5868.65,14,90,Major,Health,Medical,0,2,11,2000,Central,1
CLM100265,58,0.7,23251.9,6028.3,11,84,Total Loss,Auto,Accident,1,4,4,2500,North,0
CLM100266,70,5.1,2375.26,6454.96,8,64,Major,Auto,Medical,1,2,1,500,Central,0
CLM100267,63,16.5,8208.71,3174.3,1,40,Minor,Auto,Natural,0,4,14,1000,West,0
CLM100268,67,4.6,11599.21,6253.88,8,41,Total Loss,Life,Fire,1,0,10,1000,Central,0
CLM100269,32,5.2,5694.94,7838.1,7,65,Total Loss,Life,Accident,1,4,14,2500,East,0
CLM100270,59,3.0,24805.117904094597,5737.96,14,42,Minor,Life,Accident,0,2,12,500,East,1
CLM100271,73,14.5,96109.12791582673,3625.65,14,75,Moderate,Life,Fire,1,1,18,1500,West,1
CLM100272,24,1.8,130324.78681237074,5872.7,6,90,Total Loss,Auto,Medical,1,4,11,2000,West,1
CLM100273,57,7.0,5595.614317579604,7255.96,15,70,Moderate,Auto,Natural,1,2,14,1500,Central,1
CLM100274,45,6.0,5758.64,1465.71,4,79,Minor,Health,Natural,0,1,11,500,South,0
CLM100275,49,11.3,59044.45,2489.71,10,78,Total Loss,Auto,Natural,1,3,17,1000,East,0
CLM100276,52,14.7,5729.26,7394.72,1,19,Moderate,Life,Medical,1,4,3,1500,East,0
CLM100277,32,10.9,18699.32,7596.75,9,27,Total Loss,Property,Medical,0,4,10,500,North,0
CLM100278,65,18.7,5384.46,4131.04,4,36,Total Loss,Auto,Accident,1,0,14,1000,North,0
CLM100279,53,19.1,7609.37,3309.13,12,2,Major,Life,Medical,1,3,4,1500,South,0
CLM100280,38,7.5,10087.350797406105,2620.86,20,89,Moderate,Health,Theft,1,0,4,1000,East,1
CLM100281,23,15.7,30100.43,4240.64,7,72,Major,Auto,Fire,0,0,19,2500,West,0
CLM100282,18,14.9,33138.76,7508.98,8,26,Major,Property,Medical,0,2,9,1000,East,0
CLM100283,21,17.9,6284.11,1623.57,8,31,Moderate,Life,Natural,0,0,9,1000,West,0
CLM100284,28,9.2,27024.15,3648.73,0,47,Moderate,Auto,Medical,0,4,5,500,West,0
CLM100285,61,10.8,7653.15,7337.06,6,45,Major,Life,Accident,1,0,5,500,South,0
CLM100286,43,8.6,2564.07,3118.39,11,46,Total Loss,Property,Fire,1,1,5,2000,East,0
CLM100287,54,17.1,22287.0,6260.61,10,89,Total Loss,Property,Fire,1,4,6,500,Central,0
CLM100288,40,5.0,14611.68,3419.45,7,39,Minor,Health,Natural,1,2,17,2500,East,0
CLM100289,46,5.2,5810.98,6536.95,9,2,Total Loss,Property,Fire,1,0,3,2500,East,0
CLM100290,38,7.8,5375.35,7857.52,2,74,Moderate,Auto,Theft,1,1,13,1000,North,0
CLM100291,65,5.0,56711.96,3408.67,12,28,Moderate,Property,Fire,1,1,10,500,South,0
CLM100292,62,11.4,83300.77555321477,6838.24,7,90,Minor,Auto,Natural,1,4,6,2000,Central,1
CLM100293,62,3.1,25895.06,7913.13,10,49,Moderate,Auto,Fire,1,0,17,500,Central,0
CLM100294,66,6.7,3054.79,7878.73,2,9,Major,Life,Medical,1,1,19,2000,Central,0
CLM100295,44,18.3,22108.93,3753.28,8,60,Minor,Auto,Accident,1,0,1,1000,West,0
CLM100296,56,8.5,4622.29,4143.21,12,60,Minor,Auto,Medical,1,4,1,2500,South,0
CLM100297,57,15.1,57839.74,2775.51,2,22,Total Loss,Health,Theft,1,3,6,500,North,0
CLM100298,30,2.7,1802.42,2855.14,1,5,Total Loss,Life,Theft,1,1,10,500,West,0
CLM100299,40,5.3,7511.17,4193.53,8,74,Major,Auto,Accident,0,2,17,2500,Central,0
CLM100300,33,16.2,9396.24,2003.89,14,59,Major,Health,Accident,1,0,19,2500,West,0
CLM100301,47,15.4,27076.37,5833.42,10,26,Total Loss,Life,Accident,0,4,6,1500,West,0
CLM100302,21,8.0,22800.8,4522.31,12,54,Total Loss,Property,Accident,1,4,19,1500,Central,0
CLM100303,57,19.1,8049.87,7235.51,13,30,Major,Auto,Fire,1,2,4,1500,Central,0
CLM100304,33,18.3,13505.47,6579.37,7,29,Total Loss,Property,Medical,1,3,1,2500,North,0
CLM100305,48,19.3,71713.08735048503,2918.53,9,90,Minor,Life,Theft,0,0,13,1500,South,1
CLM100306,70,8.8,1275.51,4293.53,1,12,Major,Life,Fire,0,3,6,500,East,0
CLM100307,59,4.4,25305.82,6128.86,5,58,Total Loss,Health,Accident,1,4,9,2500,East,0
CLM100308,42,12.7,45032.55,1949.0,12,53,Moderate,Auto,Natural,0,1,17,500,East,0
CLM100309,61,13.9,1488.85,736.98,12,20,Moderate,Auto,Natural,1,3,7,2500,North,0
CLM100310,29,2.9,1699.79,6892.28,4,42,Major,Health,Medical,1,1,15,1000,West,0
CLM100311,43,15.8,7335.68,1531.63,13,10,Moderate,Property,Theft,1,2,13,500,Central,0
CLM100312,54,0.9,2377.94,7170.59,11,66,Moderate,Life,Theft,1,4,8,2500,South,0
CLM100313,65,9.9,30255.22188383329,7352.06,4,70,Minor,Health,Medical,0,1,5,2000,East,1
CLM100314,50,7.0,49630.83021012969,3955.25,10,55,Major,Life,Accident,1,0,6,2500,South,1
CLM100315,45,14.9,13551.77,6550.86,3,50,Moderate,Property,Accident,1,4,8,1000,South,0
CLM100316,26,6.6,4280.4,3223.93,8,75,Total Loss,Property,Theft,1,2,6,2500,Central,0
CLM100317,29,16.6,16954.96,6936.98,11,60,Major,Property,Theft,1,0,8,1000,North,0
CLM100318,22,12.1,18320.81,6685.11,0,45,Major,Auto,Theft,0,4,6,1500,Central,0
CLM100319,71,16.0,41422.41,1088.89,5,42,Moderate,Life,Accident,1,3,11,500,North,0
CLM100320,69,19.8,3381.36,4869.51,6,26,Moderate,Life,Natural,1,4,16,1000,West,0
CLM100321,71,13.7,18681.21,5299.99,14,84,Minor,Health,Medical,1,0,19,2000,South,0
CLM100322,45,19.7,37358.96,506.43,11,88,Total Loss,Life,Medical,1,1,11,500,East,0
CLM100323,73,1.1,11444.21,7849.39,5,29,Minor,Auto,Fire,1,1,4,2500,South,0
CLM100324,52,7.1,18364.4218951337,3549.26,6,83,Minor,Health,Fire,1,4,17,2500,Central,1
CLM100325,22,2.6,3808.49,4380.07,11,9,Total Loss,Property,Natural,1,4,4,1000,North,0
CLM100326,51,5.6,31237.08,1961.03,3,2,Moderate,Life,Theft,0,2,4,2000,West,0
CLM100327,63,16.9,8519.23,5081.89,4,76,Minor,Auto,Natural,1,3,6,1000,West,0
CLM100328,51,1.1,39830.51,6579.65,8,59,Major,Auto,Fire,0,2,2,2000,North,0
CLM100329,30,10.6,29234.29,4894.19,4,26,Minor,Life,Fire,1,2,0,1000,North,0
CLM100330,56,11.6,8089.46,6410.26,9,81,Total Loss,Auto,Medical,0,1,5,1500,North,0
CLM100331,59,11.4,13796.72,5983.31,14,44,Minor,Property,Natural,0,1,6,1500,West,0
CLM100332,62,9.8,1413.25,2282.43,7,61,Minor,Life,Accident,1,0,7,1500,South,0
CLM100333,65,15.9,5582.02,3768.6,6,23,Major,Life,Fire,1,2,13,1000,South,0
CLM100334,31,3.1,19582.23,1614.7,3,45,Total Loss,Life,Medical,1,0,14,500,West,0
CLM100335,28,6.6,17993.91,814.52,9,77,Major,Health,Theft,1,4,6,2500,East,0
CLM100336,59,12.5,15559.463764044362,973.02,6,70,Moderate,Property,Natural,0,0,6,500,Central,1
CLM100337,55,14.0,25801.48,7568.75,6,62,Total Loss,Auto,Fire,1,1,0,2500,West,0
CLM100338,21,8.4,5034.59,7884.03,5,3,Minor,Life,Accident,1,2,8,2000,East,0
CLM100339,70,17.6,10278.13,1212.33,12,15,Major,Life,Fire,0,1,6,1500,Central,0
CLM100340,50,8.6,10594.97,3013.95,2,50,Major,Auto,Accident,1,4,19,1500,South,0
CLM100341,24,8.4,7251.31,1358.16,9,73,Total Loss,Property,Natural,0,3,6,2500,North,0
CLM100342,73,1.2,47405.5,6756.72,14,47,Major,Auto,Accident,1,2,17,1500,Central,0
CLM100343,58,11.2,18894.7,4222.23,2,64,Total Loss,Auto,Accident,1,1,13,500,North,0
CLM100344,25,14.3,12621.85,5159.46,1,68,Moderate,Life,Medical,1,3,14,1000,East,0
CLM100345,54,2.7,11716.02,4549.33,13,76,Total Loss,Health,Natural,1,4,17,1500,West,0
CLM100346,68,6.5,3602.74,5826.9,2,44,Total Loss,Health,Fire,0,3,9,1500,West,0
CLM100347,27,15.7,7982.69,2893.49,10,2,Moderate,Health,Theft,1,1,2,2000,North,0
CLM100348,60,7.6,17756.53,1531.2,9,16,Moderate,Health,Natural,1,1,10,1000,Central,0
CLM100349,74,5.2,39768.3,632.15,12,82,Minor,Health,Natural,0,4,0,2500,Central,0
CLM100350,32,13.6,26430.17,3842.7,0,36,Major,Life,Theft,1,4,1,1000,East,0
CLM100351,55,4.3,10236.625583657247,7308.76,16,18,Moderate,Health,Fire,1,3,15,1000,West,1
CLM100352,32,18.0,9536.27,2789.5,8,46,Moderate,Auto,Medical,0,3,2,2500,North,0
CLM100353,22,2.6,2298.37,1969.68,1,43,Major,Life,Fire,1,1,16,1000,South,0
CLM100354,46,14.3,2616.66,7445.32,11,87,Major,Auto,Theft,0,4,2,2000,West,0
CLM100355,36,10.2,10529.7,1290.86,12,32,Minor,Health,Fire,0,0,10,500,West,0
CLM100356,71,17.5,12332.34,888.51,2,20,Minor,Property,Natural,1,4,3,1000,East,0
CLM100357,68,3.0,5598.43,7095.6,4,66,Total Loss,Health,Medical,0,2,6,500,West,0
CLM100358,27,13.7,26031.505787165406,5756.82,15,89,Minor,Life,Accident,1,2,15,2000,East,1
CLM100359,29,11.7,19229.59,3665.51,11,31,Moderate,Auto,Fire,1,4,16,2000,East,0
CLM100360,71,9.9,6331.2,6142.58,3,23,Moderate,Property,Accident,1,3,10,1000,South,0
CLM100361,21,10.1,22308.61,6060.8,12,34,Major,Property,Medical,1,2,3,1500,Central,0
CLM100362,48,14.6,4452.62,800.45,4,17,Minor,Property,Accident,0,1,2,1000,West,0
CLM100363,35,18.8,12787.21,5571.85,5,66,Total Loss,Auto,Fire,1,1,15,500,East,0
CLM100364,33,2.3,43995.97519641114,5306.54,11,66,Total Loss,Life,Theft,1,1,1,2000,East,1
CLM100365,57,0.9,12550.72,7728.34,9,25,Total Loss,Property,Natural,1,4,4,500,Central,0
CLM100366,53,16.2,58362.76761208976,7749.67,7,86,Total Loss,Auto,Natural,1,2,17,500,Central,1
CLM100367,42,2.6,4384.901048081442,3333.49,9,90,Major,Auto,Accident,1,3,2,2500,East,1
CLM100368,40,19.7,14312.41,4923.81,8,64,Minor,Health,Natural,0,1,1,2000,West,0
CLM100369,29,12.6,13374.67,1560.18,2,50,Minor,Auto,Natural,0,3,1,2000,West,0
CLM100370,51,13.2,17197.74,998.42,14,59,Minor,Life,Theft,0,1,1,500,West,0
CLM100371,53,4.4,27883.01,3745.85,1,58,Minor,Life,Accident,1,4,15,2000,Central,0
CLM100372,54,5.2,20411.37,5674.12,5,75,Total Loss,Property,Theft,0,1,0,1000,West,0
CLM100373,20,13.4,24429.93,4758.21,11,16,Total Loss,Auto,Theft,1,4,18,2500,West,0
CLM100374,26,18.2,6112.38,3722.43,13,84,Major,Auto,Medical,1,2,18,1000,West,0
CLM100375,70,19.7,8353.03,6635.84,2,20,Major,Health,Accident,1,2,8,1500,Central,0
CLM100376,35,4.4,33230.439179930516,6458.21,6,84,Total Loss,Health,Theft,0,3,19,1500,North,1
CLM100377,60,3.1,13093.44,5989.57,5,27,Moderate,Auto,Fire,1,1,8,500,North,0
CLM100378,52,1.6,76513.31771062761,1077.74,14,90,Minor,Auto,Natural,1,2,10,1500,West,1
CLM100379,74,17.4,4102.31,6473.52,12,43,Major,Auto,Accident,1,0,0,1000,North,0
CLM100380,72,6.2,7491.27,7395.66,11,69,Total Loss,Health,Medical,1,0,18,1500,West,0
CLM100381,51,0.5,13755.97,945.82,5,61,Minor,Health,Theft,0,3,16,500,Central,0
CLM100382,58,4.9,31370.18,3512.54,11,41,Minor,Life,Fire,0,2,5,2000,West,0
CLM100383,31,7.1,62463.142972622,7912.67,3,32,Total Loss,Property,Natural,1,4,0,2500,South,1
CLM100384,21,19.8,7142.92,4994.29,12,37,Moderate,Property,Natural,1,0,17,500,East,0
CLM100385,46,10.7,4664.996764043196,4351.83,14,48,Moderate,Property,Fire,0,2,8,500,Central,1
CLM100386,58,4.5,9212.85,1830.85,2,25,Major,Property,Accident,1,4,0,500,South,0
CLM100387,62,7.0,8521.65,4741.15,12,39,Total Loss,Health,Natural,0,1,3,1000,South,0
CLM100388,67,6.9,65561.62,3792.82,8,53,Major,Health,Natural,1,2,17,2000,East,0
CLM100389,32,0.9,21981.312476542706,1455.82,3,31,Moderate,Auto,Natural,0,1,16,500,South,1
CLM100390,45,3.1,10071.930103560033,3982.49,8,40,Major,Life,Theft,1,0,19,2000,East,1
CLM100391,59,14.1,7820.87,1732.99,8,41,Major,Life,Theft,0,1,18,500,West,0
CLM100392,33,2.8,8585.74,5979.98,3,40,Moderate,Property,Natural,1,0,13,1000,Central,0
CLM100393,29,5.0,26850.89,7802.36,14,49,Minor,Auto,Medical,1,3,6,500,Central,0
CLM100394,69,7.3,2267.28,4021.83,0,2,Minor,Auto,Natural,0,3,8,1500,Central,0
CLM100395,22,15.3,16803.616976949263,5242.76,16,45,Moderate,Health,Accident,1,0,19,1000,East,1
CLM100396,51,11.9,87584.8068904647,3732.32,19,90,Minor,Auto,Medical,1,4,8,500,East,1
CLM100397,59,13.9,3492.63,1538.4,1,14,Total Loss,Life,Accident,0,3,14,500,South,0
CLM100398,18,11.6,21356.94,7779.16,14,53,Minor,Life,Fire,1,4,10,500,Central,0
CLM100399,56,13.8,7610.02,1471.84,2,52,Moderate,Auto,Fire,1,4,6,1500,South,0
CLM100400,49,0.6,14076.41,1337.2,8,44,Total Loss,Health,Theft,1,4,5,1500,West,0
CLM100401,43,18.7,5767.820586024988,3943.8,19,54,Major,Life,Theft,1,2,8,500,South,1
CLM100402,34,2.7,6488.15,5441.65,8,77,Moderate,Health,Theft,1,2,3,1500,Central,0
CLM100403,65,8.4,19855.994715021643,3161.92,12,90,Moderate,Health,Fire,0,4,16,500,East,1
CLM100404,44,15.5,4953.64,1943.88,14,49,Minor,Life,Accident,1,0,5,1500,South,0
CLM100405,41,9.0,19808.19770704467,6642.23,12,36,Total Loss,Health,Medical,0,3,16,2000,South,1
CLM100406,52,19.0,4722.29,3223.27,13,16,Moderate,Property,Theft,0,1,13,500,East,0
CLM100407,63,9.6,16751.64,1957.41,10,17,Total Loss,Property,Fire,1,2,4,500,East,0
CLM100408,59,17.6,65843.37833167342,3238.14,9,75,Total Loss,Property,Theft,0,2,17,2500,Central,1
CLM100409,71,16.3,2340.48,2109.16,2,16,Minor,Auto,Natural,1,1,7,2500,West,0
CLM100410,56,19.6,4661.98,4395.86,4,15,Moderate,Life,Medical,1,4,9,1000,Central,0
CLM100411,43,18.6,63490.968378914404,5512.17,21,90,Total Loss,Property,Accident,1,1,10,2000,South,1
CLM100412,66,18.0,41793.3962434972,6496.68,15,90,Total Loss,Health,Theft,1,4,2,2000,Central,1
CLM100413,55,14.8,2229.69,2206.72,3,51,Major,Property,Natural,1,2,1,1000,Central,0
CLM100414,40,7.7,10993.2,1752.16,9,35,Minor,Health,Natural,0,1,13,2500,East,0
CLM100415,39,2.6,4531.25,647.03,9,38,Moderate,Life,Medical,0,0,3,1000,West,0
CLM100416,21,13.9,4330.22,2210.66,11,80,Total Loss,Property,Fire,1,3,16,2500,West,0
CLM100417,66,19.6,43363.37,679.29,8,24,Minor,Life,Fire,1,3,16,500,Central,0
CLM100418,26,14.7,22503.4,3091.06,8,41,Moderate,Property,Theft,0,3,8,1000,East,0
CLM100419,21,18.6,18872.3,1592.7,0,20,Total Loss,Health,Theft,1,1,8,1500,East,0
CLM100420,24,16.2,5095.43,4849.22,7,67,Moderate,Health,Fire,0,4,2,2500,South,0
CLM100421,40,3.7,2893.2,3377.95,14,88,Moderate,Auto,Accident,1,2,3,500,North,0
CLM100422,19,5.4,31699.69,1201.89,8,58,Minor,Auto,Accident,0,3,1,1500,South,0
CLM100423,66,7.2,1088.45,3499.0,4,29,Minor,Auto,Natural,0,1,13,1500,South,0
CLM100424,41,3.8,8367.71,2070.11,3,56,Major,Property,Medical,1,3,19,2000,South,0
CLM100425,57,11.8,5877.9,5601.33,9,32,Major,Life,Accident,1,4,7,2500,North,0
CLM100426,72,19.5,13672.68,3233.27,3,89,Major,Property,Theft,1,0,17,500,East,0
CLM100427,48,15.3,10109.402499902732,1602.73,7,90,Total Loss,Health,Accident,1,0,3,2500,East,1
CLM100428,64,8.8,6592.18,3122.01,8,52,Major,Life,Medical,0,2,7,500,West,0
CLM100429,48,0.6,29460.79,2182.84,4,15,Moderate,Health,Theft,1,0,6,2500,West,0
CLM100430,64,6.6,14864.42,6468.34,10,48,Minor,Auto,Medical,1,0,14,1500,Central,0
CLM100431,57,10.8,3361.79,7875.26,2,87,Moderate,Health,Fire,1,1,14,2000,Central,0
CLM100432,65,6.8,20445.24,691.19,5,4,Minor,Property,Medical,0,1,1,1000,Central,0
CLM100433,68,2.7,4487.67,5675.15,8,76,Minor,Health,Medical,1,2,3,2500,West,0
CLM100434,60,9.1,9511.07,2479.68,8,59,Moderate,Health,Medical,1,2,8,1500,West,0
CLM100435,51,5.4,16602.63,998.06,11,70,Moderate,Health,Theft,0,1,6,1000,South,0
CLM100436,72,18.2,5760.36,607.63,12,80,Total Loss,Life,Medical,1,0,17,1000,East,0
CLM100437,41,2.5,20903.807036793445,7107.57,10,78,Minor,Health,Medical,0,4,11,1000,West,1
CLM100438,66,1.5,20872.32,3152.05,7,34,Major,Health,Natural,0,0,13,1500,North,0
CLM100439,43,0.6,42687.79,7959.08,3,68,Total Loss,Auto,Theft,1,0,6,500,South,0
CLM100440,33,6.9,12301.26,3817.83,4,41,Major,Auto,Medical,1,4,5,1000,North,0
CLM100441,74,13.4,3214.040586673057,1906.98,8,82,Total Loss,Property,Accident,1,2,18,2000,North,1
CLM100442,64,14.7,7197.86,6328.58,6,23,Minor,Auto,Medical,1,1,18,500,East,0
CLM100443,30,9.3,8628.28,7448.69,12,70,Moderate,Health,Accident,1,2,14,1500,North,0
CLM100444,32,13.8,13740.189454473802,6617.16,10,90,Moderate,Auto,Fire,1,2,18,1000,North,1
CLM100445,44,7.5,21914.734717452327,6088.99,11,90,Minor,Life,Fire,1,2,11,1500,North,1
CLM100446,21,13.5,33873.52578115404,3010.25,17,39,Moderate,Property,Theft,1,1,1,1500,North,1
CLM100447,33,1.3,2936.74,983.68,4,54,Minor,Auto,Theft,0,2,10,1000,South,0
CLM100448,47,8.1,5774.81,2009.75,14,14,Minor,Property,Fire,1,2,12,1500,South,0
CLM100449,61,15.9,11628.42,3851.08,0,4,Minor,Property,Theft,0,3,3,2000,East,0
CLM100450,47,16.2,6687.61,7671.5,10,3,Total Loss,Property,Accident,0,0,0,2000,East,0
CLM100451,53,14.5,71800.87,5921.41,8,29,Moderate,Life,Accident,0,3,1,2500,North,0
CLM100452,20,4.5,9469.5,6712.12,8,83,Total Loss,Health,Natural,1,1,13,1000,Central,0
CLM100453,39,5.3,48671.33116980264,2579.7,17,80,Major,Life,Theft,1,4,17,1000,North,1
CLM100454,66,19.9,35024.18,5628.67,6,89,Minor,Property,Theft,1,4,10,1000,North,0
CLM100455,39,2.5,28118.97,6968.29,11,72,Moderate,Auto,Natural,0,3,10,2500,East,0
CLM100456,67,4.0,1720.5,4095.59,5,29,Major,Auto,Medical,1,3,18,2000,West,0
CLM100457,74,3.0,45274.79,3724.19,12,85,Minor,Life,Accident,1,3,16,2000,East,0
CLM100458,67,6.9,3067.27,5895.53,12,83,Major,Auto,Medical,0,0,16,1000,South,0
CLM100459,72,4.6,1525.14,4699.34,4,60,Total Loss,Property,Natural,1,1,1,1500,East,0
CLM100460,66,10.2,9026.0,7948.78,4,70,Total Loss,Property,Theft,1,2,1,500,West,0
CLM100461,29,9.8,4246.88,3688.27,14,67,Moderate,Health,Medical,1,3,12,500,North,0
CLM100462,72,18.1,4053.73,1819.57,2,54,Major,Property,Theft,1,0,5,1000,West,0
CLM100463,38,1.2,6091.36,4039.51,9,70,Major,Auto,Natural,0,4,14,1000,East,0
CLM100464,73,6.7,11030.693249311667,2264.04,2,90,Total Loss,Health,Fire,1,4,10,2000,Central,1
CLM100465,21,12.1,18318.0,4709.4,5,41,Total Loss,Auto,Theft,0,4,3,2000,South,0
CLM100466,48,12.3,4101.25,1443.48,7,76,Moderate,Life,Medical,1,3,18,1500,West,0
CLM100467,61,9.9,26338.874588592033,7624.82,19,66,Minor,Health,Medical,1,4,13,2000,East,1
CLM100468,48,16.4,65494.59,6948.67,1,34,Moderate,Property,Natural,0,4,17,500,North,0
CLM100469,40,1.7,23098.915848044187,1666.74,9,78,Total Loss,Health,Medical,0,4,16,500,East,1
CLM100470,71,16.4,16403.02,1792.95,7,73,Moderate,Property,Accident,0,2,7,2000,North,0
CLM100471,70,10.1,149186.05054017145,4343.29,16,90,Minor,Property,Theft,1,4,12,500,Central,1
CLM100472,37,3.1,3221.22,6296.61,7,28,Total Loss,Auto,Accident,0,0,14,500,South,0
CLM100473,32,17.8,22908.60372980346,2143.1,11,90,Minor,Property,Natural,0,3,10,500,West,1
CLM100474,40,13.2,29476.05,957.29,14,2,Moderate,Property,Accident,0,2,15,500,East,0
CLM100475,45,3.7,84151.61597805683,4591.51,5,70,Minor,Property,Accident,1,2,17,2500,East,1
CLM100476,33,1.2,14790.78,5686.98,9,65,Total Loss,Auto,Theft,1,3,11,1000,West,0
CLM100477,54,3.3,3322.12,2332.74,7,21,Total Loss,Property,Theft,1,4,11,1500,North,0
CLM100478,38,12.4,77719.91489253484,6048.26,13,46,Minor,Life,Fire,1,4,5,2500,South,1
CLM100479,32,4.0,3875.52,7629.83,14,21,Moderate,Auto,Accident,1,1,5,1500,Central,0
CLM100480,34,4.9,7528.3,1528.06,11,73,Moderate,Life,Theft,1,4,3,2500,West,0
CLM100481,67,1.0,8062.25,4332.72,11,48,Moderate,Health,Accident,0,0,0,2500,South,0
CLM100482,54,14.6,9893.87,926.31,13,82,Moderate,Auto,Accident,1,4,16,1500,East,0
CLM100483,30,16.3,24421.56,2049.96,3,23,Major,Life,Natural,1,3,3,1000,South,0
CLM100484,36,16.0,25303.27,1173.65,2,26,Major,Auto,Natural,1,4,16,2000,Central,0
CLM100485,47,3.0,56829.957732318035,3530.05,15,48,Minor,Property,Accident,1,3,4,2500,South,1
CLM100486,62,18.1,1335.66,6656.24,8,16,Major,Auto,Natural,1,2,8,1000,East,0
CLM100487,35,13.6,13480.8,4828.48,7,55,Major,Health,Theft,1,1,5,2000,Central,0
CLM100488,31,18.0,53213.66405931939,2169.39,11,32,Major,Life,Accident,1,2,11,1500,Central,1
CLM100489,53,9.2,20475.864464606115,800.83,18,66,Minor,Auto,Natural,1,3,16,2500,Central,1
CLM100490,53,9.0,44488.9,4650.49,12,80,Major,Property,Theft,1,1,9,2000,East,0
CLM100491,37,15.8,27042.93,1495.98,1,73,Moderate,Life,Accident,1,2,1,1000,North,0
CLM100492,69,2.3,16248.09,3070.51,12,73,Moderate,Life,Accident,1,4,0,2000,East,0
CLM100493,36,10.7,1966.88,4326.44,12,37,Minor,Life,Natural,1,4,12,1500,North,0
CLM100494,62,16.8,16848.22,7277.99,14,80,Minor,Health,Theft,0,1,0,2000,North,0
CLM100495,61,16.7,37384.79,1113.67,12,89,Minor,Property,Accident,1,2,12,500,East,0
CLM100496,24,19.1,8157.12,5514.56,13,89,Total Loss,Property,Accident,1,0,2,2500,South,0
CLM100497,74,14.1,28314.66,605.61,7,3,Major,Life,Fire,1,0,10,1000,East,0
CLM100498,61,4.6,15925.229343714893,5224.31,17,62,Minor,Auto,Accident,1,0,15,1000,Central,1
CLM100499,70,0.9,33700.139247489686,4636.49,17,71,Minor,Life,Fire,1,2,17,2500,South,1
CLM100500,21,9.8,16679.96,6589.0,2,20,Minor,Property,Fire,1,2,1,2500,West,0
CLM100501,51,10.5,17997.82,4487.47,9,35,Moderate,Health,Theft,0,2,17,500,West,0
CLM100502,19,5.2,33126.05,3144.62,11,45,Minor,Health,Medical,1,3,16,500,West,0
CLM100503,22,2.9,11141.05603273012,2320.63,16,86,Moderate,Life,Fire,0,0,0,1000,Central,1
CLM100504,72,11.9,5564.69,1139.37,5,43,Moderate,Health,Theft,1,0,3,2000,Central,0
CLM100505,27,15.4,19263.01,4509.6,4,63,Total Loss,Health,Natural,1,0,19,2500,North,0
CLM100506,49,19.9,10983.884492483547,7162.41,12,45,Minor,Auto,Fire,1,3,5,500,Central,1
CLM100507,59,15.3,28174.85013194058,4360.58,13,90,Total Loss,Health,Medical,1,3,4,500,North,1
CLM100508,58,16.0,2980.7643433335247,6043.27,17,33,Minor,Auto,Natural,0,2,19,500,West,1
CLM100509,30,12.5,3279.43,2738.26,6,12,Major,Life,Fire,1,0,8,2000,East,0
CLM100510,56,19.7,18037.54,3860.98,5,24,Minor,Property,Fire,0,0,3,1000,East,0
CLM100511,22,13.0,21642.88,2934.52,5,4,Minor,Property,Medical,1,4,4,1000,Central,0
CLM100512,27,17.3,8336.477247065961,1319.5,5,74,Minor,Auto,Accident,1,4,7,500,West,1
CLM100513,27,18.9,14285.583799332882,3627.41,10,63,Minor,Property,Medical,1,4,16,2000,West,1
CLM100514,55,18.6,2562.16,6232.15,13,56,Minor,Life,Theft,0,3,14,2000,North,0
CLM100515,44,7.9,9521.87,3462.31,7,45,Minor,Property,Theft,1,2,19,1000,North,0
CLM100516,68,2.0,3022.12,5376.34,5,32,Total Loss,Health,Medical,1,1,12,2500,West,0
CLM100517,38,3.9,28385.09622663604,6189.62,18,90,Major,Life,Medical,1,0,14,500,Central,1
CLM100518,25,1.7,38001.12482411887,2920.52,3,43,Total Loss,Life,Medical,0,4,3,2000,Central,1
CLM100519,18,2.6,18251.2,6481.36,14,57,Major,Property,Medical,0,0,17,2500,West,0
CLM100520,45,4.1,5937.16,3041.94,14,24,Total Loss,Property,Medical,1,0,18,1500,East,0
CLM100521,66,7.2,17801.95,2420.8,4,73,Total Loss,Auto,Fire,0,0,7,500,East,0
CLM100522,56,11.1,66875.2029973652,2168.35,16,59,Minor,Health,Natural,1,2,13,1500,North,1
CLM100523,31,14.4,17983.42670336881,1999.28,16,33,Total Loss,Property,Theft,1,0,0,1000,West,1
CLM100524,38,4.6,18106.9722198957,6028.43,18,90,Major,Property,Theft,1,2,1,1000,East,1
CLM100525,47,13.6,13709.82,7156.32,4,27,Moderate,Auto,Natural,0,1,19,1000,Central,0
CLM100526,38,14.2,5225.54,2229.86,11,75,Major,Property,Medical,0,1,2,2000,South,0
CLM100527,66,11.4,16815.15,1139.3,2,43,Total Loss,Health,Natural,1,3,15,2000,South,0
CLM100528,26,18.1,27780.26,2853.25,7,57,Moderate,Health,Medical,1,0,2,2500,West,0
CLM100529,34,2.7,20043.852800567704,5433.85,16,47,Minor,Life,Theft,0,4,5,1500,North,1
CLM100530,22,4.0,41675.17737208223,3263.9,12,72,Moderate,Life,Accident,1,3,7,1000,South,1
CLM100531,74,8.9,41596.200128168886,4618.82,11,59,Minor,Health,Theft,1,3,11,1000,Central,1
CLM100532,48,3.0,3493.393029921641,6082.29,8,71,Major,Auto,Theft,1,1,4,2000,Central,1
CLM100533,69,11.5,4039.39,3563.59,1,60,Moderate,Life,Accident,0,4,4,2000,Central,0
CLM100534,57,8.3,34598.38,7997.71,9,49,Moderate,Health,Natural,1,0,2,2000,South,0
CLM100535,55,6.0,99247.09353933517,2734.62,6,36,Moderate,Health,Fire,1,0,3,500,East,1
CLM100536,60,3.8,38290.76501310469,7836.86,11,52,Minor,Life,Medical,1,1,4,1500,Central,1
CLM100537,36,7.0,39121.8,2022.72,11,2,Minor,Health,Medical,1,2,2,1500,North,0
CLM100538,53,12.4,6482.46,1331.99,7,89,Major,Health,Theft,0,1,9,500,West,0
CLM100539,67,11.7,5269.52,6131.23,1,38,Major,Health,Accident,0,4,18,1000,West,0
CLM100540,50,3.7,24751.59626545066,5767.32,10,76,Total Loss,Health,Theft,1,2,7,2500,West,1
CLM100541,30,2.9,1853.98,6583.77,12,34,Minor,Life,Theft,0,4,5,2500,East,0
CLM100542,31,1.0,25900.84,3076.93,11,52,Major,Auto,Natural,1,0,6,1000,West,0
CLM100543,73,0.7,63192.92,7481.06,13,45,Moderate,Health,Medical,1,2,5,2500,West,0
CLM100544,50,17.7,27061.57,1396.11,8,67,Moderate,Property,Fire,0,4,12,2000,South,0
CLM100545,46,1.4,13144.38,727.08,14,82,Moderate,Auto,Accident,1,0,12,1500,East,0
CLM100546,60,14.8,6249.36,2754.23,13,21,Major,Property,Fire,1,4,4,2000,East,0
CLM100547,66,17.5,4304.05,6479.93,3,59,Moderate,Property,Accident,1,2,5,2500,South,0
CLM100548,53,2.4,7789.83,5547.37,3,5,Moderate,Health,Medical,1,0,9,2500,North,0
CLM100549,61,9.0,17492.82,3771.57,3,51,Minor,Life,Natural,1,4,19,1500,West,0
CLM100550,27,19.3,9887.63,2421.9,10,72,Minor,Property,Fire,0,3,9,2000,North,0
CLM100551,48,16.8,86412.18171216687,944.55,6,90,Major,Property,Accident,1,2,15,1500,South,1
CLM100552,23,10.0,29884.88,3031.29,7,85,Minor,Property,Theft,1,2,17,2500,South,0
CLM100553,74,15.4,2620.47,3950.15,1,72,Total Loss,Health,Medical,0,2,2,1500,South,0
CLM100554,18,16.8,5631.900812114934,5652.68,12,64,Major,Health,Natural,0,0,0,1500,South,1
CLM100555,24,7.3,17916.25,5344.79,4,42,Total Loss,Life,Theft,1,2,2,2500,Central,0
CLM100556,44,17.9,4935.45,7605.09,13,73,Total Loss,Health,Natural,1,4,18,1500,South,0
CLM100557,38,9.7,24483.46,1252.97,1,33,Major,Auto,Accident,0,3,0,2000,North,0
CLM100558,45,10.8,14423.74,3022.55,14,30,Minor,Life,Theft,0,4,7,2500,South,0
CLM100559,33,20.0,4917.17,4111.84,10,85,Minor,Health,Natural,0,4,18,1500,North,0
CLM100560,73,16.9,10771.06,5530.22,10,45,Major,Health,Medical,1,2,3,1000,South,0
CLM100561,63,7.6,8815.07,4215.89,7,3,Total Loss,Property,Fire,1,3,15,2000,South,0
CLM100562,40,0.7,31972.36,7345.69,0,1,Major,Health,Fire,1,3,4,2000,Central,0
CLM100563,69,12.7,1490.37,5065.04,14,4,Major,Property,Theft,1,3,4,2000,South,0
CLM100564,37,14.2,34927.97,797.49,6,45,Moderate,Health,Medical,1,3,1,500,West,0
CLM100565,55,13.2,16836.86,1352.42,2,78,Moderate,Health,Medical,1,1,5,2500,Central,0
CLM100566,71,19.4,21064.75,6151.22,3,18,Total Loss,Health,Natural,1,3,6,500,Central,0
CLM100567,42,17.3,1039.16,5868.41,13,37,Minor,Health,Theft,0,2,14,1500,West,0
CLM100568,45,9.3,35170.890611902774,1651.23,21,81,Moderate,Health,Medical,1,3,9,2500,Central,1
CLM100569,22,1.7,14318.69,941.81,7,78,Moderate,Life,Natural,0,4,9,2000,South,0
CLM100570,73,9.8,12557.08,4840.38,2,71,Total Loss,Health,Medical,1,1,18,2000,West,0
CLM100571,38,13.9,24117.36,5268.04,11,19,Major,Health,Theft,0,4,15,2000,South,0
CLM100572,35,12.4,13174.61,1514.75,12,75,Moderate,Property,Medical,1,2,8,2000,Central,0
CLM100573,64,11.0,30183.86,4052.14,12,67,Minor,Auto,Medical,1,2,7,1500,East,0
CLM100574,23,9.6,9825.2849542117,2793.74,10,67,Total Loss,Auto,Medical,0,3,18,1000,West,1
CLM100575,74,6.2,53428.48344342029,7484.79,18,74,Moderate,Life,Fire,0,2,0,2500,North,1
CLM100576,46,5.9,3964.2,2144.0,0,38,Total Loss,Health,Accident,1,1,16,1000,Central,0
CLM100577,36,10.3,61324.92585844667,5999.46,13,51,Moderate,Auto,Theft,1,4,17,2500,East,1
CLM100578,50,3.6,43317.49,4386.0,12,57,Moderate,Property,Fire,1,2,14,2000,Central,0
CLM100579,18,7.1,7135.19,586.41,5,14,Total Loss,Property,Accident,1,2,5,500,South,0
CLM100580,62,6.8,12321.71,4377.49,2,0,Minor,Life,Medical,1,1,16,1500,South,0
CLM100581,20,11.9,32808.3422883644,1246.04,12,25,Minor,Property,Medical,1,0,17,2500,South,1
CLM100582,59,1.8,2242.11,5442.97,14,22,Major,Auto,Fire,1,0,18,2000,East,0
CLM100583,38,16.7,11220.67,4741.43,12,51,Moderate,Auto,Natural,0,1,1,500,South,0
CLM100584,52,11.5,7708.02,578.2,4,25,Major,Auto,Theft,1,2,6,2000,Central,0
CLM100585,58,13.6,31889.36,2035.2,7,59,Total Loss,Health,Accident,0,1,16,1500,Central,0
CLM100586,57,14.2,32394.53,6321.69,7,17,Major,Property,Medical,1,1,14,500,Central,0
CLM100587,20,6.2,19098.62,2568.29,11,77,Total Loss,Property,Theft,1,0,15,2500,West,0
CLM100588,42,9.7,16994.69,4244.63,8,57,Minor,Health,Medical,1,3,16,2500,Central,0
CLM100589,62,19.1,20846.33,2839.99,5,64,Total Loss,Auto,Medical,1,2,2,2500,South,0
CLM100590,55,15.5,7835.28,7411.45,3,76,Total Loss,Property,Medical,1,4,9,2500,West,0
CLM100591,62,19.4,8775.79,4524.33,12,78,Major,Auto,Theft,0,1,5,500,West,0
CLM100592,72,15.1,13101.62,5721.3,1,68,Moderate,Health,Fire,1,0,1,1500,West,0
CLM100593,37,3.9,42716.12,1126.07,2,13,Major,Auto,Theft,0,3,10,500,West,0
CLM100594,69,1.8,50770.10782537719,802.52,8,90,Minor,Life,Theft,1,2,7,2500,East,1
CLM100595,61,11.8,13010.63,2444.21,7,45,Minor,Health,Natural,1,1,13,1500,Central,0
CLM100596,62,7.5,23072.1,2818.51,11,68,Minor,Auto,Natural,1,0,11,1000,East,0
CLM100597,51,5.9,7951.74,5657.6,9,74,Moderate,Health,Fire,0,1,19,1000,North,0
CLM100598,38,16.2,20665.95,4768.48,1,31,Major,Property,Natural,1,4,6,500,East,0
CLM100599,73,7.7,8931.69,3309.35,4,50,Total Loss,Life,Fire,0,2,17,2500,West,0
CLM100600,72,6.7,5920.51,5405.88,13,68,Total Loss,Health,Medical,0,2,4,1000,Central,0
CLM100601,65,17.1,15113.52,1726.74,8,14,Moderate,Auto,Medical,0,2,5,1000,Central,0
CLM100602,40,17.0,18417.41,976.17,1,52,Minor,Property,Theft,0,2,12,2000,South,0
CLM100603,23,7.4,10223.18,6908.79,14,70,Moderate,Auto,Medical,0,0,1,2000,East,0
CLM100604,68,16.7,13503.42,4729.6,7,68,Total Loss,Auto,Natural,0,4,18,1500,Central,0
CLM100605,70,17.1,18765.79,5368.21,2,14,Minor,Health,Accident,0,1,7,1500,North,0
CLM100606,30,8.8,22896.53,2804.32,7,29,Moderate,Health,Theft,1,0,10,2500,North,0
CLM100607,66,1.8,34888.79,3289.66,3,77,Total Loss,Auto,Fire,1,3,15,1000,East,0
CLM100608,40,0.5,7566.98,1117.76,3,23,Total Loss,Health,Medical,1,2,0,500,South,0
CLM100609,26,10.7,46385.84,6927.41,11,87,Moderate,Auto,Theft,1,2,15,500,North,0
CLM100610,34,7.2,16211.85,4943.3,6,34,Total Loss,Health,Theft,0,1,11,2000,South,0
CLM100611,19,19.9,24246.46,1127.21,4,68,Major,Life,Theft,1,2,16,1500,East,0
CLM100612,36,15.6,19048.05,6533.97,3,11,Major,Health,Medical,0,2,8,2500,Central,0
CLM100613,36,15.3,4451.99,3830.87,6,83,Minor,Auto,Fire,1,1,5,2000,South,0
CLM100614,73,19.1,4535.259205833529,6238.26,17,77,Major,Property,Theft,1,4,6,2000,North,1
CLM100615,24,17.8,33231.93538617881,594.65,5,90,Major,Health,Theft,1,0,12,2500,South,1
CLM100616,71,6.7,11732.51,715.55,14,35,Moderate,Life,Theft,1,4,16,2500,Central,0
CLM100617,59,3.7,19170.67,1780.87,8,84,Minor,Life,Medical,1,1,9,1000,Central,0
CLM100618,59,15.0,30336.292592222493,2081.87,16,61,Moderate,Life,Natural,0,2,10,2500,North,1
CLM100619,37,7.9,6614.61,6229.67,12,66,Moderate,Life,Fire,1,2,13,2500,South,0
CLM100620,26,9.7,6032.47,5800.21,4,53,Major,Auto,Theft,1,4,16,2000,South,0
CLM100621,34,12.8,20669.59,5120.66,11,88,Major,Life,Theft,1,3,15,2000,West,0
CLM100622,44,18.2,5860.63,7136.44,2,35,Total Loss,Property,Theft,1,0,4,500,North,0
CLM100623,64,8.7,19811.99,2353.62,1,51,Total Loss,Health,Medical,1,2,17,500,South,0
CLM100624,19,15.8,8266.65,7283.04,6,21,Minor,Life,Natural,1,1,10,500,East,0
CLM100625,53,5.7,23103.85,7321.03,11,37,Major,Health,Theft,1,4,9,2500,West,0
CLM100626,36,14.1,3311.43,3756.95,6,61,Total Loss,Auto,Theft,1,0,5,1000,North,0
CLM100627,34,0.5,4440.82,1207.9,11,64,Moderate,Health,Medical,1,3,9,2000,Central,0
CLM100628,22,17.5,18371.21,5949.2,12,2,Major,Auto,Fire,1,2,10,1500,North,0
CLM100629,56,1.1,13322.59,3026.97,4,87,Minor,Auto,Fire,1,4,0,1000,East,0
CLM100630,35,14.4,4420.05,6461.97,3,7,Minor,Health,Natural,1,2,4,1500,East,0
CLM100631,70,1.4,79710.03974412307,1727.68,18,73,Moderate,Life,Fire,0,4,1,2500,Central,1
CLM100632,71,5.7,5843.3,4546.36,10,17,Total Loss,Property,Theft,0,3,10,1500,Central,0
CLM100633,24,10.2,9198.64,4310.55,1,2,Moderate,Health,Medical,1,1,13,500,Central,0
CLM100634,34,8.7,4390.11,1252.36,1,17,Total Loss,Property,Theft,1,1,12,2000,West,0
CLM100635,56,4.2,8366.02,3225.0,6,79,Major,Health,Theft,0,0,10,1000,East,0
CLM100636,53,7.0,11148.68,1135.66,9,0,Minor,Property,Natural,1,2,5,500,Central,0
CLM100637,57,14.7,6248.62,3985.55,6,25,Total Loss,Health,Fire,1,2,1,2000,East,0
CLM100638,62,13.6,22986.15,6821.78,3,51,Moderate,Property,Fire,0,2,18,500,West,0
CLM100639,21,1.9,8511.47,2526.54,13,11,Major,Property,Fire,1,1,8,1000,West,0
CLM100640,55,15.1,20612.8,6236.46,3,37,Total Loss,Health,Theft,1,0,17,2500,East,0
CLM100641,42,1.5,4480.35,1875.71,3,84,Major,Health,Medical,1,1,13,1500,Central,0
CLM100642,22,11.1,8098.99,5553.01,10,40,Major,Auto,Medical,1,4,12,2500,North,0
CLM100643,47,5.6,1121.36,7366.53,1,52,Moderate,Property,Theft,0,2,11,1500,South,0
CLM100644,29,12.0,22321.84,2929.46,12,12,Moderate,Health,Accident,1,4,11,1500,East,0
CLM100645,21,5.6,45423.35918544254,7253.09,16,90,Major,Life,Theft,1,3,12,1000,West,1
CLM100646,41,19.7,26541.67,4290.66,8,12,Major,Life,Fire,1,4,6,1000,Central,0
CLM100647,46,6.5,10121.36,2876.04,0,17,Total Loss,Auto,Theft,0,4,15,2500,South,0
CLM100648,26,5.2,25122.13,7223.81,14,18,Moderate,Life,Accident,1,4,16,2000,East,0
CLM100649,21,5.9,16644.08,740.28,7,18,Total Loss,Health,Theft,1,1,8,2000,North,0
CLM100650,68,18.0,1054.29,710.14,5,69,Minor,Property,Fire,1,4,13,2500,North,0
CLM100651,41,12.9,5389.3,4998.72,14,47,Total Loss,Health,Natural,0,2,8,1500,West,0
CLM100652,31,14.7,11215.06,6475.63,12,70,Major,Life,Medical,0,0,5,1000,West,0
CLM100653,22,18.4,15462.03,6136.6,9,70,Minor,Life,Accident,0,3,0,2500,West,0
CLM100654,35,18.3,2017.61,1096.02,6,27,Total Loss,Health,Natural,1,2,19,2000,East,0
CLM100655,59,14.9,19315.76,7626.88,11,18,Minor,Auto,Medical,0,0,0,1500,North,0
CLM100656,74,4.4,12763.68,5772.98,4,79,Moderate,Health,Natural,1,2,18,2000,North,0
CLM100657,36,16.9,12191.24,7618.34,5,80,Total Loss,Auto,Theft,0,4,14,1500,West,0
CLM100658,29,4.5,6180.63,2968.23,5,85,Total Loss,Life,Theft,1,3,16,2000,West,0
CLM100659,35,15.0,14551.47,5704.54,12,82,Moderate,Property,Medical,1,2,19,500,Central,0
CLM100660,34,13.9,1418.17,6949.54,8,47,Total Loss,Property,Medical,1,3,7,1500,North,0
CLM100661,47,15.3,4148.8021196971695,3353.48,11,52,Minor,Health,Theft,1,1,2,1500,West,1
CLM100662,41,10.9,20856.56,7736.45,12,47,Moderate,Auto,Theft,1,1,11,1500,West,0
CLM100663,28,13.0,6826.72,2487.45,3,18,Minor,Life,Medical,0,4,14,500,West,0
CLM100664,52,19.1,7391.92,2867.1,11,46,Total Loss,Property,Medical,0,4,17,500,Central,0
CLM100665,40,2.5,4505.21,7402.46,10,88,Total Loss,Health,Medical,1,1,12,2000,North,0
CLM100666,34,6.5,9848.59,7772.45,11,59,Total Loss,Health,Fire,1,2,4,1000,North,0
CLM100667,18,12.4,1800.91,2638.97,12,47,Total Loss,Life,Fire,0,0,16,2000,North,0
CLM100668,32,19.3,6357.91,1522.93,4,19,Minor,Life,Theft,1,0,2,1500,Central,0
CLM100669,49,2.4,12233.83,6192.92,3,18,Total Loss,Health,Fire,1,1,18,1500,East,0
CLM100670,26,0.9,10400.06,7472.49,0,41,Moderate,Health,Accident,1,0,5,2000,Central,0
CLM100671,32,1.6,280522.4884393028,5005.35,13,90,Moderate,Health,Theft,1,2,16,2500,South,1
CLM100672,45,1.5,8384.1,5258.89,5,75,Major,Auto,Accident,0,0,4,1000,Central,0
CLM100673,41,18.2,8340.83,6222.08,4,48,Moderate,Life,Natural,1,0,4,500,South,0
CLM100674,52,14.6,11505.05,1648.14,3,14,Major,Health,Accident,1,1,18,1000,West,0
CLM100675,39,13.7,11709.096164550521,7801.02,12,89,Moderate,Life,Natural,1,3,10,2500,South,1
CLM100676,44,10.7,32348.98,3232.47,11,67,Moderate,Health,Accident,1,3,0,2000,Central,0
CLM100677,36,15.7,13738.87,5211.8,4,78,Total Loss,Health,Natural,1,2,12,2000,East,0
CLM100678,62,3.5,9211.739126736635,4014.62,6,90,Moderate,Health,Natural,0,3,16,1500,North,1
CLM100679,29,8.1,60403.49652100748,4011.36,7,53,Total Loss,Life,Theft,1,4,10,2000,Central,1
CLM100680,37,10.1,2850.8318882871918,5770.58,16,86,Total Loss,Health,Medical,1,1,17,2500,North,1
CLM100681,18,2.7,61738.45,7959.97,5,54,Moderate,Health,Medical,0,3,3,2000,South,0
CLM100682,38,8.7,31053.81,5442.95,3,86,Minor,Life,Theft,0,0,9,2000,West,0
CLM100683,66,6.7,13999.64,6455.44,10,14,Total Loss,Health,Natural,1,3,10,2500,West,0
CLM100684,62,1.2,5144.146061359963,707.12,17,70,Moderate,Property,Medical,0,1,17,500,Central,1
CLM100685,18,3.2,4636.29,6578.21,12,30,Minor,Property,Medical,1,0,0,1000,South,0
CLM100686,27,15.4,5915.8,2749.82,9,89,Moderate,Health,Accident,1,0,3,2000,South,0
CLM100687,64,0.9,5136.93,1450.26,2,6,Moderate,Auto,Fire,0,1,4,1000,North,0
CLM100688,49,18.7,11322.99,1350.01,13,12,Minor,Life,Theft,1,2,1,1000,South,0
CLM100689,56,2.2,44386.91,5599.06,7,53,Moderate,Health,Fire,1,2,11,1500,East,0
CLM100690,39,16.1,9809.46,7982.13,11,12,Total Loss,Life,Natural,1,1,10,500,West,0
CLM100691,35,18.0,17251.33,5496.46,8,19,Major,Auto,Accident,0,1,15,1000,East,0
CLM100692,65,18.9,18499.35,2467.61,14,9,Major,Auto,Medical,1,1,3,1500,East,0
CLM100693,63,17.4,31786.82,2024.79,6,51,Moderate,Life,Accident,1,0,6,2500,North,0
CLM100694,49,6.1,1516.1,4444.68,1,36,Major,Auto,Theft,0,0,12,2500,South,0
CLM100695,44,7.0,8771.03,987.79,7,51,Major,Auto,Natural,1,1,13,2500,North,0
CLM100696,45,8.8,24038.29,3494.98,10,26,Major,Life,Accident,1,0,10,2500,West,0
CLM100697,35,3.2,26300.21,5496.76,12,33,Total Loss,Auto,Accident,1,4,7,2500,North,0
CLM100698,56,0.9,40327.94,7757.47,12,61,Total Loss,Property,Accident,1,1,0,1500,East,0
CLM100699,66,17.4,19199.96,3692.4,10,15,Major,Health,Medical,0,0,7,500,North,0
CLM100700,46,11.3,5218.62,2001.68,4,58,Minor,Property,Natural,1,2,18,500,South,0
CLM100701,35,12.4,11568.15,6630.22,14,20,Minor,Property,Medical,1,1,16,1500,North,0
CLM100702,61,18.6,1493.2,6081.5,14,15,Minor,Health,Accident,1,1,8,1500,South,0
CLM100703,25,13.5,16616.26,6947.78,14,80,Total Loss,Property,Medical,1,1,12,2000,East,0
CLM100704,71,14.0,13121.48,2110.39,10,78,Total Loss,Health,Medical,1,3,14,1000,South,0
CLM100705,48,15.8,40464.02603182276,3536.24,15,47,Total Loss,Health,Theft,1,1,12,2500,South,1
CLM100706,51,2.8,40919.05,7861.66,6,32,Total Loss,Life,Fire,1,2,7,1000,South,0
CLM100707,24,7.5,44612.4061742278,1685.32,11,90,Major,Health,Fire,1,0,11,2000,South,1
CLM100708,53,19.4,6794.87,5535.88,1,68,Total Loss,Health,Theft,0,1,10,500,West,0
CLM100709,35,18.5,4323.48,2278.88,11,26,Major,Auto,Theft,1,4,19,2500,Central,0
CLM100710,55,17.7,29927.74,4251.19,11,51,Minor,Auto,Medical,1,0,12,500,West,0
CLM100711,26,9.3,4241.26,6503.82,11,64,Major,Property,Medical,0,2,15,1500,North,0
CLM100712,26,17.2,3644.07,4164.4,3,43,Minor,Health,Natural,1,3,1,1000,West,0
CLM100713,63,1.4,4471.64,6541.11,12,29,Total Loss,Health,Fire,1,2,5,500,West,0
CLM100714,25,3.4,11664.81,3697.51,10,22,Minor,Life,Medical,1,3,15,2000,South,0
CLM100715,68,8.6,7423.797520615716,7995.15,10,90,Minor,Health,Natural,0,0,17,500,North,1
CLM100716,52,9.9,113382.06600057894,3768.71,11,90,Major,Life,Fire,0,3,16,2500,North,1
CLM100717,35,5.6,149480.34992906696,1620.35,8,50,Minor,Health,Natural,1,0,14,2500,East,1
CLM100718,22,7.5,55631.0,3514.02,9,54,Moderate,Auto,Natural,1,2,6,1000,South,0
CLM100719,31,3.7,1598.66,6069.45,10,17,Minor,Auto,Theft,1,2,13,1500,West,0
CLM100720,45,10.0,83405.6362763368,6859.53,19,90,Total Loss,Auto,Accident,0,3,6,2500,East,1
CLM100721,47,16.0,90370.06,3950.77,0,16,Minor,Property,Accident,1,4,5,2000,East,0
CLM100722,21,13.4,43821.07,4958.58,0,74,Moderate,Health,Accident,1,2,11,1000,West,0
CLM100723,56,2.6,17672.68,6836.68,14,51,Major,Auto,Natural,1,3,1,2500,North,0
CLM100724,37,10.0,19121.23,6601.6,2,44,Minor,Life,Medical,1,1,0,2000,South,0
CLM100725,42,14.1,7180.581436602319,5432.93,15,85,Moderate,Auto,Accident,0,0,17,500,South,1
CLM100726,45,10.8,32107.51,6612.7,10,53,Total Loss,Health,Medical,1,1,4,2000,West,0
CLM100727,29,8.1,1922.38,4819.33,1,8,Total Loss,Auto,Fire,1,1,6,1000,South,0
CLM100728,19,12.6,6734.96,534.86,9,16,Major,Health,Accident,1,1,14,2500,Central,0
CLM100729,60,19.4,71912.86,809.5,4,26,Total Loss,Health,Natural,1,3,5,1500,East,0
CLM100730,31,2.4,9231.23,7848.56,8,36,Moderate,Auto,Theft,1,2,1,1500,East,0
CLM100731,39,8.1,6729.764135045361,1587.44,13,56,Minor,Life,Natural,0,1,16,2000,Central,1
CLM100732,48,8.4,53249.78,3533.87,10,71,Moderate,Property,Medical,0,3,12,2000,South,0
CLM100733,40,11.8,63158.99,7503.58,7,66,Major,Health,Fire,1,2,12,2000,North,0
CLM100734,65,3.5,4106.15,1962.8,1,37,Minor,Property,Natural,1,0,13,2500,Central,0
CLM100735,37,3.9,50674.299472970226,6828.44,6,88,Moderate,Auto,Theft,1,2,7,1500,Central,1
CLM100736,55,6.1,8424.86,6637.01,8,43,Major,Health,Theft,1,2,14,1500,East,0
CLM100737,72,19.1,17886.790876672283,7897.47,7,73,Major,Health,Fire,0,1,10,1000,North,1
CLM100738,21,14.8,5571.36,2612.61,0,24,Minor,Auto,Accident,1,3,12,1000,North,0
CLM100739,32,13.4,1686.11,2864.94,9,41,Minor,Property,Natural,1,4,19,500,South,0
CLM100740,41,16.4,5679.81,7271.59,7,12,Total Loss,Life,Natural,1,0,0,2500,North,0
CLM100741,42,3.0,1829.15,2255.59,1,55,Total Loss,Auto,Theft,1,3,1,2000,South,0
CLM100742,18,17.3,39728.94,4609.26,8,78,Minor,Auto,Medical,1,1,10,1000,West,0
CLM100743,24,12.1,17258.25,5805.09,9,50,Total Loss,Life,Natural,1,3,13,500,Central,0
CLM100744,74,7.0,33655.5,2539.13,8,49,Minor,Life,Theft,1,4,4,500,Central,0
CLM100745,48,16.4,53586.55267216919,7538.1,5,90,Total Loss,Life,Medical,1,0,6,1500,South,1
CLM100746,29,16.2,3111.13,5492.73,1,51,Moderate,Life,Accident,1,2,15,2500,South,0
CLM100747,59,17.0,43347.25,853.54,2,32,Major,Auto,Accident,1,0,10,2500,South,0
CLM100748,22,2.8,57500.02350230453,1518.03,12,43,Minor,Life,Theft,1,4,14,2000,Central,1
CLM100749,61,19.4,7417.41,1930.86,0,57,Minor,Property,Theft,1,0,3,2500,South,0
CLM100750,67,19.2,2773.87,2337.18,2,39,Minor,Life,Accident,0,0,9,2000,Central,0
CLM100751,59,7.5,46424.79554355988,5980.08,10,90,Moderate,Health,Theft,1,1,0,2500,Central,1
CLM100752,55,1.8,20549.24,1167.01,2,37,Major,Health,Fire,1,2,6,1500,East,0
CLM100753,29,3.8,35070.52,3129.46,2,2,Total Loss,Life,Natural,1,4,11,500,East,0
CLM100754,56,19.9,1811.39,7335.37,9,15,Total Loss,Auto,Fire,1,1,10,2500,West,0
CLM100755,35,11.5,3292.09,4675.01,5,1,Major,Auto,Medical,1,0,10,2500,West,0
CLM100756,19,7.5,14678.83,2491.22,2,22,Total Loss,Property,Theft,0,0,16,1500,North,0
CLM100757,27,6.1,15479.52,7677.92,2,29,Minor,Auto,Theft,1,3,0,1000,South,0
CLM100758,32,5.5,3199.7552234962245,2332.37,16,28,Major,Property,Medical,1,1,14,2000,Central,1
CLM100759,47,13.5,8585.88,7288.25,8,64,Moderate,Property,Natural,1,4,19,1000,North,0
CLM100760,61,8.7,14161.88,5943.27,1,21,Major,Property,Accident,0,4,17,500,East,0
CLM100761,34,19.3,21086.09,6053.91,0,51,Minor,Life,Fire,0,4,3,1000,Central,0
CLM100762,21,13.8,6700.27,6237.04,9,55,Major,Auto,Natural,0,4,18,500,North,0
CLM100763,24,15.9,10921.92,4299.27,7,32,Moderate,Health,Accident,0,0,4,2000,East,0
CLM100764,58,6.2,26234.55,6609.34,12,88,Moderate,Property,Accident,0,0,13,1500,West,0
CLM100765,48,2.0,47152.53,6771.45,13,85,Major,Health,Theft,1,1,12,500,South,0
CLM100766,68,10.0,4926.6,3203.65,2,79,Major,Property,Medical,1,2,18,2000,South,0
CLM100767,72,6.6,13338.882518683595,3502.58,10,44,Total Loss,Auto,Theft,0,4,18,1500,North,1
CLM100768,56,4.4,43155.78,7165.68,1,81,Total Loss,Life,Medical,1,0,15,1000,East,0
CLM100769,72,19.1,23387.780336996086,4435.47,17,50,Minor,Property,Theft,1,1,18,1000,North,1
CLM100770,51,9.2,20006.26,7002.08,10,4,Total Loss,Property,Fire,1,4,0,500,East,0
CLM100771,23,3.9,35176.13899401346,5200.77,15,77,Minor,Health,Theft,0,2,9,2500,East,1
CLM100772,67,4.4,6044.43,4951.76,7,54,Minor,Life,Fire,0,4,1,2500,South,0
CLM100773,55,6.0,16900.78,732.36,8,22,Major,Auto,Natural,1,3,14,1500,West,0
CLM100774,62,20.0,16987.79,2584.21,7,75,Total Loss,Property,Natural,1,4,18,1000,West,0
CLM100775,68,5.7,14463.62,4265.43,7,9,Moderate,Auto,Theft,0,3,3,2000,Central,0
CLM100776,51,6.9,2574.76,4904.88,7,32,Moderate,Life,Natural,0,2,3,1500,East,0
CLM100777,61,13.4,80999.29,5228.26,13,79,Major,Health,Accident,1,3,11,500,South,0
CLM100778,32,6.2,8672.8,5871.67,6,61,Moderate,Life,Fire,1,2,18,500,East,0
CLM100779,31,4.7,16252.07,5421.75,1,81,Moderate,Life,Medical,1,1,8,1500,Central,0
CLM100780,23,3.6,33542.03,6864.33,7,26,Major,Life,Fire,1,3,15,2000,South,0
CLM100781,67,6.6,9256.2,2716.03,4,6,Moderate,Life,Theft,0,4,14,1000,East,0
CLM100782,54,2.6,23303.33,5311.77,5,26,Major,Auto,Natural,1,4,8,1000,West,0
CLM100783,67,0.9,54539.5,883.7,3,73,Minor,Auto,Natural,0,1,18,2000,West,0
CLM100784,49,16.2,7669.36,4101.43,0,9,Total Loss,Health,Accident,0,0,17,1000,Central,0
CLM100785,20,3.2,17201.849882737395,2510.25,16,90,Moderate,Property,Natural,1,2,6,2500,West,1
CLM100786,20,15.6,36399.41,3356.65,4,56,Major,Property,Theft,1,0,15,2500,East,0
CLM100787,39,16.1,3608.92,3159.97,2,29,Moderate,Life,Theft,0,0,14,2000,Central,0
CLM100788,39,11.0,1435.17,953.23,8,2,Total Loss,Life,Medical,1,1,10,2500,North,0
CLM100789,27,6.5,60397.317801167395,3999.84,10,67,Moderate,Auto,Fire,0,1,5,1500,Central,1
CLM100790,68,3.3,26855.2,7959.72,9,13,Minor,Property,Fire,1,3,2,1000,West,0
CLM100791,20,14.9,54948.9,2742.02,1,76,Major,Health,Fire,0,3,13,1500,South,0
CLM100792,29,12.2,1900.04,6021.09,3,82,Total Loss,Life,Medical,1,3,5,2000,Central,0
CLM100793,46,13.3,3547.19,4608.41,2,24,Minor,Auto,Medical,1,3,16,2500,East,0
CLM100794,65,0.7,2669.21,2939.19,2,9,Moderate,Life,Medical,1,3,18,1500,Central,0
CLM100795,34,18.6,35283.037229426925,1172.05,7,90,Moderate,Life,Accident,1,4,17,1500,West,1
CLM100796,24,1.8,30646.238750106768,2118.93,6,75,Moderate,Auto,Medical,1,1,19,500,Central,1
CLM100797,30,7.7,7678.73,6363.9,4,37,Total Loss,Property,Natural,0,2,15,1500,East,0
CLM100798,73,8.4,1887.07,2592.65,7,70,Major,Property,Accident,1,2,2,2500,East,0
CLM100799,19,0.5,40155.46759197034,1582.27,16,46,Total Loss,Life,Natural,1,2,5,1000,West,1
CLM100800,21,10.2,13663.75,2984.74,14,29,Minor,Property,Fire,1,2,16,1000,East,0
CLM100801,27,15.2,2797.02,4880.32,9,39,Major,Auto,Theft,0,2,19,1000,West,0
CLM100802,56,16.6,36938.56,5775.97,11,11,Total Loss,Property,Fire,0,4,4,2500,Central,0
CLM100803,41,17.6,4327.47,3405.24,8,13,Moderate,Life,Medical,1,1,15,1000,Central,0
CLM100804,34,10.0,21409.93,4236.1,11,0,Minor,Life,Theft,1,3,16,1000,North,0
CLM100805,69,12.8,33452.25,3911.88,0,67,Moderate,Auto,Fire,0,3,15,2000,West,0
CLM100806,23,2.1,29142.41641436923,567.53,19,77,Total Loss,Life,Accident,0,3,8,2000,South,1
CLM100807,36,10.0,11051.201229176982,3467.0,7,50,Minor,Property,Medical,0,1,6,500,West,1
CLM100808,22,3.5,6549.63,4904.9,1,35,Major,Auto,Fire,0,1,4,500,Central,0
CLM100809,49,7.7,33540.17,4774.59,5,63,Major,Life,Theft,0,4,8,1500,Central,0
CLM100810,27,6.9,12219.960506800962,6123.26,4,61,Total Loss,Auto,Natural,1,4,9,1500,East,1
CLM100811,26,8.8,44091.11067876974,5527.82,12,46,Total Loss,Auto,Fire,1,3,0,1500,North,1
CLM100812,44,11.6,70327.44,2576.05,0,71,Major,Property,Accident,1,1,6,500,South,0
CLM100813,30,18.1,247003.3485671353,2417.33,4,42,Major,Property,Theft,1,3,4,1000,North,1
CLM100814,36,8.2,32350.548250489614,3981.06,20,71,Total Loss,Health,Fire,0,4,5,1500,West,1
CLM100815,38,19.6,27278.49,5997.27,11,19,Major,Auto,Natural,0,3,5,1000,West,0
CLM100816,41,15.3,70457.12,1203.7,12,32,Minor,Property,Medical,1,4,14,1000,Central,0
CLM100817,55,10.5,8042.21,7612.45,3,29,Total Loss,Life,Medical,1,0,7,500,East,0
CLM100818,21,13.1,5363.5,4573.65,1,36,Minor,Health,Medical,1,2,0,2000,South,0
CLM100819,41,2.5,2819.53,2798.06,3,79,Moderate,Health,Theft,0,0,9,2000,East,0
CLM100820,52,17.0,9750.340873601323,5700.43,9,67,Minor,Life,Natural,1,3,2,2500,South,1
CLM100821,20,11.9,29816.72,835.44,2,88,Total Loss,Property,Natural,1,3,15,2000,North,0
CLM100822,21,19.7,14327.33,4132.98,14,73,Moderate,Auto,Fire,1,1,0,1500,Central,0
CLM100823,74,12.9,32037.52,4144.77,8,68,Major,Health,Medical,1,2,15,500,East,0
CLM100824,54,16.8,24370.84,1714.81,7,7,Minor,Life,Theft,1,4,13,1000,West,0
CLM100825,57,16.1,46317.96979740527,6780.41,16,20,Minor,Life,Medical,1,3,4,500,Central,1
CLM100826,65,7.2,15097.7,6476.09,11,6,Total Loss,Life,Medical,1,4,15,2500,South,0
CLM100827,71,5.6,1743.19,1645.49,9,61,Major,Life,Fire,1,4,10,2500,Central,0
CLM100828,52,8.9,31868.16,3228.7,8,86,Total Loss,Health,Fire,1,4,17,2500,West,0
CLM100829,48,9.6,9115.2,1253.22,0,57,Major,Auto,Fire,1,0,6,1000,West,0
CLM100830,73,5.2,13307.44,6864.57,11,87,Total Loss,Property,Accident,0,4,7,2500,South,0
CLM100831,61,17.9,1332.97,2924.9,4,77,Major,Life,Accident,0,1,16,2500,Central,0
CLM100832,42,11.1,42250.32,3794.87,11,86,Moderate,Life,Theft,1,0,13,2500,East,0
CLM100833,57,19.6,35955.58,2929.04,11,72,Total Loss,Auto,Theft,1,0,16,1000,Central,0
CLM100834,30,16.3,12755.21,2825.2,3,7,Moderate,Auto,Fire,1,3,11,2500,West,0
CLM100835,21,11.3,13916.8,6104.77,10,63,Total Loss,Property,Natural,0,2,17,1500,South,0
CLM100836,63,19.0,31101.80086135398,6106.75,17,46,Total Loss,Health,Theft,1,2,0,500,North,1
CLM100837,31,10.3,5612.05,4383.41,8,2,Total Loss,Auto,Accident,0,3,6,2500,North,0
CLM100838,30,17.8,4763.8,5432.13,13,57,Minor,Health,Accident,1,2,5,2500,Central,0
CLM100839,44,7.5,17813.92,4337.47,2,31,Total Loss,Health,Medical,0,4,14,500,West,0
CLM100840,23,7.9,2654.3,714.42,4,67,Major,Life,Fire,0,1,17,2500,Central,0
CLM100841,34,8.7,10078.75,995.05,7,48,Minor,Health,Natural,0,4,10,2500,South,0
CLM100842,53,11.2,11181.58,3378.05,9,37,Major,Life,Fire,1,2,16,1500,East,0
CLM100843,57,11.3,20089.46670717045,6123.1,19,13,Major,Life,Accident,1,2,0,2000,North,1
CLM100844,66,10.2,4073.44,7349.2,4,8,Major,Property,Natural,1,1,1,1000,Central,0
CLM100845,52,6.5,7584.93,722.81,8,45,Major,Health,Theft,1,0,6,1000,West,0
CLM100846,34,18.6,7177.32,3260.23,1,64,Major,Auto,Medical,1,0,9,500,North,0
CLM100847,58,12.0,29056.115077258157,2178.37,8,65,Moderate,Auto,Accident,0,1,13,1500,North,1
CLM100848,19,8.5,17844.23,6614.04,4,74,Minor,Auto,Medical,0,0,11,1000,East,0
CLM100849,74,13.2,52740.91,6844.76,8,28,Major,Property,Fire,1,2,16,500,Central,0
CLM100850,30,15.5,3335.13,2048.07,6,89,Moderate,Life,Natural,1,0,13,500,East,0
CLM100851,69,19.2,31955.54,5831.2,7,28,Moderate,Life,Fire,0,2,18,500,West,0
CLM100852,19,10.2,6014.86,5988.17,6,32,Major,Auto,Medical,1,3,9,1000,West,0
CLM100853,69,2.7,38474.847429851376,1827.93,15,37,Total Loss,Life,Accident,1,4,11,2000,Central,1
CLM100854,45,9.1,12869.24,3752.72,9,82,Major,Life,Medical,1,0,6,500,North,0
CLM100855,60,9.8,13211.04,5152.53,9,25,Moderate,Property,Accident,1,3,7,2500,South,0
CLM100856,43,18.0,20275.5,695.5,4,28,Major,Health,Medical,1,0,12,2000,East,0
CLM100857,39,8.2,8211.44,3534.44,10,10,Moderate,Health,Fire,1,3,5,2000,North,0
CLM100858,64,19.1,6765.1,1662.19,12,84,Major,Property,Medical,0,1,7,2500,West,0
CLM100859,60,10.0,29742.97,4564.22,13,33,Moderate,Property,Theft,1,3,4,1000,West,0
CLM100860,72,19.5,4728.75,6821.88,4,85,Major,Life,Fire,0,2,8,1000,North,0
CLM100861,20,0.7,3981.27,4435.65,12,47,Total Loss,Property,Medical,1,1,10,1500,North,0
CLM100862,52,18.0,1235.96,769.88,10,26,Total Loss,Life,Medical,0,1,12,1000,West,0
CLM100863,29,18.7,4546.81,722.43,3,71,Moderate,Health,Natural,0,2,0,1500,East,0
CLM100864,41,19.2,11963.71,5041.27,1,39,Total Loss,Property,Fire,0,0,6,500,East,0
CLM100865,22,0.8,12599.39,2959.86,13,30,Total Loss,Life,Natural,1,1,5,1000,North,0
CLM100866,37,3.8,5403.9,4795.0,8,64,Minor,Health,Fire,1,0,7,1000,Central,0
CLM100867,56,13.2,2125.29,1727.28,9,38,Major,Health,Accident,1,4,1,2500,West,0
CLM100868,56,1.0,56783.86421065936,6326.47,12,54,Major,Auto,Fire,1,3,16,500,South,1
CLM100869,30,1.7,50412.01303158912,6955.4,14,90,Total Loss,Health,Fire,0,3,16,1500,West,1
CLM100870,58,4.8,93039.7,7169.19,9,81,Total Loss,Property,Medical,1,2,17,500,East,0
CLM100871,74,10.5,35543.21,2780.56,9,22,Moderate,Property,Theft,0,2,6,2000,East,0
CLM100872,70,11.1,40067.94,5455.52,2,60,Major,Life,Fire,1,3,14,2500,South,0
CLM100873,62,1.2,25007.46,2592.82,10,26,Minor,Property,Natural,1,4,12,2000,East,0
CLM100874,29,3.8,15337.28,6220.68,10,15,Minor,Health,Theft,1,2,19,1500,South,0
CLM100875,30,10.2,3063.88,1403.94,2,44,Total Loss,Life,Fire,0,4,13,1000,East,0
CLM100876,73,12.1,15605.35,6220.74,2,26,Moderate,Health,Theft,1,2,14,1000,South,0
CLM100877,27,3.4,1863.74,3797.96,7,72,Moderate,Auto,Accident,1,1,2,1000,Central,0
CLM100878,50,8.3,33481.41,6916.62,5,4,Major,Life,Theft,1,0,5,1500,West,0
CLM100879,74,18.1,10861.53,6041.98,0,58,Total Loss,Auto,Accident,1,3,8,2000,East,0
CLM100880,57,20.0,18933.76,3323.9,11,71,Total Loss,Life,Theft,1,0,13,1500,North,0
CLM100881,71,19.8,1804.87,7276.54,12,81,Moderate,Property,Theft,0,3,15,1500,South,0
CLM100882,33,17.7,12461.54,2625.03,14,34,Minor,Health,Natural,1,2,16,2000,South,0
CLM100883,62,8.2,6377.22,7752.41,13,69,Minor,Life,Natural,0,0,11,1000,South,0
CLM100884,52,13.9,6031.43,6254.03,2,86,Major,Property,Medical,0,4,3,2500,East,0
CLM100885,20,8.6,8405.99,7930.06,3,45,Total Loss,Property,Theft,0,2,4,1500,West,0
CLM100886,73,13.1,1009.59,904.28,12,89,Total Loss,Property,Accident,1,1,10,1500,North,0
CLM100887,22,6.5,10428.97,2555.27,1,55,Minor,Auto,Theft,1,0,10,2000,South,0
CLM100888,43,12.3,10999.53,6059.48,5,23,Total Loss,Property,Fire,0,0,7,2500,South,0
CLM100889,28,10.7,30830.96,7416.87,9,9,Total Loss,Life,Accident,1,1,17,1500,South,0
CLM100890,24,1.0,9927.4,715.78,11,78,Moderate,Auto,Fire,1,3,5,500,South,0
CLM100891,70,15.9,14728.47634050215,500.07,2,61,Major,Health,Medical,0,2,6,2500,North,1
CLM100892,73,0.7,134024.66432375935,2421.82,5,90,Major,Property,Fire,1,1,5,1500,South,1
CLM100893,27,6.2,13701.94,6895.84,7,69,Major,Life,Medical,1,4,13,2500,North,0
CLM100894,59,0.6,10597.32,6253.65,3,47,Moderate,Life,Medical,1,2,19,500,North,0
CLM100895,69,7.8,11275.78,3052.08,14,8,Major,Auto,Medical,0,1,5,500,South,0
CLM100896,51,1.7,25846.47,515.08,14,49,Major,Health,Fire,0,1,3,2500,Central,0
CLM100897,20,18.3,10963.19325885531,4660.29,4,90,Minor,Auto,Medical,1,0,12,1000,North,1
CLM100898,25,8.6,8393.81,2284.67,6,47,Minor,Property,Medical,1,0,16,2500,Central,0
CLM100899,48,9.5,22151.02,6092.07,8,38,Major,Health,Natural,1,0,11,2000,North,0
CLM100900,28,7.3,2136.76,3847.62,9,82,Moderate,Health,Theft,1,2,8,1000,East,0
CLM100901,62,12.7,31056.01,5589.51,6,4,Moderate,Health,Medical,0,3,19,500,South,0
CLM100902,24,15.8,9437.12,6892.32,0,83,Moderate,Auto,Accident,0,2,2,1000,East,0
CLM100903,62,13.1,14058.76,4518.2,0,10,Total Loss,Life,Accident,0,0,10,500,North,0
CLM100904,19,15.1,22249.83,3019.67,11,59,Total Loss,Auto,Natural,0,0,4,500,East,0
CLM100905,23,18.2,8472.460975935279,6271.58,5,45,Moderate,Life,Fire,0,2,2,500,South,1
CLM100906,58,17.3,99188.08739047193,2488.9,16,34,Minor,Auto,Fire,0,1,16,2000,South,1
CLM100907,49,13.6,59110.05,7186.39,7,59,Total Loss,Life,Fire,1,1,8,2000,North,0
CLM100908,37,4.7,11226.41,1035.71,6,49,Moderate,Life,Medical,0,0,5,1500,North,0
CLM100909,74,12.9,42454.4,6766.01,13,66,Total Loss,Health,Fire,1,0,17,2000,Central,0
CLM100910,51,10.4,1016.94,1186.67,2,68,Total Loss,Life,Fire,0,3,5,500,West,0
CLM100911,67,14.5,34698.44,921.03,2,54,Total Loss,Property,Theft,1,1,5,2500,East,0
CLM100912,33,16.7,6588.7,3224.43,11,76,Total Loss,Property,Medical,1,3,9,1000,Central,0
CLM100913,42,15.0,6598.5,7674.12,2,15,Moderate,Life,Medical,0,0,10,2500,East,0
CLM100914,29,17.0,4883.29,7876.15,1,11,Total Loss,Life,Accident,0,0,13,500,South,0
CLM100915,24,1.7,6719.21,2015.53,13,26,Major,Life,Accident,1,3,11,2500,North,0
CLM100916,56,1.1,4602.14,1614.78,13,32,Moderate,Life,Theft,1,3,19,1000,East,0
CLM100917,34,5.5,87905.31103985301,3147.15,9,90,Moderate,Health,Natural,0,0,17,1500,West,1
CLM100918,62,18.1,35393.05,3028.15,6,84,Moderate,Property,Medical,1,4,14,1500,South,0
CLM100919,28,16.6,2617.31,6196.95,8,80,Total Loss,Health,Accident,0,0,9,2000,South,0
CLM100920,23,13.8,7821.267612546988,3829.99,5,70,Moderate,Property,Fire,1,1,0,2500,Central,1
CLM100921,40,14.2,30709.55,6349.13,9,51,Minor,Life,Medical,0,0,14,2000,West,0
CLM100922,44,14.7,17832.911287755578,6115.35,12,74,Major,Property,Medical,1,2,1,2000,South,1
CLM100923,63,18.9,3781.79,4837.33,11,14,Minor,Property,Medical,1,0,19,2500,West,0
CLM100924,23,16.7,11720.75,6751.34,14,83,Major,Auto,Accident,1,4,1,2500,North,0
CLM100925,55,12.7,9084.98,1967.36,3,82,Major,Auto,Theft,1,1,3,1000,West,0
CLM100926,19,13.5,4710.81,1713.58,0,64,Total Loss,Life,Accident,1,0,13,2500,Central,0
CLM100927,39,4.7,20134.84,6129.88,4,67,Major,Health,Fire,1,3,18,2500,Central,0
CLM100928,37,13.3,15966.14,2335.98,7,2,Major,Auto,Fire,1,1,13,2000,East,0
CLM100929,42,8.8,2574.77,520.96,2,71,Minor,Life,Natural,1,1,12,1500,North,0
CLM100930,32,3.5,39931.55,7339.7,9,4,Major,Health,Accident,1,4,0,500,North,0
CLM100931,66,16.2,35779.813197632866,5172.03,6,31,Moderate,Auto,Accident,1,3,9,1500,West,1
CLM100932,46,10.4,9735.78985849517,3837.03,18,11,Moderate,Property,Natural,1,2,13,2500,Central,1
CLM100933,25,19.6,4465.59,5943.02,2,29,Major,Auto,Natural,0,0,16,500,Central,0
CLM100934,54,6.0,3191.83,2999.99,14,70,Moderate,Life,Medical,1,2,15,2500,Central,0
CLM100935,66,9.9,9291.32,7652.5,9,85,Total Loss,Auto,Medical,0,3,14,1000,North,0
CLM100936,69,9.2,3184.77,1014.65,13,19,Moderate,Auto,Fire,0,1,10,2500,Central,0
CLM100937,50,2.9,23628.599891338807,5307.11,16,57,Total Loss,Health,Theft,1,4,11,500,East,1
CLM100938,39,8.8,3416.1,6329.67,7,88,Major,Health,Fire,0,4,0,1000,South,0
CLM100939,67,6.1,17041.96,4018.44,9,62,Total Loss,Property,Accident,0,1,2,500,Central,0
CLM100940,64,3.6,24073.65,6162.26,7,74,Total Loss,Life,Theft,1,4,10,1000,East,0
CLM100941,22,6.0,12961.72,7451.83,13,80,Major,Property,Medical,0,2,10,2000,East,0
CLM100942,56,5.0,18094.18,6079.95,3,30,Major,Property,Natural,0,1,4,500,South,0
CLM100943,35,14.8,87494.05596474487,2820.25,13,90,Total Loss,Auto,Natural,1,0,14,2000,North,1
CLM100944,55,1.1,16257.07,4713.85,1,18,Minor,Property,Fire,0,0,19,2000,Central,0
CLM100945,71,12.5,7792.08,7337.03,11,78,Major,Health,Accident,1,3,15,2500,East,0
CLM100946,70,15.3,9953.38,3868.23,2,61,Major,Property,Accident,0,1,2,1500,East,0
CLM100947,54,9.9,78253.06138458697,5612.74,9,28,Minor,Life,Natural,1,2,7,1000,South,1
CLM100948,47,18.7,7938.219687340296,3991.36,9,65,Moderate,Property,Fire,0,1,15,500,East,1
CLM100949,68,14.3,6912.03,1410.08,10,70,Minor,Life,Fire,0,1,15,2000,Central,0
CLM100950,48,15.1,13915.68,939.48,12,85,Moderate,Life,Medical,0,2,3,2500,North,0
CLM100951,27,4.3,17923.22,7642.05,1,75,Minor,Property,Medical,0,4,14,500,East,0
CLM100952,32,15.7,22627.05,5094.06,1,7,Total Loss,Property,Medical,1,2,18,2500,North,0
CLM100953,59,16.7,13308.454019710538,1278.61,9,90,Major,Property,Theft,1,1,14,500,East,1
CLM100954,65,7.5,3364.89,6930.79,11,81,Minor,Life,Fire,1,1,12,2500,East,0
CLM100955,61,4.7,47462.89,4420.2,0,27,Major,Health,Fire,0,1,9,2500,Central,0
CLM100956,35,8.0,2192.02,6289.49,7,81,Moderate,Auto,Medical,1,1,1,1500,North,0
CLM100957,40,14.9,2510.66,1450.67,5,16,Total Loss,Property,Natural,0,3,5,2000,West,0
CLM100958,50,8.6,11246.25,7301.83,2,86,Major,Auto,Medical,1,4,16,1000,Central,0
CLM100959,33,14.9,26661.35,4929.02,0,10,Minor,Property,Theft,1,1,7,1000,North,0
CLM100960,71,2.7,23341.8,6036.96,2,14,Minor,Life,Natural,1,3,15,500,North,0
CLM100961,55,16.2,42636.73,735.35,0,29,Total Loss,Life,Fire,0,1,12,500,North,0
CLM100962,52,5.4,3290.32,2864.79,2,5,Moderate,Auto,Theft,1,4,11,1500,West,0
CLM100963,51,5.4,8067.52,2505.84,3,11,Total Loss,Health,Theft,1,4,15,500,Central,0
CLM100964,45,12.0,5972.26,7621.96,5,86,Total Loss,Life,Natural,0,2,6,1000,West,0
CLM100965,19,1.9,30585.21,1890.04,6,60,Major,Auto,Medical,0,3,9,2000,East,0
CLM100966,47,1.0,11051.85,5802.89,6,35,Moderate,Life,Medical,1,4,5,1500,South,0
CLM100967,30,5.6,1408.22,820.65,8,34,Total Loss,Property,Accident,1,0,4,500,West,0
CLM100968,58,11.0,19463.19,1982.63,7,66,Major,Auto,Natural,0,1,17,1500,East,0
CLM100969,33,18.2,8382.46,3039.48,12,78,Major,Auto,Medical,1,4,15,1500,West,0
CLM100970,22,17.0,12361.98,6458.79,3,76,Moderate,Property,Theft,1,3,2,1500,North,0
CLM100971,72,10.1,100488.58158113062,6424.82,11,90,Moderate,Auto,Medical,1,3,2,500,South,1
CLM100972,45,1.2,5450.6,7644.51,10,82,Major,Property,Medical,1,3,4,2500,South,0
CLM100973,70,10.9,5121.78,7375.76,0,39,Moderate,Health,Theft,1,2,1,500,East,0
CLM100974,56,14.2,5581.43,1111.36,7,81,Major,Property,Natural,0,1,0,500,West,0
CLM100975,62,7.1,7189.79,6724.01,5,30,Moderate,Health,Accident,1,0,3,500,West,0
CLM100976,37,2.7,2703.48,3883.8,1,36,Moderate,Auto,Medical,1,3,9,500,West,0
CLM100977,41,5.9,18921.22,6994.15,7,84,Moderate,Property,Medical,1,1,12,500,East,0
CLM100978,44,15.5,4486.52,1169.65,3,4,Minor,Auto,Medical,1,3,2,1500,West,0
CLM100979,47,7.3,40084.93,6670.77,8,80,Moderate,Health,Natural,1,3,10,1500,South,0
CLM100980,62,16.3,4644.19,1697.32,3,82,Minor,Life,Theft,1,0,2,500,South,0
CLM100981,44,6.7,5428.5,3003.81,0,3,Major,Life,Theft,1,1,9,2000,Central,0
CLM100982,43,3.7,6286.41,716.36,6,25,Total Loss,Life,Theft,1,3,8,2000,West,0
CLM100983,24,9.0,22950.1,1427.96,9,23,Total Loss,Life,Theft,1,2,9,2500,West,0
CLM100984,59,9.3,9368.93,3842.94,4,38,Total Loss,Life,Theft,1,3,12,2000,South,0
CLM100985,64,0.8,26666.63,6637.54,9,55,Major,Health,Theft,1,1,17,1000,South,0
CLM100986,70,2.8,24046.56,6302.52,10,53,Moderate,Life,Medical,1,4,17,1000,North,0
CLM100987,55,4.1,40780.1,2264.73,11,37,Minor,Life,Medical,1,3,16,2000,North,0
CLM100988,22,2.7,22195.99,1637.68,4,53,Major,Auto,Theft,1,2,16,500,Central,0
CLM100989,40,7.2,4069.805267044425,3419.48,9,50,Total Loss,Property,Theft,1,2,4,2000,South,1
CLM100990,45,19.3,28235.98,7124.51,5,25,Total Loss,Property,Natural,0,3,8,1000,Central,0
CLM100991,51,10.4,42726.89,1185.69,0,51,Total Loss,Property,Natural,0,1,11,2000,West,0
CLM100992,70,12.7,76982.37,4571.86,2,74,Total Loss,Property,Fire,1,3,11,1500,West,0
CLM100993,32,7.4,3007.56,1166.06,10,60,Minor,Health,Medical,1,2,18,2500,South,0
CLM100994,49,6.8,15250.55,4026.59,11,66,Total Loss,Property,Theft,0,3,6,1500,East,0
CLM100995,43,1.0,4337.01,1450.94,6,21,Minor,Auto,Medical,1,2,19,1500,Central,0
CLM100996,65,10.3,10503.719465294638,1102.53,12,29,Total Loss,Health,Fire,1,4,11,2500,East,1
CLM100997,48,9.9,21531.79,1931.37,7,10,Major,Life,Natural,1,3,8,500,West,0
CLM100998,36,3.6,145684.8616711141,2414.42,14,54,Minor,Auto,Fire,1,0,7,2500,Central,1
CLM100999,26,15.4,14552.67,2571.99,8,60,Minor,Auto,Accident,1,3,18,500,West,0
CLM101000,46,10.1,29515.36,5339.51,0,48,Major,Life,Natural,0,2,2,1000,North,0
CLM101001,71,7.1,1133.85,912.36,3,60,Total Loss,Life,Medical,1,1,10,2000,South,0
CLM101002,68,3.4,4096.471490854153,1106.07,7,42,Total Loss,Auto,Natural,1,2,11,1000,North,1
CLM101003,56,11.3,14622.02,1915.3,1,12,Moderate,Health,Fire,1,4,16,1000,Central,0
CLM101004,21,15.2,24547.782057874214,7040.47,2,74,Moderate,Life,Theft,0,1,6,1000,North,1
CLM101005,20,6.0,34076.13,5214.54,4,10,Minor,Property,Fire,0,0,2,2000,Central,0
CLM101006,73,4.8,6392.65,5977.77,1,63,Moderate,Auto,Fire,0,0,6,500,East,0
CLM101007,46,10.7,15271.387844645918,3277.72,10,62,Major,Auto,Theft,0,4,6,2500,South,1
CLM101008,69,3.5,12258.76,2099.15,8,10,Major,Life,Medical,0,4,13,500,East,0
CLM101009,28,13.5,5783.23,784.71,10,42,Major,Life,Medical,0,4,1,500,West,0
CLM101010,50,12.3,36870.4,4164.02,2,35,Minor,Property,Natural,1,4,15,1500,South,0
CLM101011,55,2.2,23952.096943646826,4807.11,21,26,Major,Property,Fire,1,3,9,2000,North,1
CLM101012,28,1.2,20743.27206439178,7227.52,11,90,Minor,Property,Natural,0,2,13,500,Central,1
CLM101013,44,12.6,29432.12,7115.7,9,60,Minor,Property,Theft,1,3,6,500,South,0
CLM101014,50,6.2,6609.03,3685.14,12,35,Major,Auto,Accident,0,1,1,1000,West,0
CLM101015,38,2.2,52106.356275830236,3676.83,9,90,Major,Life,Medical,0,0,9,1500,East,1
CLM101016,56,15.3,2956.29,1708.42,9,48,Minor,Health,Theft,1,0,1,2500,West,0
CLM101017,48,6.6,4027.86,2430.87,4,26,Major,Life,Medical,0,1,12,1500,North,0
CLM101018,55,9.5,122484.5917216902,7442.48,4,29,Moderate,Life,Natural,1,0,1,1000,Central,1
CLM101019,63,5.1,28719.95,1557.77,10,57,Minor,Property,Accident,0,4,9,1000,Central,0
CLM101020,19,12.7,8362.87,7765.25,12,5,Total Loss,Property,Fire,1,4,13,1000,North,0
CLM101021,44,6.4,16260.59,4285.54,2,43,Minor,Auto,Medical,1,4,16,2000,Central,0
CLM101022,53,19.4,78754.82431993795,3924.55,13,76,Major,Property,Fire,0,1,18,1000,South,1
CLM101023,28,14.2,9104.107092323633,1809.79,17,60,Major,Auto,Natural,1,2,11,500,South,1
CLM101024,64,3.2,5066.251137368864,5461.56,14,90,Minor,Life,Medical,0,1,16,2000,North,1
CLM101025,35,8.6,12565.6,3948.84,11,75,Minor,Life,Natural,0,2,5,1000,North,0
CLM101026,18,8.0,7329.570733835558,3279.97,11,59,Total Loss,Life,Fire,0,0,3,2000,West,1
CLM101027,52,10.9,7006.157284118848,2483.87,12,29,Total Loss,Auto,Natural,1,0,1,500,Central,1
CLM101028,52,16.9,34320.5,998.65,10,31,Minor,Auto,Natural,0,0,14,1000,East,0
CLM101029,48,11.9,3158.126138886826,4394.96,9,68,Major,Auto,Natural,1,2,15,1000,North,1
CLM101030,45,1.7,26459.29,2846.81,0,81,Minor,Property,Theft,1,0,11,500,West,0
CLM101031,56,13.3,11914.55,5808.99,11,19,Moderate,Health,Theft,1,1,6,1000,North,0
CLM101032,18,0.7,13290.67,5926.42,11,68,Moderate,Property,Medical,1,2,12,500,North,0
CLM101033,42,15.7,17710.52,2990.8,12,51,Major,Health,Natural,1,4,0,1000,South,0
CLM101034,60,13.5,9469.86,5518.41,12,41,Minor,Property,Natural,1,2,18,1000,Central,0
CLM101035,55,6.5,2842.89,2440.06,5,82,Minor,Life,Natural,1,1,12,1500,North,0
CLM101036,37,6.2,2627.49,5953.8,6,0,Moderate,Auto,Theft,1,1,0,2000,Central,0
CLM101037,20,16.1,22058.46,620.58,11,62,Minor,Property,Fire,1,1,1,2500,West,0
CLM101038,68,15.8,4746.84,1637.07,5,6,Major,Auto,Natural,1,0,0,1500,North,0
CLM101039,19,7.4,1427.56,2337.56,9,57,Major,Property,Accident,0,4,11,1500,East,0
CLM101040,35,6.3,59393.52,6297.02,10,85,Total Loss,Life,Medical,1,4,9,2000,South,0
CLM101041,61,11.4,59976.9,997.82,12,49,Major,Auto,Theft,1,3,1,1500,East,0
CLM101042,27,0.7,8125.64,1910.43,1,33,Minor,Life,Fire,1,1,0,500,South,0
CLM101043,22,2.1,1387.83,3189.68,12,50,Minor,Health,Accident,1,0,4,1500,North,0
CLM101044,26,3.0,53193.26207842958,568.81,15,22,Moderate,Auto,Natural,1,2,1,2500,North,1
CLM101045,19,4.1,27668.92,6215.91,2,25,Moderate,Property,Theft,0,0,3,500,Central,0
CLM101046,51,10.5,3003.21,4700.79,5,31,Major,Auto,Natural,0,1,13,2000,South,0
CLM101047,55,19.8,3183.34,7255.1,5,41,Total Loss,Health,Medical,0,0,8,2000,West,0
CLM101048,48,13.2,63076.47576269777,732.73,11,89,Minor,Health,Theft,1,1,5,2000,East,1
CLM101049,27,1.7,39247.9,2535.43,12,11,Total Loss,Property,Accident,1,2,11,500,West,0
CLM101050,67,10.7,59055.15961437955,5984.39,9,63,Minor,Life,Fire,0,2,11,2000,South,1
CLM101051,29,10.2,4361.13,5563.62,14,86,Major,Auto,Fire,0,4,8,2000,West,0
CLM101052,53,3.3,21836.720246488156,2322.93,10,90,Major,Life,Medical,0,3,14,2500,South,1
CLM101053,71,18.4,14775.99,4967.66,0,33,Moderate,Life,Fire,1,0,9,1000,Central,0
CLM101054,38,9.1,8142.381809180248,6453.18,13,90,Total Loss,Property,Fire,0,3,1,1000,Central,1
CLM101055,66,19.9,4547.28,750.36,11,69,Moderate,Auto,Medical,0,0,17,1000,West,0
CLM101056,64,8.7,5987.81,5882.21,8,26,Major,Health,Accident,1,4,6,2000,West,0
CLM101057,23,12.4,11685.36,2390.73,6,7,Total Loss,Property,Theft,1,4,8,500,South,0
CLM101058,65,2.5,11724.91,7608.88,10,46,Minor,Life,Theft,1,2,19,2000,Central,0
CLM101059,66,9.4,26253.9,4536.65,12,80,Moderate,Health,Medical,1,2,17,1000,West,0
CLM101060,20,5.2,57513.9577805364,750.4,5,50,Major,Life,Natural,0,2,2,2500,South,1
CLM101061,27,16.8,97143.36016534672,3525.73,8,85,Minor,Auto,Medical,0,0,12,2000,South,1
CLM101062,22,15.8,27837.6,7747.34,11,6,Major,Life,Medical,1,3,9,2000,West,0
CLM101063,63,16.6,5392.98,5977.8,4,87,Minor,Health,Medical,1,3,16,2000,East,0
CLM101064,43,14.6,7036.22,2753.59,3,88,Moderate,Auto,Medical,1,2,2,500,North,0
CLM101065,38,16.7,11409.91,4814.5,4,25,Minor,Property,Fire,1,4,8,2500,South,0
CLM101066,62,4.4,1215.61,4993.26,6,58,Total Loss,Life,Fire,1,3,16,2500,Central,0
CLM101067,43,9.3,36135.8,675.11,8,68,Minor,Auto,Accident,0,4,15,2500,North,0
CLM101068,55,14.0,1680.36,1841.25,0,46,Major,Auto,Medical,1,2,5,2500,South,0
CLM101069,61,12.9,6838.89,4638.33,4,34,Minor,Property,Theft,0,0,17,1000,East,0
CLM101070,43,14.5,13630.79,3520.64,2,29,Moderate,Property,Natural,1,1,5,2000,North,0
CLM101071,25,4.9,11942.23,1925.28,2,49,Major,Health,Fire,1,3,5,2500,Central,0
CLM101072,22,2.4,16939.7,6295.02,10,88,Major,Auto,Theft,0,2,16,1500,North,0
CLM101073,32,18.4,12246.4,4167.46,1,23,Major,Auto,Fire,1,2,9,1500,West,0
CLM101074,33,11.4,7372.056541625958,2824.8,8,59,Major,Health,Accident,1,3,1,1000,South,1
CLM101075,18,3.5,4367.38,1712.58,13,83,Total Loss,Life,Natural,1,1,0,1500,West,0
CLM101076,33,16.0,36667.24,5083.73,5,53,Major,Auto,Fire,1,0,10,1500,East,0
CLM101077,54,18.3,5597.2,5496.96,2,66,Major,Auto,Natural,1,3,5,1500,North,0
CLM101078,20,3.8,5947.93,5521.98,0,31,Major,Life,Natural,1,0,0,1000,West,0
CLM101079,69,16.4,14975.361325576258,2152.16,13,19,Moderate,Property,Theft,1,2,15,2000,East,1
CLM101080,64,18.7,3252.55,4965.04,1,49,Moderate,Property,Fire,1,3,8,1000,West,0
CLM101081,48,18.8,11617.0,7290.55,7,46,Major,Property,Natural,1,0,11,500,Central,0
CLM101082,30,18.3,17405.79,3148.91,2,86,Total Loss,Health,Medical,1,4,8,500,West,0
CLM101083,73,11.2,37106.08996109827,2080.75,6,60,Minor,Life,Natural,1,4,12,1500,South,1
CLM101084,33,7.4,34442.11945775401,6291.12,15,90,Total Loss,Property,Natural,1,4,6,1500,West,1
CLM101085,72,0.6,3396.12,1826.62,8,34,Major,Health,Fire,1,0,0,2000,West,0
CLM101086,60,1.7,10133.94,2403.12,4,60,Major,Life,Medical,0,4,2,1500,West,0
CLM101087,38,8.9,1590.26,1254.83,0,88,Total Loss,Property,Natural,0,2,2,500,West,0
CLM101088,19,8.3,2041.6829796519423,2509.06,16,90,Major,Auto,Fire,1,0,18,1500,West,1
CLM101089,71,4.1,9700.77,3577.51,10,50,Minor,Auto,Fire,1,2,3,2000,North,0
CLM101090,44,8.2,9624.167859693913,981.18,7,72,Moderate,Property,Natural,1,1,11,500,North,1
CLM101091,55,3.9,18249.88,7037.82,9,7,Minor,Property,Accident,1,0,3,1500,Central,0
CLM101092,43,17.1,20323.41,4352.56,2,33,Minor,Health,Accident,0,4,9,2000,North,0
CLM101093,55,6.3,34864.71,4910.78,10,24,Minor,Auto,Theft,0,4,3,2000,East,0
CLM101094,63,12.2,22449.46,3284.64,14,43,Total Loss,Life,Accident,1,1,10,500,South,0
CLM101095,42,10.3,1741.7,5523.76,3,82,Total Loss,Property,Accident,1,3,3,500,West,0
CLM101096,28,1.5,7969.22,3738.36,7,42,Minor,Life,Fire,0,1,10,500,West,0
CLM101097,25,18.9,5782.91,6209.85,14,49,Total Loss,Property,Fire,1,4,16,2000,West,0
CLM101098,25,10.8,8319.64,6660.52,4,12,Major,Auto,Natural,0,4,19,500,Central,0
CLM101099,50,6.8,3616.65,5538.87,11,45,Moderate,Property,Natural,1,3,19,500,Central,0
CLM101100,70,3.6,2542.19,4185.02,5,75,Total Loss,Life,Fire,1,1,12,2000,East,0
CLM101101,24,7.1,27786.30998137062,6367.02,16,90,Total Loss,Auto,Natural,1,2,16,2000,West,1
CLM101102,55,0.9,50378.751247004664,4207.14,9,90,Minor,Property,Fire,1,1,12,500,Central,1
CLM101103,38,7.6,55126.975895272,1336.32,7,77,Moderate,Auto,Accident,1,2,16,500,West,1
CLM101104,25,10.9,26072.02536320133,1372.55,6,90,Major,Health,Natural,0,4,18,500,North,1
CLM101105,68,17.5,12080.93,7614.37,9,1,Major,Life,Accident,1,4,19,2000,West,0
CLM101106,71,13.9,11895.25,2101.72,11,39,Moderate,Property,Theft,0,1,14,2500,East,0
CLM101107,38,2.7,18643.92,6619.44,0,22,Major,Property,Natural,0,4,3,1000,East,0
CLM101108,73,3.4,1736.67,2350.29,5,58,Moderate,Property,Fire,0,3,17,1500,Central,0
CLM101109,37,8.8,19562.74,3730.85,13,68,Minor,Life,Fire,1,0,10,1000,West,0
CLM101110,25,4.3,21802.74212109199,5412.11,14,70,Major,Health,Theft,1,2,8,2000,East,1
CLM101111,63,1.0,4311.73,1691.5,0,73,Major,Life,Fire,1,4,15,2500,North,0
CLM101112,48,16.2,1754.55,6029.35,9,26,Moderate,Property,Accident,1,2,2,2000,Central,0
CLM101113,67,0.9,2723.22,5674.35,11,54,Major,Life,Fire,0,1,17,500,North,0
CLM101114,74,16.7,12156.86,4573.12,2,3,Total Loss,Property,Theft,1,3,16,1500,East,0
CLM101115,46,3.3,22307.61,4744.17,11,67,Minor,Life,Medical,1,2,9,1000,Central,0
CLM101116,65,19.5,7111.8,1293.29,7,71,Major,Auto,Medical,1,4,4,2000,West,0
CLM101117,26,12.3,17953.563903928272,3769.62,11,90,Major,Life,Accident,0,0,14,2500,South,1
CLM101118,32,14.8,41804.82,1149.29,7,88,Major,Property,Medical,0,3,19,500,West,0
CLM101119,47,2.7,4593.15,2808.97,9,26,Moderate,Property,Fire,1,1,17,2500,West,0
CLM101120,43,17.3,6643.136405926918,7252.34,11,70,Minor,Life,Theft,0,4,4,1500,North,1
CLM101121,27,16.9,14421.255941925438,4809.0,5,74,Minor,Life,Accident,0,3,14,2500,West,1
CLM101122,46,13.2,44253.09727170706,6070.28,15,90,Major,Auto,Medical,1,4,5,2500,South,1
CLM101123,71,10.3,42606.31038133696,4804.14,11,64,Major,Health,Fire,0,1,7,500,Central,1
CLM101124,33,14.6,9062.56,1956.78,13,6,Moderate,Health,Fire,0,1,2,2500,Central,0
CLM101125,53,0.6,51180.42,4961.06,3,22,Minor,Auto,Natural,1,0,4,500,South,0
CLM101126,37,12.1,20920.18,6165.41,0,83,Total Loss,Health,Natural,0,3,17,1500,North,0
CLM101127,62,17.0,1957.86,1538.04,10,63,Major,Health,Theft,1,0,14,2000,South,0
CLM101128,71,7.5,21475.71,6626.8,2,28,Total Loss,Property,Accident,1,0,11,500,Central,0
CLM101129,54,2.6,1364.98,4665.44,4,60,Total Loss,Property,Medical,0,0,18,2000,South,0
CLM101130,39,8.7,16761.19,532.06,13,43,Minor,Property,Medical,1,2,6,1000,North,0
CLM101131,24,14.7,4545.01,4398.34,9,68,Total Loss,Life,Fire,0,1,0,2500,West,0
CLM101132,40,2.6,18882.75,3467.54,7,26,Major,Life,Medical,0,0,1,2000,West,0
CLM101133,58,4.5,6561.16,2723.35,1,11,Major,Health,Theft,0,2,18,2500,Central,0
CLM101134,57,3.4,31954.27,6284.43,1,16,Moderate,Life,Natural,0,2,12,500,North,0
CLM101135,46,16.0,7162.76,7246.25,7,36,Minor,Property,Fire,1,2,19,2500,West,0
CLM101136,33,1.7,24346.325925973084,6219.9,15,54,Minor,Life,Accident,0,0,17,1500,West,1
CLM101137,55,13.9,6051.56,6850.79,8,35,Total Loss,Health,Fire,0,2,9,2000,West,0
CLM101138,45,7.6,38373.81,7315.86,9,5,Major,Property,Medical,1,0,12,2500,East,0
CLM101139,65,15.2,23779.98,7344.72,12,31,Major,Health,Theft,0,3,4,2000,West,0
CLM101140,55,19.3,11967.548963472083,1359.79,19,85,Moderate,Life,Accident,0,1,12,2000,East,1
CLM101141,48,2.7,45579.27,3922.89,0,21,Total Loss,Auto,Fire,1,4,8,1500,South,0
CLM101142,31,6.6,7627.84,502.15,13,9,Major,Auto,Medical,1,0,0,500,Central,0
CLM101143,70,16.3,16827.47,4298.47,1,28,Minor,Property,Fire,0,1,5,2500,Central,0
CLM101144,50,5.7,21371.62,7431.83,14,10,Moderate,Health,Accident,0,0,0,1000,East,0
CLM101145,74,4.7,3647.41242784004,1993.27,6,90,Minor,Auto,Medical,1,3,17,2000,North,1
CLM101146,26,16.6,48900.81,5298.4,11,55,Moderate,Auto,Natural,1,1,15,500,East,0
CLM101147,74,19.7,7334.01,5332.84,2,84,Minor,Property,Accident,0,1,7,1000,West,0
CLM101148,44,11.4,11207.018799128602,1702.65,7,77,Total Loss,Property,Natural,0,2,5,2000,North,1
CLM101149,41,5.9,49632.13086916116,2288.96,9,62,Major,Health,Natural,0,0,12,1000,Central,1
CLM101150,30,8.3,19205.26,3965.16,10,60,Minor,Auto,Medical,0,0,16,2500,South,0
CLM101151,43,3.8,6533.782895935183,1911.57,17,31,Total Loss,Health,Fire,0,4,12,2500,South,1
CLM101152,46,15.4,2867.21,4887.45,10,29,Minor,Health,Fire,1,2,9,2000,East,0
CLM101153,68,15.6,19839.09,4134.06,1,71,Total Loss,Property,Theft,0,2,5,2000,East,0
CLM101154,66,17.6,2165.91,4393.99,9,36,Moderate,Health,Accident,1,4,17,2500,East,0
CLM101155,60,1.0,38365.46,1508.51,4,4,Total Loss,Life,Accident,1,2,19,500,East,0
CLM101156,45,11.5,21295.22,4379.39,0,25,Minor,Health,Medical,0,2,12,1000,Central,0
CLM101157,45,4.7,11522.479933553981,871.09,18,90,Major,Auto,Medical,1,3,14,2000,West,1
CLM101158,25,7.1,22405.75401911615,7111.51,9,90,Moderate,Health,Theft,1,1,5,2000,Central,1
CLM101159,40,15.8,11593.37,3074.37,9,0,Moderate,Life,Theft,0,4,10,1500,South,0
CLM101160,46,4.2,14079.342797022804,6922.53,7,36,Total Loss,Life,Natural,0,3,7,1000,South,1
CLM101161,22,12.9,23950.29,5762.42,10,84,Minor,Auto,Theft,1,3,13,2500,South,0
CLM101162,59,13.3,56176.18,6246.29,2,70,Total Loss,Auto,Fire,0,3,12,2000,West,0
CLM101163,24,19.1,14174.87,2859.08,2,63,Moderate,Health,Natural,1,2,1,2000,West,0
CLM101164,59,15.6,9859.87,2208.08,3,78,Major,Life,Theft,0,4,0,2500,North,0
CLM101165,53,16.2,7996.8537492358155,3550.55,12,41,Total Loss,Life,Fire,1,2,4,1000,West,1
CLM101166,58,10.9,27217.01678251313,681.69,15,18,Minor,Health,Fire,0,2,10,500,South,1
CLM101167,44,4.1,18355.23,7390.67,8,50,Total Loss,Auto,Natural,0,3,9,2500,West,0
CLM101168,63,8.8,18336.82,3402.61,2,37,Total Loss,Life,Natural,0,0,11,500,West,0
CLM101169,19,11.2,1410.34,7914.17,0,28,Total Loss,Health,Fire,1,4,9,2000,West,0
CLM101170,42,13.7,35407.67,6210.87,14,45,Major,Auto,Medical,1,4,8,500,East,0
CLM101171,26,12.4,14488.165617356635,1103.86,13,74,Minor,Health,Natural,1,3,1,500,West,1
CLM101172,70,8.2,21448.38,5451.41,9,45,Minor,Auto,Accident,0,3,3,2500,East,0
CLM101173,44,5.7,22394.68,2531.29,14,74,Moderate,Auto,Medical,1,1,3,2000,South,0
CLM101174,18,3.8,16771.14,2327.89,0,67,Moderate,Life,Accident,1,3,5,1000,North,0
CLM101175,40,14.0,8534.59,2424.22,11,58,Total Loss,Property,Theft,1,2,11,1500,Central,0
CLM101176,27,13.1,15062.11,7370.56,10,9,Moderate,Life,Natural,0,3,6,500,North,0
CLM101177,59,13.9,1615.43,4249.85,5,3,Minor,Health,Natural,1,4,18,2000,Central,0
CLM101178,69,7.8,22525.7,5521.03,4,51,Total Loss,Auto,Fire,1,0,1,1500,South,0
CLM101179,42,5.6,2573.55,2607.11,9,73,Moderate,Life,Natural,1,0,18,1000,East,0
CLM101180,71,15.3,17358.931987075568,4422.16,11,42,Major,Auto,Accident,1,2,3,1500,West,1
CLM101181,20,15.6,2640.84,3125.75,6,75,Moderate,Life,Medical,0,0,2,1000,East,0
CLM101182,23,9.4,28216.93,2908.54,2,50,Major,Health,Theft,1,3,3,1500,Central,0
CLM101183,23,12.4,29731.760522662487,2352.27,13,58,Moderate,Health,Medical,1,0,13,1000,West,1
CLM101184,70,7.8,18614.03,3567.55,8,24,Minor,Health,Accident,1,3,5,500,Central,0
CLM101185,19,14.2,47343.34068583696,5450.23,12,90,Moderate,Life,Theft,1,1,5,1500,Central,1
CLM101186,35,16.8,28640.07,2165.33,2,36,Major,Property,Fire,1,4,8,1000,West,0
CLM101187,40,13.9,3133.3,7740.83,9,67,Major,Health,Natural,1,2,4,2000,North,0
CLM101188,19,10.5,17170.16,1434.59,4,76,Moderate,Life,Natural,1,1,6,2500,North,0
CLM101189,29,9.4,13839.72,4101.55,12,17,Total Loss,Property,Fire,1,0,12,1500,Central,0
CLM101190,39,13.0,1470.77,1137.71,12,28,Major,Life,Accident,1,2,0,1500,South,0
CLM101191,54,13.8,4373.86,669.99,13,29,Minor,Life,Fire,0,3,1,1500,East,0
CLM101192,37,11.4,5670.84,7420.08,7,6,Moderate,Health,Accident,1,1,19,1500,North,0
CLM101193,56,12.7,2129.85,6577.89,1,87,Major,Property,Theft,0,4,9,2500,West,0
CLM101194,41,2.4,7571.06,5706.17,13,40,Moderate,Life,Medical,1,4,5,1500,Central,0
CLM101195,65,19.1,3201.481076323757,6988.93,17,83,Moderate,Life,Medical,1,1,3,500,East,1
CLM101196,37,15.9,38839.14388075128,6521.36,11,65,Total Loss,Life,Fire,1,1,7,500,East,1
CLM101197,18,7.8,8286.519042205271,5354.28,13,38,Moderate,Life,Natural,0,1,13,2000,Central,1
CLM101198,18,11.5,6074.17,6855.07,9,20,Moderate,Health,Fire,1,0,15,2500,East,0
CLM101199,34,1.4,37198.0,3431.0,9,42,Moderate,Life,Natural,0,4,14,2000,South,0
CLM101200,18,1.3,11481.95,4645.64,6,50,Minor,Property,Fire,1,4,12,500,Central,0
CLM101201,70,5.4,5700.41,6322.33,10,70,Moderate,Auto,Fire,1,0,11,1500,East,0
CLM101202,69,13.9,14686.79,1135.99,11,12,Minor,Property,Medical,1,2,6,1500,East,0
CLM101203,62,17.1,4378.53,6939.84,13,52,Moderate,Life,Natural,1,4,14,1000,North,0
CLM101204,47,11.4,2159.63,1676.23,12,86,Total Loss,Life,Medical,0,2,5,2500,East,0
CLM101205,58,10.9,1316.92,6984.06,7,62,Total Loss,Property,Natural,1,2,13,1000,East,0
CLM101206,64,8.3,46401.86,2835.0,0,56,Major,Auto,Theft,0,2,14,2500,North,0
CLM101207,20,3.7,20343.55,2950.87,7,24,Moderate,Health,Theft,1,4,10,2500,Central,0
CLM101208,63,2.8,25137.68,1054.62,13,12,Total Loss,Auto,Theft,1,3,3,1500,North,0
CLM101209,72,15.3,109649.0950691874,7144.25,2,55,Total Loss,Auto,Accident,1,2,4,1500,West,1
CLM101210,28,18.6,41242.03,1808.83,2,29,Moderate,Auto,Medical,1,3,1,2000,West,0
CLM101211,41,9.4,21029.07,5225.37,8,89,Major,Property,Medical,1,0,19,500,South,0
CLM101212,39,13.4,18761.92,5329.76,3,11,Minor,Auto,Theft,1,3,14,500,East,0
CLM101213,61,18.3,7161.31,2608.64,9,64,Total Loss,Health,Fire,1,3,9,1500,West,0
CLM101214,62,2.3,2647.51,7892.46,12,17,Total Loss,Life,Medical,0,1,3,500,Central,0
CLM101215,43,15.5,13789.97,981.25,8,84,Minor,Property,Natural,1,2,7,2500,Central,0
CLM101216,30,12.5,13879.29,5059.04,0,61,Total Loss,Property,Medical,0,4,10,500,West,0
CLM101217,18,12.2,46622.65,4096.58,7,23,Minor,Auto,Medical,1,1,16,2000,North,0
CLM101218,41,6.2,9766.3,2341.13,2,59,Minor,Life,Natural,1,3,6,500,South,0
CLM101219,27,13.8,18606.87,1726.64,10,16,Major,Life,Theft,1,0,10,500,North,0
CLM101220,52,16.0,35379.01757012748,6028.13,10,90,Minor,Life,Theft,0,4,9,2000,South,1
CLM101221,41,2.7,3917.62,7372.36,1,8,Minor,Property,Natural,0,0,0,2000,West,0
CLM101222,45,10.9,14449.69,1306.6,12,51,Minor,Health,Medical,1,3,7,1500,North,0
CLM101223,53,2.5,24939.943537121322,1954.85,11,38,Minor,Life,Medical,1,0,4,2000,West,1
CLM101224,33,17.5,11215.49,7897.02,6,76,Total Loss,Property,Theft,1,1,12,1500,South,0
CLM101225,57,10.4,11805.4,612.67,8,27,Minor,Auto,Accident,0,0,6,2500,Central,0
CLM101226,33,16.3,3686.68,4311.89,1,80,Total Loss,Life,Theft,1,1,10,1000,North,0
CLM101227,34,7.7,10339.71,4370.85,7,8,Moderate,Auto,Natural,0,2,11,500,West,0
CLM101228,68,2.9,26287.0162043773,2473.71,7,87,Moderate,Life,Accident,1,4,13,2000,South,1
CLM101229,71,1.3,11083.98,5472.72,9,84,Minor,Auto,Accident,1,0,11,500,Central,0
CLM101230,32,6.0,29740.92123239939,7587.06,15,90,Major,Property,Natural,1,1,0,2500,North,1
CLM101231,33,5.3,2210.31,3876.6,7,35,Major,Auto,Fire,0,3,5,1000,South,0
CLM101232,32,11.4,4175.16,6120.65,2,55,Total Loss,Property,Theft,1,3,10,2000,North,0
CLM101233,74,0.9,6806.41,5345.53,2,88,Total Loss,Auto,Medical,1,1,10,1500,North,0
CLM101234,51,10.7,9154.03,4047.06,10,70,Moderate,Auto,Theft,1,4,11,1500,East,0
CLM101235,28,8.1,14518.72,873.59,11,19,Total Loss,Auto,Natural,1,2,0,2000,West,0
CLM101236,18,11.8,56751.55802239992,6063.12,13,66,Major,Life,Medical,1,2,19,2000,East,1
CLM101237,32,14.2,3600.39,3224.39,7,59,Moderate,Health,Fire,0,4,19,2500,North,0
CLM101238,43,12.9,3221.635770648622,2183.71,10,73,Minor,Health,Natural,1,0,5,1000,South,1
CLM101239,68,19.7,9946.76,7612.01,1,73,Total Loss,Life,Theft,1,1,12,2000,West,0
CLM101240,21,3.2,17172.228731468655,6301.27,4,10,Minor,Auto,Accident,1,2,11,1500,South,1
CLM101241,60,8.9,13041.12,7717.02,13,77,Total Loss,Auto,Natural,0,4,9,1000,South,0
CLM101242,22,8.8,27866.35,2421.63,13,44,Major,Life,Natural,0,2,6,2000,Central,0
CLM101243,52,8.6,73658.02459640881,6768.45,14,90,Total Loss,Property,Theft,1,2,9,1000,North,1
CLM101244,30,13.4,2581.13,5057.91,1,39,Major,Property,Fire,0,0,17,2500,South,0
CLM101245,27,10.1,41770.46,7861.28,7,37,Major,Life,Theft,1,2,5,2000,North,0
CLM101246,28,10.6,2754.99,7597.38,4,23,Minor,Health,Theft,1,1,7,2000,East,0
CLM101247,35,8.9,16100.23,7797.26,5,3,Total Loss,Property,Fire,1,4,19,1000,East,0
CLM101248,51,19.8,34462.09973079414,7638.26,16,90,Minor,Life,Fire,1,0,8,2000,South,1
CLM101249,56,18.6,18085.77,557.46,9,12,Major,Property,Natural,1,0,15,1000,North,0
CLM101250,58,6.5,5625.44,6058.14,14,20,Major,Life,Accident,1,4,1,1000,Central,0
CLM101251,59,2.7,7014.89,2539.51,11,31,Major,Property,Theft,0,1,10,2000,West,0
CLM101252,67,16.9,12933.58,5787.7,3,37,Major,Property,Accident,1,2,18,1500,East,0
CLM101253,40,19.9,4339.42,7854.58,2,31,Moderate,Life,Fire,0,2,3,2500,East,0
CLM101254,24,6.2,1307.79,795.2,7,78,Major,Health,Fire,1,1,2,1000,Central,0
CLM101255,56,7.5,13387.99,4752.41,8,56,Total Loss,Health,Theft,0,3,14,1500,South,0
CLM101256,20,18.9,10390.14,6012.15,14,47,Major,Property,Natural,1,4,7,1000,East,0
CLM101257,29,14.4,17038.62,2400.19,12,29,Moderate,Property,Theft,1,1,3,1500,East,0
CLM101258,24,6.3,3379.67,2188.41,14,70,Total Loss,Health,Natural,0,2,10,2000,West,0
CLM101259,66,11.8,28575.68,952.59,7,37,Moderate,Life,Medical,1,4,16,2500,Central,0
CLM101260,43,18.9,3371.25,1204.4,8,43,Moderate,Auto,Natural,1,4,8,1500,Central,0
CLM101261,50,16.3,34293.47,5425.62,0,25,Total Loss,Property,Theft,1,2,0,500,North,0
CLM101262,54,15.0,9954.5,4289.08,4,89,Moderate,Auto,Theft,1,1,7,1000,Central,0
CLM101263,65,14.9,12971.13,725.54,11,1,Major,Property,Natural,1,3,1,1500,West,0
CLM101264,32,4.0,35034.55,7772.46,6,42,Minor,Health,Accident,0,4,12,2500,Central,0
CLM101265,19,16.6,6348.26,5420.34,7,42,Minor,Life,Natural,0,4,0,2500,North,0
CLM101266,58,5.9,4010.22,4366.01,13,62,Minor,Property,Medical,1,4,9,2500,West,0
CLM101267,24,18.6,9852.14,2545.43,10,72,Total Loss,Auto,Medical,1,1,11,1500,East,0
CLM101268,49,7.6,5203.0,5435.74,1,57,Total Loss,Health,Accident,1,4,10,1500,South,0
CLM101269,21,17.2,12256.68,3231.26,11,47,Total Loss,Property,Medical,1,2,9,2000,East,0
CLM101270,37,5.7,5829.09,5768.71,10,4,Minor,Life,Theft,1,2,13,500,North,0
CLM101271,67,10.5,81311.2714963346,5619.29,19,90,Minor,Property,Accident,0,0,13,1500,West,1
CLM101272,70,2.6,15021.58,1195.58,3,34,Total Loss,Life,Accident,0,4,7,2000,East,0
CLM101273,53,13.4,1003.61,7319.46,6,15,Minor,Life,Accident,1,3,10,1000,North,0
CLM101274,49,16.8,25557.82,4152.31,4,82,Moderate,Health,Natural,0,0,8,500,East,0
CLM101275,45,14.5,7011.92,3447.09,0,48,Moderate,Property,Natural,1,4,14,2500,South,0
CLM101276,30,10.7,6789.53,7665.97,12,59,Minor,Life,Accident,1,4,0,500,East,0
CLM101277,18,1.4,22773.504332832297,3786.57,20,69,Total Loss,Health,Medical,0,1,18,1000,East,1
CLM101278,73,18.7,15924.43,5909.16,1,81,Major,Property,Theft,0,1,17,1500,East,0
CLM101279,52,14.3,9752.58,5413.52,4,58,Major,Life,Theft,0,2,11,1500,North,0
CLM101280,65,15.0,15858.57,1738.55,5,63,Minor,Health,Natural,0,0,7,2000,West,0
CLM101281,47,16.0,3381.08,7933.57,0,12,Major,Property,Fire,1,0,4,1500,Central,0
CLM101282,71,15.1,53680.83,3977.03,11,25,Total Loss,Life,Accident,0,0,12,1500,North,0
CLM101283,53,9.1,20618.14,3460.87,2,69,Moderate,Health,Fire,0,2,16,500,Central,0
CLM101284,74,14.8,5319.37,7397.1,5,2,Moderate,Health,Theft,1,3,0,1000,Central,0
CLM101285,72,12.7,20319.55,4469.29,5,86,Total Loss,Property,Natural,1,3,1,2500,East,0
CLM101286,42,17.2,13835.89,5788.08,6,11,Major,Health,Natural,1,3,6,2500,South,0
CLM101287,33,16.1,2734.34,6846.85,9,40,Minor,Property,Natural,1,0,1,2000,Central,0
CLM101288,36,1.3,3943.81,2266.21,11,78,Moderate,Property,Natural,1,4,3,1000,Central,0
CLM101289,18,7.9,1632.78,1771.0,13,64,Major,Life,Natural,0,0,12,500,East,0
CLM101290,22,1.2,25850.94,1013.8,13,62,Major,Property,Accident,1,4,13,2500,South,0
CLM101291,68,2.5,13034.55,7228.5,2,49,Moderate,Health,Fire,1,1,19,2000,East,0
CLM101292,39,12.2,6713.39,2002.75,0,46,Moderate,Property,Theft,1,2,2,1500,Central,0
CLM101293,41,17.5,3026.04,2808.16,12,7,Minor,Life,Theft,0,3,8,1500,North,0
CLM101294,60,2.8,18399.00802671899,2643.55,9,42,Total Loss,Health,Natural,1,0,17,500,Central,1
CLM101295,62,9.3,12174.86,2784.41,11,10,Major,Life,Natural,0,0,15,2500,North,0
CLM101296,69,18.3,19157.33,5510.46,10,16,Minor,Auto,Natural,0,1,18,1500,West,0
CLM101297,54,16.4,53567.01,7655.85,2,26,Moderate,Life,Medical,1,4,19,2000,South,0
CLM101298,70,10.6,9562.5,2970.9,4,26,Total Loss,Auto,Theft,1,3,8,2000,West,0
CLM101299,53,15.5,8814.0,3557.35,3,77,Total Loss,Auto,Natural,0,2,18,2500,East,0
CLM101300,53,10.7,7928.87,6283.6,11,86,Major,Property,Fire,1,4,5,500,Central,0
CLM101301,21,3.6,43752.497827809915,3742.53,17,90,Total Loss,Health,Medical,1,4,11,2000,West,1
CLM101302,53,2.9,3549.68,7445.32,0,68,Moderate,Property,Accident,1,3,14,1000,South,0
CLM101303,69,4.2,7319.64,4274.14,11,46,Moderate,Health,Medical,1,2,5,2000,North,0
CLM101304,70,7.3,20363.17,3108.01,6,18,Moderate,Life,Medical,1,3,4,500,North,0
CLM101305,35,18.6,2966.435151493304,7786.79,16,83,Minor,Auto,Medical,1,3,13,2000,East,1
CLM101306,67,16.1,6124.28,3693.36,12,30,Moderate,Auto,Fire,1,0,18,1500,East,0
CLM101307,33,8.9,39818.33492892822,2233.81,9,43,Minor,Auto,Theft,0,2,17,500,Central,1
CLM101308,58,10.1,4086.04,1832.76,0,44,Moderate,Life,Natural,0,4,12,1500,West,0
CLM101309,35,5.7,15598.699524380936,7963.86,15,56,Moderate,Life,Fire,0,3,8,1500,Central,1
CLM101310,39,14.2,10984.3,6147.41,5,60,Total Loss,Property,Fire,1,1,19,2500,North,0
CLM101311,19,16.2,20146.131507664617,3564.95,8,39,Major,Property,Natural,1,2,6,500,North,1
CLM101312,38,5.2,2681.2,6697.73,12,28,Moderate,Health,Medical,1,1,11,1500,West,0
CLM101313,53,1.3,124110.62268828295,4601.05,5,62,Total Loss,Health,Accident,0,4,8,2500,Central,1
CLM101314,61,12.7,1679.55,2880.42,14,28,Total Loss,Auto,Medical,1,2,1,2500,East,0
CLM101315,56,11.5,21778.99,6075.39,1,1,Major,Life,Medical,1,0,2,1500,West,0
CLM101316,64,8.3,2111.53,6094.21,0,5,Total Loss,Life,Theft,1,2,4,1500,East,0
CLM101317,56,13.1,10446.83,4251.27,2,8,Total Loss,Property,Medical,1,4,17,1000,West,0
CLM101318,46,11.2,3893.06,838.69,9,14,Major,Property,Accident,1,0,13,500,East,0
CLM101319,71,5.4,3281.5,1077.67,4,83,Minor,Health,Fire,1,4,18,2500,South,0
CLM101320,43,8.3,3018.37,6415.62,11,57,Major,Health,Medical,1,2,4,500,North,0
CLM101321,38,8.8,10043.75,6676.07,8,1,Major,Property,Fire,1,4,9,2500,West,0
CLM101322,34,17.7,30125.58465608014,5587.17,18,35,Moderate,Property,Theft,1,2,15,2000,South,1
CLM101323,33,19.2,3147.4,6793.01,14,51,Moderate,Life,Accident,0,0,19,2000,West,0
CLM101324,48,17.9,95444.98388941096,5896.16,9,79,Minor,Health,Natural,0,2,0,2500,North,1
CLM101325,68,14.5,5471.36,7227.01,3,52,Major,Property,Natural,1,4,3,1000,North,0
CLM101326,26,11.9,10210.64,1627.99,7,71,Major,Property,Theft,1,4,4,2000,East,0
CLM101327,48,13.9,4655.35,3408.06,11,39,Minor,Auto,Accident,1,4,10,500,North,0
CLM101328,31,18.8,11215.99,3980.83,3,84,Moderate,Property,Fire,1,1,13,1500,North,0
CLM101329,66,5.4,22159.83,2732.48,5,38,Major,Property,Theft,0,1,10,500,North,0
CLM101330,54,10.9,12044.02,5940.25,11,42,Minor,Life,Medical,1,1,7,500,Central,0
CLM101331,19,13.9,6045.71,7343.29,0,12,Moderate,Property,Fire,0,3,0,500,Central,0
CLM101332,69,13.7,5283.2,3593.62,13,36,Total Loss,Health,Medical,0,2,6,2500,North,0
CLM101333,65,5.4,59816.38604647735,7561.56,12,83,Minor,Auto,Medical,1,1,12,2500,Central,1
CLM101334,63,11.9,5524.475307214399,4375.77,14,58,Minor,Life,Fire,1,4,19,500,West,1
CLM101335,31,16.0,7929.73,4418.87,4,13,Major,Health,Medical,1,4,5,1500,South,0
CLM101336,50,9.8,3463.97,5001.65,13,64,Total Loss,Auto,Natural,1,1,3,1000,South,0
CLM101337,52,16.0,5475.6,2512.48,1,26,Moderate,Auto,Fire,1,1,11,1000,Central,0
CLM101338,56,7.5,3485.21,3375.2,0,23,Total Loss,Property,Theft,0,4,4,2000,South,0
CLM101339,64,18.8,33675.34,4649.28,12,21,Major,Auto,Natural,1,1,4,2000,Central,0
CLM101340,68,10.9,20746.16,7564.87,5,77,Major,Auto,Theft,0,3,16,1500,East,0
CLM101341,37,12.1,13346.35,5320.19,10,44,Moderate,Property,Accident,0,3,5,500,North,0
CLM101342,19,1.1,12437.526146217491,2998.37,7,24,Moderate,Life,Theft,1,3,9,2500,South,1
CLM101343,68,3.8,11707.19,578.51,8,66,Moderate,Property,Fire,1,0,15,2000,North,0
CLM101344,58,12.8,12035.6,7862.49,8,63,Major,Life,Theft,1,3,13,500,South,0
CLM101345,36,8.7,14388.75,4197.38,0,46,Moderate,Auto,Accident,0,4,9,1000,West,0
CLM101346,54,10.4,1929.49,7538.71,14,20,Moderate,Health,Medical,0,0,16,1500,West,0
CLM101347,35,1.7,55124.41,4620.09,4,31,Moderate,Life,Fire,0,4,4,2500,Central,0
CLM101348,33,16.8,16515.155052450373,5040.99,14,66,Minor,Life,Natural,0,4,1,2500,North,1
CLM101349,21,15.8,40163.53,5839.34,3,43,Moderate,Life,Natural,0,1,3,2000,Central,0
CLM101350,29,4.1,3041.846178844548,2907.32,7,57,Major,Life,Theft,1,2,17,500,East,1
CLM101351,46,12.9,5266.48,5742.38,4,51,Minor,Auto,Natural,0,3,7,2500,Central,0
CLM101352,24,16.5,2647.15,4450.94,4,87,Major,Health,Accident,0,2,13,1000,Central,0
CLM101353,31,13.0,23020.13,5543.6,7,10,Total Loss,Life,Natural,1,2,12,1000,Central,0
CLM101354,72,6.6,6787.7,6768.75,5,84,Minor,Health,Theft,1,1,6,1500,South,0
CLM101355,29,13.3,66034.18762201526,1881.72,17,52,Moderate,Auto,Natural,0,2,8,1500,South,1
CLM101356,52,4.6,71732.93404113648,5101.63,6,32,Minor,Life,Medical,1,3,3,1000,East,1
CLM101357,22,6.7,17530.04,890.83,10,26,Major,Health,Medical,1,0,4,1000,North,0
CLM101358,34,5.2,17439.42,1265.86,0,42,Minor,Life,Natural,1,4,14,500,West,0
CLM101359,59,11.4,19067.58,5559.46,12,64,Total Loss,Life,Fire,1,3,8,2500,North,0
CLM101360,49,2.6,39901.09641094208,1032.03,9,86,Moderate,Auto,Natural,1,1,17,500,West,1
CLM101361,27,18.7,8338.61,4965.18,1,28,Moderate,Life,Medical,1,0,13,1500,South,0
CLM101362,60,7.0,18224.65,2150.09,3,20,Total Loss,Health,Medical,1,1,14,1500,Central,0
CLM101363,34,4.8,35154.78,2780.64,2,28,Major,Health,Accident,1,3,0,1500,East,0
CLM101364,22,10.2,7064.89,1472.27,14,8,Minor,Auto,Theft,1,4,18,2500,East,0
CLM101365,62,5.9,44476.1,2365.01,14,60,Major,Property,Accident,1,2,0,2000,East,0
CLM101366,59,10.9,1205.12,6659.69,8,61,Major,Property,Fire,1,2,5,1500,North,0
CLM101367,26,7.3,20102.02773836847,5291.59,16,90,Major,Auto,Theft,1,1,7,1500,South,1
CLM101368,66,3.1,3125.15,7623.2,4,4,Moderate,Auto,Natural,1,0,3,500,South,0
CLM101369,50,5.7,3030.77,865.59,3,14,Minor,Property,Natural,0,4,15,500,Central,0
CLM101370,53,9.0,76944.13759628881,6443.09,14,78,Moderate,Property,Fire,1,1,10,2000,North,1
CLM101371,53,1.1,38583.07,5743.08,8,4,Moderate,Health,Medical,1,4,3,2000,Central,0
CLM101372,35,15.5,61579.04436300852,2456.69,5,58,Moderate,Health,Natural,1,1,10,2000,West,1
CLM101373,26,12.6,57335.37,5968.75,5,80,Minor,Health,Accident,0,0,9,2000,South,0
CLM101374,74,12.2,4656.49,5874.11,13,3,Total Loss,Property,Medical,1,3,16,500,East,0
CLM101375,46,11.1,8571.621744599655,3945.09,13,90,Moderate,Auto,Natural,1,2,8,1500,Central,1
CLM101376,67,12.0,12031.55,5664.8,0,84,Moderate,Life,Medical,1,4,9,500,West,0
CLM101377,31,18.7,27494.68,3834.36,14,33,Moderate,Health,Theft,1,4,7,1000,East,0
CLM101378,42,0.7,1609.82,3016.59,12,39,Minor,Life,Natural,1,0,13,1000,East,0
CLM101379,32,1.4,82275.65,3998.68,1,68,Minor,Auto,Natural,1,4,12,1500,Central,0
CLM101380,23,4.2,14828.82,7213.47,14,67,Major,Property,Medical,1,3,2,2000,Central,0
CLM101381,73,3.8,58906.99,3384.38,3,21,Moderate,Health,Theft,1,3,13,1500,Central,0
CLM101382,59,4.0,14260.691978912553,3527.66,14,39,Moderate,Property,Accident,1,0,13,1000,South,1
CLM101383,46,13.6,10188.0,5063.02,5,67,Minor,Auto,Theft,1,1,2,1500,North,0
CLM101384,32,9.5,21936.78,6147.5,5,7,Minor,Health,Accident,1,1,15,2000,Central,0
CLM101385,46,19.8,24603.86,6009.66,10,66,Moderate,Auto,Fire,1,4,9,500,South,0
CLM101386,21,4.9,4979.67,648.49,8,45,Total Loss,Auto,Theft,0,4,3,2000,North,0
CLM101387,35,6.6,40846.34,5655.61,11,28,Major,Health,Accident,1,0,19,500,West,0
CLM101388,67,19.7,63610.32364676412,3879.16,5,90,Major,Life,Medical,1,3,17,1000,North,1
CLM101389,74,16.7,1275.6,4430.67,2,11,Moderate,Health,Accident,1,0,3,2500,South,0
CLM101390,66,9.7,3064.26,4712.48,6,78,Major,Property,Fire,1,1,1,1500,South,0
CLM101391,61,11.3,11280.58,5987.9,11,51,Major,Life,Accident,1,3,10,2500,North,0
CLM101392,56,16.9,10269.36,6735.0,14,57,Moderate,Health,Theft,1,4,14,2000,North,0
CLM101393,33,9.9,19485.11,5346.96,6,1,Major,Health,Accident,0,1,10,500,South,0
CLM101394,28,4.5,2409.9,4729.3,8,0,Minor,Health,Theft,0,2,5,2000,South,0
CLM101395,31,16.7,27892.80290541251,3303.27,21,90,Moderate,Health,Fire,0,1,17,2000,West,1
CLM101396,20,11.0,15371.15,1534.09,5,33,Minor,Health,Accident,0,3,17,1000,South,0
CLM101397,68,3.5,4991.15,7689.33,1,63,Moderate,Property,Accident,1,3,0,2000,South,0
CLM101398,67,10.4,12726.2,3963.82,5,67,Minor,Auto,Fire,1,0,12,1500,East,0
CLM101399,59,8.6,4769.43,4746.59,14,81,Major,Property,Accident,1,3,0,1000,East,0
CLM101400,55,17.6,3383.58,6133.05,7,11,Total Loss,Auto,Theft,1,2,12,2500,East,0
CLM101401,62,3.0,13769.31,1013.08,5,49,Minor,Health,Natural,1,2,4,2000,Central,0
CLM101402,59,17.6,57896.46,6912.58,8,20,Minor,Property,Natural,0,3,16,2500,Central,0
CLM101403,35,10.5,5056.15,6477.69,14,9,Total Loss,Auto,Theft,0,4,15,1500,South,0
CLM101404,37,8.4,7585.39,6308.21,3,84,Total Loss,Auto,Accident,1,3,17,1500,East,0
CLM101405,65,3.7,5447.28,664.87,2,88,Minor,Health,Theft,0,4,9,1500,West,0
CLM101406,42,14.2,12982.946803650842,4448.89,14,90,Minor,Health,Fire,1,3,16,2500,West,1
CLM101407,74,18.6,19024.174900428865,907.01,8,90,Minor,Life,Theft,0,1,6,2500,West,1
CLM101408,55,7.8,19152.66,4631.54,2,13,Moderate,Life,Natural,1,3,14,500,South,0
CLM101409,30,5.2,3094.9692327206135,5888.36,13,52,Minor,Auto,Medical,1,1,18,1000,East,1
CLM101410,21,11.3,48241.71,1413.88,11,81,Minor,Life,Fire,1,4,8,2000,South,0
CLM101411,72,16.0,1710.78,5711.62,1,29,Total Loss,Property,Accident,0,3,4,1000,South,0
CLM101412,31,0.6,32961.42,3871.5,1,72,Total Loss,Auto,Theft,0,4,9,1500,West,0
CLM101413,50,12.8,34718.34,6586.65,3,13,Moderate,Property,Fire,1,2,12,2000,East,0
CLM101414,45,12.1,12150.48,4501.92,2,51,Moderate,Life,Natural,1,0,0,500,Central,0
CLM101415,69,6.7,5148.230706854384,3020.91,12,49,Major,Property,Accident,0,4,5,1000,North,1
CLM101416,54,9.3,13491.17,2989.94,13,61,Minor,Auto,Theft,0,1,2,1500,South,0
CLM101417,25,5.3,15858.43,7231.15,6,21,Minor,Property,Theft,0,0,16,2000,East,0
CLM101418,61,15.9,30253.48,3896.54,5,52,Total Loss,Auto,Accident,1,3,11,2000,North,0
CLM101419,51,12.9,37683.87115049347,3543.15,15,52,Major,Life,Medical,1,1,10,1500,North,1
CLM101420,61,10.9,8932.54,799.05,11,75,Minor,Auto,Medical,0,0,7,2500,Central,0
CLM101421,22,8.2,28329.37,3232.43,7,54,Major,Life,Fire,1,0,11,1000,Central,0
CLM101422,71,6.2,60411.74,6872.2,8,79,Moderate,Health,Theft,1,4,10,2000,South,0
CLM101423,22,16.5,16538.92,6207.41,2,21,Minor,Life,Fire,1,3,4,2500,South,0
CLM101424,48,9.3,77344.52399224456,2156.85,17,70,Minor,Auto,Accident,1,3,7,500,East,1
CLM101425,62,10.3,29210.17921775843,3597.92,15,80,Moderate,Auto,Fire,0,3,11,2000,Central,1
CLM101426,26,10.7,18557.49,1974.35,6,65,Minor,Health,Theft,1,4,5,2000,Central,0
CLM101427,59,9.2,37357.47391063387,7656.63,14,57,Moderate,Health,Medical,1,4,8,500,East,1
CLM101428,49,5.5,19300.87,4985.88,0,7,Moderate,Life,Medical,1,3,16,500,Central,0
CLM101429,50,2.8,14248.518310923684,6157.66,12,86,Major,Property,Accident,1,0,1,2000,West,1
CLM101430,20,2.4,13858.35,5853.56,8,39,Total Loss,Property,Natural,0,3,0,1500,North,0
CLM101431,47,15.3,14526.04,7052.67,13,4,Total Loss,Health,Fire,1,4,17,500,West,0
CLM101432,67,4.9,6676.62,7619.96,6,44,Moderate,Life,Accident,1,3,2,2500,North,0
CLM101433,29,1.6,7458.34,743.35,9,45,Major,Health,Medical,1,4,13,500,East,0
CLM101434,46,16.1,22547.83,7814.76,13,35,Moderate,Health,Theft,1,3,12,2000,East,0
CLM101435,20,3.5,14110.11,7029.07,3,16,Major,Auto,Theft,0,0,1,2000,North,0
CLM101436,43,12.7,3423.87,3372.11,12,40,Major,Auto,Natural,0,0,3,1000,North,0
CLM101437,74,7.1,28268.81,6778.02,14,29,Total Loss,Auto,Natural,1,4,14,2500,North,0
CLM101438,47,3.0,33198.38,6024.18,10,51,Total Loss,Health,Medical,0,4,4,1000,North,0
CLM101439,26,8.6,10414.36,6448.36,11,78,Major,Life,Natural,1,1,9,500,South,0
CLM101440,43,0.8,12269.541860875292,2155.18,10,31,Total Loss,Property,Natural,1,2,8,1000,Central,1
CLM101441,19,16.9,45234.59,5364.23,10,35,Major,Property,Theft,0,1,17,2000,Central,0
CLM101442,20,10.5,33090.37,694.44,10,65,Minor,Auto,Fire,1,4,2,1500,East,0
CLM101443,63,3.2,5203.28,6861.72,5,44,Moderate,Life,Theft,0,4,13,500,South,0
CLM101444,21,5.1,4552.1265534638915,7632.82,12,17,Total Loss,Auto,Theft,1,3,9,2000,North,1
CLM101445,42,9.2,9714.79,5465.93,14,49,Moderate,Life,Medical,0,1,16,500,South,0
CLM101446,68,4.2,17923.57,4345.02,1,87,Total Loss,Life,Medical,0,2,14,1000,North,0
CLM101447,30,5.7,10839.876410641842,5942.98,11,76,Moderate,Life,Fire,1,1,17,1000,Central,1
CLM101448,56,10.9,23209.443565215155,2947.71,8,81,Moderate,Health,Accident,1,0,16,500,North,1
CLM101449,61,16.7,9311.62,5197.91,5,41,Total Loss,Life,Natural,0,0,2,500,Central,0
CLM101450,52,8.3,34184.47,5892.3,2,1,Total Loss,Health,Natural,0,1,15,1000,North,0
CLM101451,72,14.5,9420.38,1570.11,10,45,Total Loss,Property,Theft,1,1,18,500,East,0
CLM101452,40,17.6,34931.80721533139,1550.51,14,18,Total Loss,Property,Theft,1,4,12,1000,Central,1
CLM101453,26,4.7,47612.1,5871.04,4,49,Major,Health,Fire,1,3,16,500,East,0
CLM101454,19,16.2,6343.52,3738.37,12,0,Total Loss,Property,Natural,0,0,15,1500,South,0
CLM101455,71,15.3,17393.008859875015,7169.01,14,44,Total Loss,Property,Theft,1,2,8,500,North,1
CLM101456,58,7.5,25111.23,2839.54,10,69,Total Loss,Auto,Theft,0,3,11,500,South,0
CLM101457,61,19.8,5876.38,818.23,4,21,Minor,Health,Medical,0,1,2,2000,North,0
CLM101458,48,5.6,27744.9,5374.07,11,16,Moderate,Health,Accident,1,0,8,1500,Central,0
CLM101459,61,5.5,2506.19,5631.79,9,58,Total Loss,Health,Fire,1,1,15,1000,North,0
CLM101460,64,15.6,2769.28,4651.94,2,85,Total Loss,Auto,Accident,1,0,4,1000,West,0
CLM101461,19,9.0,35738.61,5624.99,8,69,Moderate,Health,Accident,1,2,18,2500,West,0
CLM101462,49,7.0,12674.44,4428.16,10,2,Moderate,Property,Fire,1,3,12,1500,West,0
CLM101463,35,4.0,20031.1,5694.75,2,69,Major,Life,Natural,0,2,1,1500,East,0
CLM101464,30,15.4,12289.741160814372,829.53,4,90,Moderate,Auto,Theft,1,2,18,500,West,1
CLM101465,63,15.8,3727.76,3262.98,5,48,Moderate,Auto,Fire,1,3,17,2000,North,0
CLM101466,22,11.5,79643.98970387483,2081.13,9,66,Minor,Health,Theft,0,3,11,1000,South,1
CLM101467,59,19.2,7662.08,1244.95,5,34,Major,Life,Medical,1,2,17,1000,East,0
CLM101468,61,6.7,26482.87035034981,2255.69,7,61,Minor,Life,Accident,1,1,4,2000,Central,1
CLM101469,27,4.8,1425.56,1934.83,7,71,Moderate,Life,Medical,1,3,19,2000,East,0
CLM101470,73,13.7,8313.49,7798.49,0,6,Total Loss,Property,Accident,1,2,19,1500,South,0
CLM101471,60,15.3,23073.72,2649.09,8,49,Major,Life,Natural,0,2,7,2000,West,0
CLM101472,42,4.9,46059.63408726873,2232.19,9,30,Moderate,Health,Fire,0,2,15,2000,South,1
CLM101473,51,2.0,18997.46,6761.56,5,89,Moderate,Property,Natural,0,1,1,500,East,0
CLM101474,54,16.3,18673.59,3643.37,14,54,Total Loss,Life,Accident,1,4,12,1500,East,0
CLM101475,47,19.5,11585.56,3660.99,1,73,Total Loss,Health,Medical,1,4,0,2500,East,0
CLM101476,24,13.1,36952.62205348121,3826.93,17,38,Total Loss,Property,Accident,1,3,4,2500,South,1
CLM101477,23,5.9,21358.71,3624.01,8,22,Major,Property,Natural,0,4,11,1000,North,0
CLM101478,71,19.9,5261.36,2949.24,7,63,Minor,Life,Natural,1,0,3,2000,North,0
CLM101479,72,17.9,4950.05,2647.55,12,32,Major,Property,Medical,1,3,4,500,West,0
CLM101480,20,10.5,81962.8576562062,7114.7,8,90,Total Loss,Auto,Medical,1,3,10,2000,Central,1
CLM101481,30,16.6,1421.21,1712.81,1,8,Major,Health,Natural,0,2,9,1000,South,0
CLM101482,20,16.4,3253.02,1857.97,12,28,Total Loss,Life,Accident,1,0,7,2000,North,0
CLM101483,43,18.7,13671.15,4787.89,13,78,Minor,Health,Accident,1,4,8,2500,West,0
CLM101484,74,16.9,21081.71,3077.44,14,17,Major,Health,Fire,0,3,6,1500,Central,0
CLM101485,41,13.1,12579.32,3661.47,5,81,Minor,Auto,Natural,1,0,13,2000,West,0
CLM101486,70,12.4,7579.06,6549.1,0,70,Minor,Property,Fire,1,1,10,2500,West,0
CLM101487,23,9.6,58234.42,7277.23,6,77,Total Loss,Auto,Natural,1,1,17,2500,Central,0
CLM101488,60,12.7,19253.47,6429.15,0,28,Major,Auto,Fire,1,2,17,1000,East,0
CLM101489,66,16.0,27702.58,2261.96,14,82,Major,Property,Theft,1,0,7,1500,North,0
CLM101490,59,19.4,1616.19,7849.78,12,60,Minor,Life,Accident,0,3,1,1000,North,0
CLM101491,29,9.6,5036.24,3223.82,5,4,Total Loss,Health,Accident,0,1,6,500,Central,0
CLM101492,66,11.7,8030.17,1768.0,4,68,Minor,Life,Theft,1,1,4,1500,North,0
CLM101493,53,9.2,4024.43,4246.23,11,55,Minor,Life,Medical,1,4,13,500,South,0
CLM101494,19,13.5,2135.4,5939.64,9,51,Minor,Auto,Theft,1,4,13,1500,South,0
CLM101495,28,12.8,4825.16,1124.53,13,14,Minor,Property,Accident,1,0,2,2500,South,0
CLM101496,56,0.8,12441.82,5257.15,2,89,Major,Property,Natural,1,4,5,500,Central,0
CLM101497,51,11.1,18848.35,6935.58,5,87,Moderate,Health,Fire,1,0,16,1500,West,0
CLM101498,43,2.2,23309.69,2463.36,3,82,Major,Property,Accident,0,3,7,1500,West,0
CLM101499,35,1.0,3717.769186403678,5698.42,19,55,Total Loss,Life,Theft,1,3,19,500,East,1
CLM101500,38,15.9,9378.88,3499.31,11,72,Moderate,Property,Natural,0,3,2,1500,East,0
CLM101501,53,5.5,2955.25,3606.01,5,15,Minor,Property,Accident,1,4,14,1000,South,0
CLM101502,57,7.1,9463.41,2606.11,3,74,Major,Life,Theft,0,4,4,1000,South,0
CLM101503,69,1.7,9536.78,5182.95,14,24,Moderate,Health,Accident,1,2,18,500,Central,0
CLM101504,63,4.0,11343.65,3207.49,0,56,Minor,Health,Theft,1,1,1,2500,South,0
CLM101505,61,15.4,34500.17,6731.77,4,20,Major,Life,Theft,0,3,7,2000,South,0
CLM101506,39,10.1,25528.68,7721.79,7,4,Moderate,Property,Accident,1,4,8,500,South,0
CLM101507,70,17.7,16188.76,7513.16,5,74,Major,Property,Natural,1,1,4,500,North,0
CLM101508,47,8.2,33495.57,1723.46,9,8,Moderate,Health,Accident,1,3,2,500,West,0
CLM101509,67,5.7,18019.9,606.43,8,10,Total Loss,Health,Accident,1,3,11,500,North,0
CLM101510,60,7.3,55256.21758882117,3788.51,10,86,Major,Health,Natural,0,1,2,1000,South,1
CLM101511,47,14.4,13444.07,5966.63,9,62,Major,Auto,Accident,0,1,18,500,South,0
CLM101512,25,11.3,24617.478561358093,7830.91,13,38,Moderate,Health,Fire,0,4,15,2500,North,1
CLM101513,51,18.1,20315.6,6375.67,7,73,Total Loss,Property,Fire,1,1,15,2000,North,0
CLM101514,74,12.2,1298.29,4854.12,2,18,Major,Health,Fire,1,1,0,2000,Central,0
CLM101515,64,10.1,18586.03,697.65,13,15,Total Loss,Property,Theft,1,4,16,2500,Central,0
CLM101516,26,15.8,41889.75,6691.56,5,55,Total Loss,Property,Medical,1,3,19,500,South,0
CLM101517,68,19.0,52902.3165884287,1828.59,8,89,Major,Property,Accident,1,1,2,2000,North,1
CLM101518,37,7.4,1562.32,917.05,0,77,Minor,Health,Medical,1,2,16,1000,Central,0
CLM101519,57,5.4,15722.847626163919,6877.69,10,47,Moderate,Health,Fire,1,0,16,2000,East,1
CLM101520,42,12.5,25877.95,4746.88,3,6,Major,Life,Natural,1,1,15,2500,North,0
CLM101521,36,10.2,112489.27390027061,1464.14,14,42,Total Loss,Health,Fire,0,1,5,2000,West,1
CLM101522,22,19.8,7934.42,3399.07,13,23,Moderate,Health,Accident,0,0,17,2500,East,0
CLM101523,28,9.5,28601.08,1141.56,4,21,Major,Health,Medical,0,2,13,500,East,0
CLM101524,32,1.9,30905.55,5285.08,2,46,Moderate,Auto,Medical,0,3,19,2000,North,0
CLM101525,25,19.6,2973.62,2618.2,3,29,Moderate,Health,Theft,0,2,7,2500,South,0
CLM101526,36,16.9,29041.45,6995.71,12,59,Total Loss,Auto,Natural,1,0,18,1000,West,0
CLM101527,40,4.0,6878.98,3183.47,8,38,Minor,Property,Fire,0,1,8,1000,Central,0
CLM101528,44,18.1,29057.157788629847,4209.75,20,42,Minor,Property,Natural,1,3,17,1500,Central,1
CLM101529,57,7.1,12614.13,976.43,6,25,Moderate,Property,Accident,1,2,0,2000,South,0
CLM101530,49,7.9,17317.48,2566.94,7,48,Total Loss,Property,Theft,1,2,16,500,West,0
CLM101531,43,18.2,21232.94,5575.75,2,68,Total Loss,Auto,Fire,0,3,3,1500,West,0
CLM101532,44,10.8,9720.9,6021.97,14,41,Major,Auto,Accident,1,2,15,2000,East,0
CLM101533,36,3.2,33880.53,2321.16,2,5,Moderate,Property,Natural,1,0,11,1000,East,0
CLM101534,67,7.7,25871.42,4278.65,14,52,Major,Health,Theft,0,3,12,500,West,0
CLM101535,59,14.6,24086.17,6631.48,13,33,Total Loss,Property,Fire,1,0,1,1000,North,0
CLM101536,46,3.9,10194.17,3349.33,6,68,Moderate,Property,Natural,1,3,11,2000,North,0
CLM101537,56,12.0,1574.45,1503.28,7,9,Minor,Auto,Fire,0,0,9,500,North,0
CLM101538,58,14.1,11166.68,3739.03,13,27,Minor,Property,Theft,0,1,14,500,West,0
CLM101539,50,7.2,35307.4,5004.71,4,2,Major,Auto,Theft,1,1,4,1500,Central,0
CLM101540,36,14.0,4169.15,555.49,0,76,Moderate,Life,Natural,1,2,0,500,North,0
CLM101541,54,17.7,61762.79,3114.26,2,47,Total Loss,Auto,Fire,1,3,7,2000,Central,0
CLM101542,36,9.7,25729.75,5055.77,4,65,Major,Property,Medical,1,3,17,2500,North,0
CLM101543,50,8.0,19559.31,7639.34,2,34,Minor,Health,Accident,1,0,5,2500,West,0
CLM101544,64,5.4,51007.31528570923,3564.12,20,72,Total Loss,Auto,Theft,1,2,0,500,North,1
CLM101545,33,12.3,14265.56,1722.29,13,61,Moderate,Auto,Fire,1,2,13,2500,Central,0
CLM101546,40,17.7,34879.560737168096,4506.64,3,86,Minor,Auto,Natural,0,3,9,2000,South,1
CLM101547,24,6.8,9220.27,2643.14,6,46,Total Loss,Property,Natural,0,1,3,1500,Central,0
CLM101548,43,8.2,28992.86,2110.85,0,53,Minor,Property,Theft,0,3,17,1000,South,0
CLM101549,49,8.4,18877.99,4928.02,9,27,Moderate,Auto,Theft,0,3,18,1000,Central,0
CLM101550,29,11.4,40778.588064061354,7369.13,17,55,Major,Health,Medical,1,4,7,2000,North,1
CLM101551,25,5.0,24588.45,6764.18,5,86,Total Loss,Property,Natural,1,0,11,1500,North,0
CLM101552,22,16.5,4081.784147885849,1867.19,10,73,Total Loss,Health,Fire,1,0,9,2000,Central,1
CLM101553,59,6.3,4900.90963602325,6244.1,15,53,Moderate,Life,Accident,1,4,12,500,North,1
CLM101554,45,14.3,25215.69,2224.01,6,1,Minor,Health,Accident,1,2,6,1500,North,0
CLM101555,70,10.5,5504.1,2680.26,11,15,Minor,Property,Medical,1,0,16,2500,West,0
CLM101556,22,11.9,14083.02,7400.39,10,15,Minor,Auto,Fire,1,2,11,500,East,0
CLM101557,66,4.0,9797.01,7332.88,0,50,Total Loss,Life,Accident,1,1,5,2500,East,0
CLM101558,43,14.8,2324.651831391278,1764.73,15,83,Total Loss,Health,Accident,1,2,6,500,Central,1
CLM101559,22,4.2,3717.9249912161595,981.44,5,67,Minor,Auto,Fire,1,0,12,500,East,1
CLM101560,39,2.7,27327.82,2698.39,11,19,Total Loss,Life,Fire,0,2,13,500,South,0
CLM101561,32,11.2,15035.07,4863.31,8,32,Major,Health,Theft,1,1,12,500,Central,0
CLM101562,30,14.3,12130.12,7076.69,1,85,Moderate,Auto,Accident,1,4,5,1500,Central,0
CLM101563,45,1.5,44330.66,1391.28,13,7,Moderate,Life,Accident,0,0,18,1500,South,0
CLM101564,50,1.9,10206.735790746927,3612.19,6,43,Total Loss,Property,Medical,1,1,12,500,East,1
CLM101565,60,16.2,5475.5,2538.12,2,52,Major,Health,Theft,0,3,8,2000,South,0
CLM101566,40,16.3,22204.31,611.97,11,63,Major,Health,Theft,0,4,10,500,North,0
CLM101567,50,5.3,23390.51,6413.35,11,57,Minor,Life,Accident,0,4,9,500,Central,0
CLM101568,60,12.5,8785.32,6599.63,12,36,Moderate,Health,Natural,0,0,2,2000,West,0
CLM101569,35,9.1,46232.42,2159.22,4,83,Moderate,Auto,Natural,0,1,18,2000,South,0
CLM101570,67,12.8,42771.03,1634.3,6,11,Moderate,Health,Fire,1,3,6,500,Central,0
CLM101571,70,17.3,1187.31,1584.21,0,83,Total Loss,Health,Theft,0,1,4,1000,Central,0
CLM101572,47,2.1,3837.07,3979.6,2,83,Major,Auto,Accident,0,2,14,1000,South,0
CLM101573,43,15.7,44744.07926623186,2348.72,16,36,Minor,Auto,Accident,1,0,1,2000,West,1
CLM101574,33,10.1,7124.41,4335.17,12,30,Total Loss,Property,Accident,1,2,10,500,Central,0
CLM101575,30,11.5,2504.98,3386.39,5,85,Minor,Auto,Medical,0,2,5,2500,North,0
CLM101576,56,13.3,24056.7,2081.68,6,78,Total Loss,Health,Natural,1,4,4,2500,North,0
CLM101577,50,18.5,10093.08,6133.94,9,37,Moderate,Life,Medical,0,4,19,500,North,0
CLM101578,43,1.6,11171.24,1627.73,2,36,Minor,Health,Accident,1,2,6,500,West,0
CLM101579,65,1.1,4093.73,6491.77,3,74,Major,Property,Accident,1,1,3,500,East,0
CLM101580,18,4.0,17221.68,4710.85,5,13,Major,Life,Theft,0,0,4,2500,North,0
CLM101581,66,19.7,13019.05,6740.28,4,74,Total Loss,Property,Theft,1,0,4,2500,South,0
CLM101582,55,14.4,4472.8,535.69,10,72,Moderate,Health,Natural,0,1,9,2000,East,0
CLM101583,19,12.5,7240.27,6118.91,8,23,Total Loss,Auto,Fire,1,2,17,1500,South,0
CLM101584,66,1.4,42357.82089887507,886.37,17,38,Minor,Life,Accident,1,0,1,2000,West,1
CLM101585,23,17.6,39828.48,7625.74,11,37,Major,Health,Theft,0,4,14,2000,North,0
CLM101586,63,16.3,38956.66,5770.55,0,42,Major,Life,Natural,0,3,8,1000,Central,0
CLM101587,67,13.5,6093.18,2901.29,14,36,Major,Property,Medical,1,4,1,2000,North,0
CLM101588,55,7.1,20955.57,2898.88,12,41,Major,Health,Accident,1,1,2,2000,West,0
CLM101589,59,1.9,23409.47,6961.19,4,31,Minor,Life,Fire,0,3,19,2000,North,0
CLM101590,41,11.8,25818.34,7271.3,10,83,Major,Health,Natural,0,0,1,2000,North,0
CLM101591,35,14.5,26360.228772587696,7186.8,5,28,Total Loss,Health,Fire,1,0,1,1500,North,1
CLM101592,44,2.3,1158.45,6565.55,7,3,Major,Property,Accident,1,3,18,1000,West,0
CLM101593,58,12.9,22511.88,6642.74,6,23,Minor,Property,Natural,0,0,13,2500,North,0
CLM101594,25,6.1,2690.77,4795.76,4,9,Moderate,Property,Theft,1,3,17,500,Central,0
CLM101595,45,15.4,2864.27,711.73,5,15,Moderate,Auto,Fire,1,2,0,2500,Central,0
CLM101596,27,11.0,14956.79,1150.8,3,38,Major,Life,Medical,1,1,6,1000,East,0
CLM101597,34,3.0,62584.59,5371.65,8,17,Moderate,Property,Medical,1,4,7,2000,East,0
CLM101598,72,10.8,5166.76,3508.74,13,24,Minor,Auto,Fire,1,3,11,2500,East,0
CLM101599,46,8.2,44544.68985034139,4754.82,5,22,Major,Auto,Accident,0,3,3,2000,East,1
CLM101600,23,4.0,6428.62,2233.08,1,55,Minor,Life,Accident,1,2,6,1500,Central,0
CLM101601,31,16.9,35348.9,5370.63,6,46,Moderate,Life,Accident,1,4,17,1500,East,0
CLM101602,39,0.7,14503.19,2321.22,12,81,Moderate,Property,Medical,0,2,17,1000,South,0
CLM101603,71,6.6,4488.01,3956.1,1,81,Major,Auto,Medical,1,2,9,2500,West,0
CLM101604,23,0.7,5559.84,4090.4,12,2,Moderate,Life,Theft,1,1,9,1500,West,0
CLM101605,43,2.4,9497.21,1832.51,5,0,Major,Life,Accident,1,0,5,1000,Central,0
CLM101606,56,6.3,2952.37,7071.56,10,32,Major,Life,Medical,1,4,11,1000,West,0
CLM101607,29,1.6,5999.701036921782,4443.66,14,90,Total Loss,Life,Medical,1,2,9,1000,West,1
CLM101608,52,12.1,18094.39,7000.88,2,73,Total Loss,Auto,Accident,1,0,12,2500,North,0
CLM101609,31,2.2,8842.59,2469.02,2,58,Total Loss,Health,Accident,1,0,11,2500,East,0
CLM101610,39,14.2,41323.57908905556,1792.52,5,90,Minor,Life,Medical,1,0,18,1000,East,1
CLM101611,68,1.5,2748.99,635.12,0,31,Moderate,Auto,Fire,1,0,0,500,North,0
CLM101612,40,1.7,15118.96,1203.98,8,86,Moderate,Life,Medical,1,1,0,2500,Central,0
CLM101613,65,6.5,9786.11,1606.03,4,16,Total Loss,Auto,Theft,0,1,10,2500,South,0
CLM101614,24,18.0,1896.23,1091.42,8,77,Major,Property,Natural,1,2,17,500,Central,0
CLM101615,57,13.0,12805.34,7226.59,4,16,Major,Health,Accident,0,0,1,2500,South,0
CLM101616,67,15.5,5341.408504651162,7335.79,8,90,Major,Auto,Theft,1,2,5,2500,South,1
CLM101617,42,3.3,27379.49,7530.22,0,20,Major,Auto,Fire,0,3,15,1500,North,0
CLM101618,30,16.8,15993.35,7698.96,8,54,Minor,Auto,Natural,1,1,0,500,Central,0
CLM101619,38,0.7,13211.68,4188.76,0,5,Moderate,Life,Medical,1,1,8,1500,East,0
CLM101620,58,4.7,3148.86,4475.18,14,83,Total Loss,Property,Accident,1,4,14,500,Central,0
CLM101621,27,12.5,6083.73,1481.23,3,48,Minor,Life,Medical,0,3,15,500,Central,0
CLM101622,70,7.8,11184.99,1527.89,6,83,Moderate,Property,Theft,0,1,13,500,South,0
CLM101623,72,19.7,39256.2676091022,6295.67,16,64,Minor,Health,Accident,1,0,6,2500,South,1
CLM101624,26,1.1,4035.98,6917.97,14,31,Major,Life,Medical,1,0,0,1000,East,0
CLM101625,32,20.0,1133.59,6385.36,11,71,Minor,Auto,Accident,0,0,15,2000,East,0
CLM101626,69,12.7,7341.31,6759.32,8,43,Minor,Health,Theft,1,2,8,1000,South,0
CLM101627,19,11.4,10891.96,2574.28,0,58,Major,Life,Medical,0,1,10,2500,Central,0
CLM101628,42,1.7,4058.08,3995.49,11,28,Major,Property,Natural,1,2,9,2500,South,0
CLM101629,30,5.8,11164.0,3944.0,13,16,Total Loss,Life,Fire,1,1,10,2000,West,0
CLM101630,51,18.5,7198.36,7964.63,12,17,Total Loss,Life,Medical,0,4,5,2500,West,0
CLM101631,68,7.4,10107.01,7618.84,10,39,Moderate,Auto,Accident,0,2,1,500,South,0
CLM101632,51,13.4,7403.19,4988.65,14,62,Total Loss,Auto,Medical,1,1,17,1500,East,0
CLM101633,52,20.0,15851.8,1534.8,12,81,Total Loss,Health,Accident,0,4,11,1500,South,0
CLM101634,55,5.6,3519.7580119213685,2439.47,12,90,Moderate,Auto,Theft,1,1,13,500,Central,1
CLM101635,20,11.7,3811.31,3228.21,10,44,Minor,Life,Fire,1,3,7,1000,West,0
CLM101636,59,14.1,9504.35,7049.09,9,75,Minor,Life,Accident,0,2,3,1500,North,0
CLM101637,73,3.7,7607.76,1779.74,10,78,Minor,Property,Medical,1,0,17,500,East,0
CLM101638,23,3.4,17220.586875097437,2148.1,21,90,Major,Life,Theft,0,4,12,1000,North,1
CLM101639,72,9.4,70639.3111821238,3120.39,7,35,Moderate,Health,Natural,0,4,13,1500,East,1
CLM101640,65,8.0,33617.06,7451.83,2,2,Minor,Health,Medical,1,0,19,500,North,0
CLM101641,66,14.4,9534.843638740407,4278.59,12,55,Total Loss,Auto,Fire,1,4,14,1500,North,1
CLM101642,36,1.9,28154.14,5351.27,1,72,Total Loss,Property,Theft,1,0,19,1500,South,0
CLM101643,20,19.5,10209.21,3404.17,0,39,Total Loss,Life,Medical,0,0,18,1500,East,0
CLM101644,35,0.8,5799.37,1913.92,14,67,Moderate,Auto,Accident,1,1,13,2000,West,0
CLM101645,56,12.2,64458.72,2171.0,1,53,Moderate,Life,Accident,1,2,11,1000,North,0
CLM101646,26,11.5,27127.56,6520.03,11,19,Total Loss,Health,Accident,1,3,14,1500,South,0
CLM101647,69,3.1,211049.25984602264,7201.12,18,51,Major,Health,Medical,1,4,5,500,Central,1
CLM101648,29,3.4,3762.28,4198.07,3,4,Major,Property,Fire,0,1,18,2000,East,0
CLM101649,22,16.0,3329.52,3177.46,5,38,Minor,Life,Accident,1,3,1,2500,East,0
CLM101650,20,17.8,11498.89,6558.76,11,39,Minor,Life,Medical,1,3,5,2500,West,0
CLM101651,28,6.0,16268.36,5548.21,4,6,Minor,Health,Medical,0,4,10,1000,North,0
CLM101652,74,9.0,3814.11,806.55,13,71,Minor,Property,Fire,1,4,0,500,South,0
CLM101653,47,7.4,30537.91,3130.56,3,32,Minor,Auto,Theft,0,1,8,2000,North,0
CLM101654,21,1.9,12389.74,5616.3,7,36,Moderate,Property,Theft,1,4,12,500,South,0
CLM101655,22,13.6,16139.176797821538,4802.6,15,60,Moderate,Auto,Medical,1,3,8,2000,West,1
CLM101656,18,16.6,14821.57,7835.5,6,42,Major,Auto,Theft,0,4,14,2000,North,0
CLM101657,44,6.4,16115.97,6995.87,13,62,Major,Health,Natural,0,1,17,2500,Central,0
CLM101658,45,19.8,1655.88,948.04,3,35,Moderate,Auto,Fire,1,1,3,1000,West,0
CLM101659,46,2.0,138093.57,5943.27,9,48,Major,Life,Medical,1,1,3,1000,West,0
CLM101660,35,13.4,7786.45,3022.45,12,24,Total Loss,Health,Theft,1,4,11,500,East,0
CLM101661,29,9.2,1952.77,5615.62,12,65,Major,Property,Theft,0,2,8,2000,South,0
CLM101662,30,9.2,75717.18600867398,5129.18,6,36,Total Loss,Property,Fire,1,1,17,2000,North,1
CLM101663,58,9.4,75467.76,4272.88,11,17,Total Loss,Auto,Accident,0,2,5,1500,South,0
CLM101664,19,5.5,51031.85935505731,6897.12,16,35,Minor,Life,Theft,1,0,16,1000,West,1
CLM101665,54,14.5,85709.25828266726,5815.17,8,36,Major,Property,Fire,1,1,16,2000,North,1
CLM101666,62,14.6,15749.89,7171.66,2,6,Total Loss,Auto,Accident,1,2,12,500,Central,0
CLM101667,33,6.0,94705.61528878428,2612.03,18,47,Major,Property,Medical,0,2,11,2500,South,1
CLM101668,65,16.8,1545.89,3110.96,8,35,Major,Life,Accident,1,3,13,2500,South,0
CLM101669,41,6.7,52522.17548118284,5164.64,17,50,Moderate,Auto,Theft,1,2,7,1000,Central,1
CLM101670,52,14.6,17662.26,7748.48,4,40,Moderate,Life,Medical,1,3,14,1000,West,0
CLM101671,39,2.9,3424.8519764375274,3286.87,18,41,Minor,Auto,Medical,1,2,8,1500,South,1
CLM101672,53,3.8,28916.733716560633,742.2,17,41,Major,Life,Accident,1,2,0,1000,East,1
CLM101673,28,6.7,18955.3085168796,3844.16,16,90,Moderate,Property,Medical,1,0,16,2000,East,1
CLM101674,72,12.1,18642.17,4579.47,1,82,Total Loss,Property,Accident,0,2,9,2000,North,0
CLM101675,63,13.1,2210.53,6507.41,12,16,Total Loss,Life,Accident,1,4,4,2000,Central,0
CLM101676,46,8.2,25542.8,5964.5,14,64,Minor,Property,Accident,1,4,10,2000,West,0
CLM101677,52,2.0,3251.94,7734.97,3,12,Total Loss,Property,Fire,0,4,2,1500,East,0
CLM101678,65,7.8,9136.41,6370.12,11,35,Major,Auto,Theft,0,0,1,1000,North,0
CLM101679,71,13.9,32965.82,2739.71,3,57,Total Loss,Life,Medical,1,2,3,1000,North,0
CLM101680,32,13.6,13332.84,5310.35,4,19,Minor,Auto,Natural,0,0,1,1000,South,0
CLM101681,48,3.6,13995.664786888387,5541.81,9,67,Minor,Property,Theft,1,2,0,1500,West,1
CLM101682,59,0.7,1741.04,7985.15,4,5,Total Loss,Property,Natural,1,3,8,1500,East,0
CLM101683,58,15.2,34448.51460825604,1540.53,6,34,Major,Health,Accident,0,0,2,2000,Central,1
CLM101684,60,2.6,65628.04,1934.94,1,41,Moderate,Life,Medical,0,4,5,1500,South,0
CLM101685,33,2.1,109416.63967936962,1666.35,20,45,Major,Life,Theft,0,4,13,1500,East,1
CLM101686,27,0.6,43926.90107414795,4917.95,9,24,Major,Auto,Natural,0,4,0,500,North,1
CLM101687,66,8.9,2668.88,1514.76,2,31,Major,Life,Natural,0,2,11,2000,Central,0
CLM101688,49,10.3,5105.51,5420.06,9,45,Total Loss,Auto,Natural,1,2,15,2000,North,0
CLM101689,68,12.9,4102.58,6528.31,5,16,Moderate,Property,Theft,1,0,19,500,South,0
CLM101690,19,6.3,7588.31,3745.95,8,74,Major,Health,Fire,0,1,18,1000,Central,0
CLM101691,41,14.4,5028.34,4705.14,9,26,Moderate,Property,Accident,0,2,17,500,Central,0
CLM101692,40,3.8,5204.43,7345.42,0,67,Minor,Auto,Medical,1,1,13,500,South,0
CLM101693,19,16.7,15385.23,4771.74,5,22,Moderate,Auto,Natural,1,1,2,500,North,0
CLM101694,55,11.7,6756.35,2064.54,8,86,Total Loss,Health,Theft,1,2,13,1500,Central,0
CLM101695,48,11.9,17959.11,3073.95,3,33,Minor,Property,Natural,0,0,16,500,West,0
CLM101696,68,4.6,45315.88,4473.84,9,20,Minor,Life,Theft,1,1,12,2500,West,0
CLM101697,57,1.9,16261.48,1661.73,2,21,Major,Health,Fire,0,0,0,500,North,0
CLM101698,43,9.6,45991.51564641834,5093.9,14,83,Moderate,Life,Natural,1,0,7,1000,Central,1
CLM101699,46,12.5,21889.54,7994.35,5,31,Minor,Property,Natural,1,2,1,1000,North,0
CLM101700,20,2.4,18672.76353091063,5394.01,9,90,Minor,Health,Medical,1,1,18,1000,West,1
CLM101701,31,19.0,1226.06,3293.08,12,27,Moderate,Property,Theft,1,0,14,500,Central,0
CLM101702,42,19.6,1849.32,2988.1,1,81,Moderate,Property,Theft,1,1,13,2000,Central,0
CLM101703,65,11.1,5970.54,7487.02,14,6,Minor,Life,Fire,1,0,13,1000,North,0
CLM101704,18,19.0,18545.66,7036.36,4,53,Minor,Life,Natural,0,2,17,500,Central,0
CLM101705,70,4.0,36576.32,4042.69,0,69,Moderate,Life,Medical,1,0,14,1000,North,0
CLM101706,20,1.0,48839.12,3150.61,12,13,Total Loss,Property,Accident,0,2,9,1500,East,0
CLM101707,71,1.3,1392.83,5828.48,8,54,Moderate,Auto,Medical,1,2,17,1500,East,0
CLM101708,43,12.0,70209.0,2858.77,8,57,Total Loss,Property,Medical,0,1,19,500,West,0
CLM101709,35,1.7,6840.12,1395.52,2,43,Minor,Auto,Medical,0,1,3,1000,West,0
CLM101710,26,19.2,28768.46,2826.14,4,45,Major,Health,Medical,1,1,6,1000,South,0
CLM101711,55,3.3,3982.17,3757.22,14,13,Moderate,Life,Natural,1,3,1,2500,East,0
CLM101712,40,6.4,1974.45,2415.59,2,43,Minor,Life,Medical,0,1,8,1000,East,0
CLM101713,38,16.5,8130.8,2126.1,6,40,Minor,Property,Theft,1,1,3,2000,South,0
CLM101714,74,4.8,30377.0,546.05,12,72,Major,Auto,Theft,1,0,11,1500,North,0
CLM101715,18,5.2,12049.223500499373,5231.32,19,19,Moderate,Health,Medical,1,3,9,1000,East,1
CLM101716,38,13.0,3507.78,5108.37,0,81,Minor,Property,Theft,1,3,10,2000,East,0
CLM101717,44,5.9,37086.61,1910.19,14,4,Total Loss,Health,Natural,0,0,0,500,West,0
CLM101718,59,4.7,106803.63928459697,7577.38,8,90,Major,Auto,Accident,0,1,12,1500,South,1
CLM101719,23,5.5,1189.41,3571.78,5,86,Total Loss,Life,Medical,1,4,6,500,South,0
CLM101720,72,10.1,20498.21,691.1,13,11,Moderate,Life,Theft,1,2,5,1000,West,0
CLM101721,61,19.3,6548.74,2148.29,10,77,Total Loss,Auto,Theft,1,3,8,500,East,0
CLM101722,53,16.7,8042.96,5690.51,11,76,Major,Life,Natural,1,0,17,1500,Central,0
CLM101723,45,6.0,10497.81,2012.15,13,46,Minor,Property,Natural,0,4,2,500,South,0
CLM101724,62,7.6,9347.57,904.34,6,78,Major,Auto,Accident,1,2,12,500,East,0
CLM101725,34,9.6,11853.29,5132.8,2,34,Minor,Life,Fire,0,4,2,500,North,0
CLM101726,57,19.6,14097.09,4387.66,6,18,Minor,Auto,Fire,1,1,12,2000,South,0
CLM101727,69,3.9,25046.51390671513,6209.49,6,90,Total Loss,Health,Fire,0,0,5,2000,West,1
CLM101728,20,7.5,32437.867912777278,6294.74,13,77,Major,Property,Accident,1,2,17,1000,South,1
CLM101729,29,14.7,20019.76,7699.51,10,7,Major,Property,Medical,0,2,1,500,West,0
CLM101730,56,19.3,9706.9,927.63,13,22,Minor,Property,Fire,1,1,19,2000,North,0
CLM101731,29,3.5,3305.37,792.42,5,12,Major,Life,Fire,1,1,16,1500,East,0
CLM101732,19,4.9,16351.41,7903.98,4,22,Moderate,Health,Theft,1,1,0,1500,West,0
CLM101733,73,4.9,23239.22,5336.36,3,30,Moderate,Life,Theft,1,0,16,500,West,0
CLM101734,63,0.9,16246.2,5865.28,5,29,Total Loss,Life,Medical,1,3,4,1000,North,0
CLM101735,39,12.3,29834.053799603196,1223.62,15,64,Total Loss,Auto,Natural,1,4,8,2000,Central,1
CLM101736,40,13.6,4909.02,1023.6,11,1,Major,Property,Accident,0,0,3,2000,South,0
CLM101737,47,12.2,16540.35,1701.9,2,10,Total Loss,Life,Fire,1,0,13,2000,Central,0
CLM101738,22,1.9,7116.28,3703.97,2,24,Major,Property,Accident,1,4,7,1000,South,0
CLM101739,26,1.8,38803.44,1326.32,4,28,Total Loss,Health,Theft,0,2,12,2500,North,0
CLM101740,38,4.6,48216.54099289406,3847.5,12,40,Moderate,Health,Accident,1,4,5,2000,North,1
CLM101741,28,6.2,5889.69,4711.52,4,18,Minor,Property,Theft,0,1,13,500,Central,0
CLM101742,22,15.8,10606.24,502.5,8,72,Minor,Property,Accident,0,2,8,2000,North,0
CLM101743,52,3.6,29118.77,1356.84,14,40,Moderate,Health,Theft,1,0,16,2000,East,0
CLM101744,44,1.4,7129.99,3313.96,3,37,Minor,Health,Accident,1,4,6,2500,Central,0
CLM101745,66,8.2,12180.53,899.97,4,28,Major,Life,Fire,1,0,8,500,West,0
CLM101746,19,8.6,18076.05,1501.47,11,73,Major,Health,Fire,1,0,14,500,West,0
CLM101747,41,9.3,22068.67,2238.47,8,21,Moderate,Life,Medical,1,4,9,500,North,0
CLM101748,48,16.6,3865.45,3722.01,3,87,Moderate,Health,Accident,1,0,13,2000,North,0
CLM101749,50,2.4,13491.39,5861.28,12,7,Moderate,Life,Natural,1,3,15,2000,South,0
CLM101750,56,14.2,37490.39,1495.16,14,46,Moderate,Auto,Medical,1,3,1,1500,Central,0
CLM101751,47,7.1,52799.89,6034.69,14,5,Minor,Auto,Accident,0,0,3,2500,Central,0
CLM101752,63,6.5,17013.03,6912.96,2,6,Minor,Life,Natural,1,2,14,500,East,0
CLM101753,54,18.7,62712.83,5386.09,6,83,Minor,Property,Fire,0,2,10,500,West,0
CLM101754,68,5.3,40227.77074472674,827.94,13,90,Major,Auto,Fire,1,2,10,1500,West,1
CLM101755,45,13.0,20989.93891497434,3804.9,10,61,Total Loss,Health,Fire,1,2,12,2000,East,1
CLM101756,48,5.9,19566.552765682078,5450.5,9,18,Major,Property,Natural,1,3,15,1500,South,1
CLM101757,28,10.4,2844.59,7838.85,3,76,Total Loss,Health,Theft,1,2,8,1500,East,0
CLM101758,40,15.8,8705.34,7638.56,13,87,Moderate,Auto,Accident,1,4,1,2000,South,0
CLM101759,74,17.7,10198.55,3467.77,13,45,Moderate,Health,Medical,1,2,1,1000,South,0
CLM101760,19,16.9,29320.2,5119.48,8,63,Minor,Life,Medical,1,4,4,2500,South,0
CLM101761,57,11.9,50203.05147057205,7181.11,16,65,Minor,Property,Fire,1,3,4,1000,North,1
CLM101762,58,5.4,14797.95,6732.85,6,22,Total Loss,Auto,Theft,0,4,4,1000,North,0
CLM101763,44,13.4,7399.04,4095.66,2,60,Total Loss,Property,Accident,1,4,13,2500,South,0
CLM101764,52,14.3,4106.0,2459.31,14,80,Minor,Life,Accident,1,0,5,1000,East,0
CLM101765,19,0.7,7410.26,1528.25,12,49,Moderate,Auto,Medical,1,4,15,2000,East,0
CLM101766,56,9.1,18082.33,4159.85,8,45,Minor,Health,Medical,1,0,15,1000,East,0
CLM101767,54,16.9,5578.28,5921.34,12,87,Moderate,Property,Medical,0,2,7,1000,North,0
CLM101768,38,10.0,9350.08,7773.27,4,42,Moderate,Auto,Accident,1,4,4,1000,South,0
CLM101769,22,6.6,8335.23,6963.61,3,9,Major,Auto,Medical,1,4,12,2000,West,0
CLM101770,69,17.5,22760.26,2031.81,0,19,Major,Life,Accident,1,1,2,1500,East,0
CLM101771,62,3.5,33284.97,5898.34,8,15,Total Loss,Auto,Fire,1,2,8,500,North,0
CLM101772,38,4.5,35026.39107977639,2668.26,12,88,Moderate,Auto,Theft,0,4,3,2500,Central,1
CLM101773,46,13.9,12954.454178126436,5626.04,17,38,Minor,Life,Medical,1,4,7,2500,South,1
CLM101774,37,7.4,9515.62,5493.54,1,29,Moderate,Health,Accident,1,1,15,2000,East,0
CLM101775,55,14.4,3320.89,2543.23,12,17,Total Loss,Health,Fire,1,0,10,500,North,0
CLM101776,37,3.6,3760.6,2257.91,6,58,Moderate,Auto,Natural,1,2,18,1000,Central,0
CLM101777,67,5.4,3692.15,1279.53,2,69,Moderate,Health,Fire,0,1,9,2500,South,0
CLM101778,42,3.6,3099.04,879.05,14,83,Total Loss,Life,Theft,1,2,6,1000,West,0
CLM101779,19,19.1,7643.269548908066,6938.38,8,67,Moderate,Health,Fire,0,2,11,2000,South,1
CLM101780,74,8.4,4397.64,873.87,7,18,Major,Auto,Medical,1,0,7,2000,South,0
CLM101781,49,7.1,4679.927520842612,1165.56,8,38,Total Loss,Life,Medical,0,0,9,2000,East,1
CLM101782,43,0.8,16335.64,2291.39,12,34,Major,Health,Natural,0,3,4,1500,South,0
CLM101783,23,3.5,70692.28,7157.44,11,75,Total Loss,Property,Accident,0,1,4,2000,Central,0
CLM101784,58,8.7,32702.64,2997.05,11,71,Moderate,Property,Fire,1,1,12,1000,Central,0
CLM101785,74,1.8,2667.156009030894,1938.5,10,72,Major,Life,Natural,1,2,1,1500,South,1
CLM101786,20,10.5,9250.22,5866.67,13,48,Major,Health,Medical,1,3,11,1000,South,0
CLM101787,50,9.4,30418.01,2893.02,5,9,Minor,Auto,Accident,0,3,10,2000,Central,0
CLM101788,18,15.5,3169.75,3000.25,0,84,Major,Property,Accident,0,2,1,1500,Central,0
CLM101789,68,13.4,29223.14,6042.32,9,28,Major,Health,Theft,1,0,14,500,East,0
CLM101790,22,9.2,14473.1,2387.4,6,70,Moderate,Health,Medical,1,3,19,2000,West,0
CLM101791,30,4.9,41169.78,7225.7,3,67,Major,Auto,Accident,1,1,6,1500,Central,0
CLM101792,36,14.7,32316.84,4710.66,9,88,Major,Auto,Theft,1,0,7,1500,West,0
CLM101793,29,14.3,17953.14,4533.74,10,77,Major,Health,Theft,1,4,2,1500,West,0
CLM101794,65,3.5,17086.39,2485.64,14,23,Moderate,Auto,Medical,0,3,16,2500,Central,0
CLM101795,42,18.3,4596.04,6763.21,6,42,Total Loss,Life,Accident,1,2,19,1500,East,0
CLM101796,74,1.8,2862.26,4795.62,6,38,Moderate,Property,Accident,0,1,5,500,South,0
CLM101797,68,1.6,9052.24,1666.37,10,24,Major,Property,Fire,1,3,14,2000,North,0
CLM101798,52,4.2,4097.62,2047.24,4,82,Total Loss,Health,Accident,1,2,12,2000,South,0
CLM101799,29,18.2,2620.74,4011.92,7,67,Moderate,Health,Theft,1,1,12,2000,North,0
CLM101800,47,10.6,13869.278791416164,6347.31,11,62,Moderate,Auto,Natural,1,3,11,1500,Central,1
CLM101801,22,15.9,30544.28,7544.71,4,88,Total Loss,Property,Medical,1,1,13,2000,South,0
CLM101802,51,4.9,1259.45,5476.24,4,85,Minor,Auto,Natural,1,4,8,500,South,0
CLM101803,39,10.1,6193.18,4296.07,6,52,Major,Health,Accident,1,1,9,2500,North,0
CLM101804,56,7.5,9276.07,2380.49,5,54,Minor,Health,Theft,1,2,4,500,East,0
CLM101805,30,16.6,11717.7,5546.51,3,52,Major,Health,Natural,1,3,4,2500,Central,0
CLM101806,74,0.9,4005.65,7866.8,1,17,Major,Health,Medical,1,2,19,2000,Central,0
CLM101807,64,5.3,50955.58,4071.67,7,6,Minor,Health,Fire,1,4,5,1000,Central,0
CLM101808,71,3.5,13972.31,1716.06,2,62,Minor,Health,Natural,1,0,11,2500,South,0
CLM101809,20,17.3,12075.64,1275.05,1,74,Major,Life,Fire,1,1,16,500,West,0
CLM101810,70,9.6,1132.93,2519.42,11,41,Total Loss,Life,Accident,0,2,15,500,North,0
CLM101811,37,8.4,10974.68,4770.82,14,10,Total Loss,Auto,Accident,1,3,17,1000,South,0
CLM101812,48,9.3,28271.92,7601.04,9,8,Minor,Life,Medical,0,3,5,2500,East,0
CLM101813,22,19.5,4720.09,2743.74,6,34,Minor,Auto,Fire,1,0,9,2500,East,0
CLM101814,41,17.1,7489.64,2790.43,9,86,Moderate,Auto,Fire,1,3,19,500,South,0
CLM101815,57,14.3,2484.302922866798,4108.85,12,77,Total Loss,Life,Medical,1,4,8,2500,North,1
CLM101816,71,6.2,57536.72,7389.07,7,83,Total Loss,Property,Natural,0,0,1,1000,Central,0
CLM101817,50,3.7,2034.65,3642.91,12,4,Major,Auto,Medical,1,4,2,2500,Central,0
CLM101818,25,18.5,35274.29,2174.22,13,25,Moderate,Health,Accident,1,1,9,2500,West,0
CLM101819,41,8.7,6631.05,1723.48,5,50,Major,Auto,Fire,1,4,7,1000,South,0
CLM101820,67,5.9,14284.84,3927.62,6,37,Moderate,Auto,Theft,1,1,8,2000,West,0
CLM101821,37,9.7,18059.46,6505.08,1,2,Total Loss,Property,Theft,1,4,18,2500,East,0
CLM101822,33,18.4,3276.81,2685.14,9,84,Major,Health,Accident,0,0,0,500,Central,0
CLM101823,67,8.0,9798.31,4343.92,13,58,Moderate,Property,Fire,1,1,1,1500,Central,0
CLM101824,69,11.5,6906.0,5022.56,1,12,Major,Property,Fire,0,4,19,500,West,0
CLM101825,29,16.2,1874.01,3878.53,5,80,Moderate,Property,Medical,1,4,3,500,South,0
CLM101826,30,8.8,27863.83,1937.68,8,34,Minor,Auto,Natural,1,3,15,2000,West,0
CLM101827,62,5.1,3190.6515058980563,7413.09,20,90,Major,Health,Medical,1,4,11,2000,East,1
CLM101828,59,19.9,16887.61,4740.87,2,2,Minor,Health,Theft,0,3,1,500,South,0
CLM101829,56,19.2,6654.86,5968.51,10,52,Moderate,Property,Fire,0,4,14,2500,East,0
CLM101830,42,16.9,7696.350008235513,5270.32,14,77,Major,Life,Natural,1,2,17,500,South,1
CLM101831,63,13.9,17498.07,7985.36,13,44,Moderate,Health,Medical,1,3,15,2500,West,0
CLM101832,49,6.2,13818.68,3922.33,13,65,Moderate,Health,Natural,1,0,11,1000,North,0
CLM101833,41,18.3,6680.66,3687.29,12,66,Minor,Property,Theft,1,0,17,1000,West,0
CLM101834,65,5.9,26470.704631336986,3201.05,14,90,Major,Auto,Natural,1,1,13,2000,South,1
CLM101835,64,16.1,5240.16,3212.21,14,43,Total Loss,Property,Fire,1,0,11,1500,East,0
CLM101836,61,18.4,30893.06,2568.28,4,72,Moderate,Life,Natural,0,1,4,1500,West,0
CLM101837,26,12.3,6649.2,7854.73,12,67,Minor,Life,Natural,0,0,3,2000,South,0
CLM101838,57,16.2,13567.522218766773,7030.87,9,90,Total Loss,Property,Medical,0,3,17,1000,East,1
CLM101839,67,15.9,21904.84,2875.05,5,24,Minor,Life,Natural,0,2,16,2000,East,0
CLM101840,40,4.3,1266.24,2789.22,10,51,Minor,Auto,Natural,1,1,15,1000,East,0
CLM101841,67,13.5,5679.86,1276.5,11,49,Minor,Auto,Theft,1,2,9,2500,South,0
CLM101842,30,2.3,8059.54,7077.73,9,0,Moderate,Auto,Natural,1,4,16,1000,East,0
CLM101843,49,10.4,33086.34,3288.25,10,38,Total Loss,Life,Medical,1,4,11,1000,East,0
CLM101844,67,3.7,114498.33034235993,4794.62,16,80,Moderate,Auto,Medical,1,2,11,1000,West,1
CLM101845,32,8.6,19906.98,7252.83,2,75,Moderate,Property,Fire,1,3,3,1500,East,0
CLM101846,53,16.7,11174.82,3560.75,10,39,Major,Auto,Theft,1,2,2,1000,North,0
CLM101847,66,19.7,16350.69,6551.51,10,59,Total Loss,Life,Accident,1,2,0,500,South,0
CLM101848,22,6.7,26724.21886969349,3727.14,10,90,Major,Health,Fire,0,2,11,2500,East,1
CLM101849,39,10.9,6324.98,5757.06,11,72,Minor,Life,Natural,0,1,7,1500,East,0
CLM101850,33,10.5,46143.84,3733.88,0,83,Total Loss,Property,Theft,1,1,7,500,Central,0
CLM101851,58,19.1,8151.1517107288855,3445.69,6,88,Total Loss,Property,Fire,1,2,11,1500,West,1
CLM101852,27,9.8,15687.285152941886,7930.32,15,54,Moderate,Life,Medical,1,3,3,1500,East,1
CLM101853,41,14.1,96276.69054395061,5092.62,21,90,Minor,Auto,Theft,1,4,15,500,West,1
CLM101854,35,18.5,36002.70806526252,3255.43,7,13,Moderate,Auto,Theft,1,4,1,2000,West,1
CLM101855,66,7.8,1443.0,2433.65,3,84,Major,Health,Natural,0,4,3,2000,North,0
CLM101856,35,18.1,1350.56,798.25,12,87,Minor,Auto,Theft,0,0,3,1000,South,0
CLM101857,24,18.4,11900.95,5799.25,8,8,Moderate,Property,Theft,1,3,10,500,North,0
CLM101858,21,18.6,19879.59479705811,3291.18,3,52,Moderate,Auto,Accident,1,1,2,1000,South,1
CLM101859,43,5.8,9777.62,6659.41,2,29,Moderate,Life,Natural,0,4,9,2000,Central,0
CLM101860,22,8.3,6400.43,3229.01,2,53,Minor,Life,Theft,1,1,11,500,North,0
CLM101861,72,17.5,65730.91,3299.97,12,81,Major,Health,Theft,1,1,16,500,West,0
CLM101862,33,7.5,5761.55,6343.86,14,57,Total Loss,Property,Accident,1,1,8,500,East,0
CLM101863,52,12.2,11101.35,4171.0,12,43,Moderate,Life,Accident,0,1,1,1000,Central,0
CLM101864,43,2.8,22414.45434609404,7136.71,11,67,Minor,Property,Medical,0,2,17,1500,South,1
CLM101865,35,1.6,6934.235207454591,4926.02,8,29,Total Loss,Auto,Natural,1,1,11,1500,North,1
CLM101866,46,8.5,4396.34,2304.84,2,47,Moderate,Health,Accident,1,0,5,1500,Central,0
CLM101867,40,11.8,38571.02,4762.04,3,84,Minor,Health,Theft,1,1,17,500,North,0
CLM101868,70,8.2,30308.5,530.01,10,85,Major,Auto,Accident,1,4,12,2000,West,0
CLM101869,31,11.8,4329.24,2842.98,6,16,Moderate,Life,Fire,0,1,14,1000,North,0
CLM101870,32,10.5,70247.85187114423,2059.64,8,14,Minor,Property,Medical,0,4,0,1000,South,1
CLM101871,66,13.9,4520.39,5406.41,8,69,Moderate,Property,Medical,0,1,7,2000,South,0
CLM101872,50,13.2,15774.42,1520.29,7,73,Minor,Property,Natural,0,3,17,1500,East,0
CLM101873,42,8.8,4504.777980781277,2675.73,14,81,Major,Life,Medical,0,2,19,2500,East,1
CLM101874,38,8.8,32850.23,2984.81,1,65,Major,Auto,Natural,1,4,11,2000,South,0
CLM101875,34,3.2,1793.11,524.7,4,70,Minor,Property,Fire,1,0,19,1500,South,0
CLM101876,40,10.5,13143.29,850.75,13,3,Total Loss,Life,Theft,1,1,11,500,South,0
CLM101877,74,11.9,23692.26,2833.45,3,82,Major,Property,Fire,1,4,0,2000,Central,0
CLM101878,60,9.8,2863.64,2167.67,11,27,Moderate,Life,Natural,1,2,9,1500,North,0
CLM101879,34,6.9,8774.81,1376.8,12,83,Major,Auto,Natural,0,1,18,1000,Central,0
CLM101880,31,14.6,1642.83,1656.21,4,37,Moderate,Property,Natural,1,2,18,2500,West,0
CLM101881,46,2.0,33690.03619884347,6766.53,4,90,Major,Auto,Theft,0,0,10,2500,East,1
CLM101882,37,18.3,6510.61,5624.9,9,66,Major,Health,Natural,1,4,2,2500,North,0
CLM101883,47,0.9,13294.11,4130.88,14,59,Moderate,Life,Fire,0,0,13,1500,East,0
CLM101884,36,19.3,41486.12,7316.56,10,46,Major,Health,Theft,0,2,17,1500,West,0
CLM101885,70,9.5,6476.18,721.65,0,24,Moderate,Auto,Fire,0,3,5,500,South,0
CLM101886,56,8.5,1747.74,3087.01,7,65,Moderate,Auto,Theft,1,3,8,2500,East,0
CLM101887,73,5.5,17887.95,6675.38,8,78,Major,Auto,Natural,1,4,8,1000,South,0
CLM101888,30,0.7,24185.76,5212.17,7,66,Major,Property,Theft,0,1,16,2500,East,0
CLM101889,35,5.9,83993.84538927217,7862.66,5,82,Moderate,Property,Accident,1,0,3,2000,West,1
CLM101890,40,2.6,3576.08,7583.86,11,39,Minor,Auto,Fire,0,3,3,2000,East,0
CLM101891,63,13.4,8467.16,1774.57,1,49,Major,Auto,Accident,0,3,18,1000,West,0
CLM101892,50,6.7,69830.14001780683,7789.9,7,68,Total Loss,Property,Accident,0,1,15,1500,North,1
CLM101893,56,15.5,25665.98,7591.51,13,36,Major,Property,Natural,1,0,16,2500,Central,0
CLM101894,57,4.5,15704.27,3302.08,8,68,Minor,Life,Natural,1,2,2,2000,West,0
CLM101895,35,18.1,5707.69,7871.6,9,16,Minor,Auto,Accident,1,3,6,1000,East,0
CLM101896,26,10.7,6011.87,768.83,8,61,Major,Property,Theft,1,4,4,500,North,0
CLM101897,50,2.7,2985.89,5455.63,4,40,Major,Property,Natural,0,4,2,2000,West,0
CLM101898,49,8.3,39237.58,2496.11,4,75,Total Loss,Health,Fire,1,2,11,2000,East,0
CLM101899,71,4.5,3848.02,1470.97,9,41,Major,Auto,Accident,1,1,18,2500,West,0
CLM101900,34,4.4,13760.59,4831.51,2,30,Minor,Auto,Fire,1,1,8,1500,West,0
CLM101901,36,10.4,14168.73,2797.63,13,32,Total Loss,Property,Fire,1,3,2,2000,South,0
CLM101902,44,13.6,7921.14,5501.19,14,42,Major,Health,Fire,1,3,2,2000,East,0
CLM101903,23,18.3,7519.97,4549.86,5,66,Total Loss,Life,Accident,1,3,15,2500,Central,0
CLM101904,52,10.3,17565.91,3444.42,6,37,Total Loss,Auto,Medical,0,2,19,1500,West,0
CLM101905,73,19.3,8372.65,1863.67,11,40,Minor,Life,Natural,0,2,12,500,North,0
CLM101906,54,18.9,8583.473311231972,5009.38,18,90,Minor,Auto,Fire,0,3,5,500,East,1
CLM101907,51,17.4,8640.69,6719.23,9,39,Moderate,Property,Accident,1,1,0,500,Central,0
CLM101908,37,10.2,25727.52,5000.03,13,29,Minor,Life,Medical,0,0,10,500,East,0
CLM101909,42,3.2,51933.5,5078.92,14,46,Moderate,Auto,Accident,1,3,17,1500,Central,0
CLM101910,21,4.7,16156.97,4338.78,11,21,Minor,Life,Natural,1,1,2,500,Central,0
CLM101911,27,13.1,60923.79904002206,3411.8,10,74,Minor,Property,Accident,1,1,17,2500,West,1
CLM101912,27,8.7,35286.75516610701,3930.94,13,53,Moderate,Health,Theft,1,4,10,2500,South,1
CLM101913,41,3.4,15705.37,7921.56,2,60,Moderate,Health,Theft,0,0,14,2500,East,0
CLM101914,38,9.8,67451.44,6122.51,11,73,Moderate,Life,Fire,0,3,2,500,North,0
CLM101915,28,0.8,9654.99,3729.2,12,31,Total Loss,Life,Accident,0,0,11,2500,North,0
CLM101916,44,14.8,4087.385346342673,3929.72,10,42,Moderate,Life,Accident,1,3,11,2500,South,1
CLM101917,33,1.9,48200.74,4247.24,12,44,Total Loss,Auto,Fire,1,0,16,1000,North,0
CLM101918,43,12.8,24630.02,5444.86,0,71,Total Loss,Property,Fire,0,0,0,500,East,0
CLM101919,47,16.0,8620.2,3994.69,1,19,Moderate,Life,Medical,1,1,10,2500,North,0
CLM101920,66,3.1,61593.63,5646.34,3,70,Moderate,Health,Accident,1,0,14,1500,East,0
CLM101921,33,10.6,7359.07,2968.91,6,64,Moderate,Auto,Natural,0,0,8,2500,Central,0
CLM101922,24,15.7,7981.1,3579.8,14,59,Minor,Life,Natural,1,3,6,1000,West,0
CLM101923,33,5.6,15113.8,6980.4,8,88,Minor,Auto,Natural,0,1,10,1500,South,0
CLM101924,52,3.7,5810.26,2966.79,14,25,Moderate,Life,Fire,1,0,17,1500,South,0
CLM101925,33,7.1,18988.34,7733.28,4,72,Major,Life,Fire,1,1,6,2000,North,0
CLM101926,57,11.3,3488.17,1793.79,14,22,Moderate,Auto,Fire,0,1,17,1000,East,0
CLM101927,29,11.7,2714.76,2312.6,7,39,Major,Property,Natural,0,2,14,1000,West,0
CLM101928,52,3.1,12481.83,3977.6,6,1,Minor,Property,Medical,0,3,15,2500,North,0
CLM101929,66,9.4,13161.87,6480.57,4,25,Minor,Health,Theft,1,2,14,1000,West,0
CLM101930,38,5.7,2691.74,5986.82,12,77,Major,Property,Accident,1,1,3,1500,East,0
CLM101931,67,16.9,50937.17,1808.5,2,61,Minor,Property,Theft,1,0,2,1500,North,0
CLM101932,60,6.6,13774.64,2275.14,2,43,Moderate,Auto,Accident,1,3,13,2500,North,0
CLM101933,53,16.9,3456.06,4814.47,12,30,Major,Auto,Fire,1,4,2,1500,West,0
CLM101934,65,8.9,6597.35,2713.74,5,25,Major,Health,Natural,1,3,15,2500,North,0
CLM101935,34,14.7,53333.05929205178,3667.44,16,90,Total Loss,Life,Theft,0,2,14,2000,West,1
CLM101936,49,10.4,12110.86,4149.46,10,4,Minor,Auto,Fire,0,3,18,1000,East,0
CLM101937,58,12.6,9845.45230740375,4956.85,7,83,Major,Auto,Accident,0,0,9,1000,West,1
CLM101938,23,8.2,2627.97,2382.88,2,34,Major,Auto,Theft,1,3,16,1000,East,0
CLM101939,41,15.5,9452.18,1723.55,3,15,Major,Property,Theft,1,4,3,2000,East,0
CLM101940,44,8.8,7174.09,3489.23,2,30,Minor,Auto,Theft,0,2,17,1000,Central,0
CLM101941,37,9.4,17003.1,1115.2,12,81,Major,Health,Theft,1,2,9,2000,West,0
CLM101942,42,10.6,39903.49,4450.74,14,13,Major,Health,Theft,0,1,15,2000,South,0
CLM101943,19,16.7,5269.91,6797.04,11,24,Moderate,Auto,Fire,0,2,2,2500,Central,0
CLM101944,26,13.4,29989.54,1392.32,14,78,Moderate,Life,Accident,1,4,11,500,Central,0
CLM101945,45,7.3,38972.8,1345.48,14,89,Total Loss,Auto,Accident,1,4,18,500,West,0
CLM101946,70,13.6,35842.21,1101.63,9,74,Major,Health,Medical,1,2,2,2500,Central,0
CLM101947,55,13.0,46572.5,6858.96,10,70,Minor,Life,Natural,1,3,8,2500,Central,0
CLM101948,20,18.7,28687.72,1105.29,10,17,Total Loss,Property,Theft,0,4,6,2500,North,0
CLM101949,37,16.9,14502.05,7875.97,12,49,Total Loss,Auto,Accident,1,2,15,1000,East,0
CLM101950,23,13.1,8910.58,3187.48,11,19,Total Loss,Health,Natural,1,2,0,1500,South,0
CLM101951,56,7.2,11149.89,2965.72,5,55,Major,Property,Natural,1,3,14,2500,West,0
CLM101952,50,15.7,31907.79,1187.24,12,1,Total Loss,Health,Fire,1,2,1,2000,North,0
CLM101953,72,11.7,6380.12,4892.31,6,25,Minor,Property,Theft,0,0,15,500,South,0
CLM101954,18,19.7,9002.989279066722,4894.12,7,55,Moderate,Health,Medical,1,1,6,1000,South,1
CLM101955,54,5.3,7592.681552658199,4203.54,4,57,Moderate,Health,Natural,1,4,13,1500,North,1
CLM101956,23,2.1,27316.49,2832.65,2,12,Major,Property,Fire,1,3,1,500,West,0
CLM101957,62,1.9,22499.89,3264.36,10,12,Minor,Auto,Theft,1,3,17,500,East,0
CLM101958,51,13.0,11326.73,2903.78,2,16,Minor,Health,Accident,1,1,0,500,North,0
CLM101959,64,18.8,5821.09,3696.1,8,88,Minor,Life,Medical,0,0,15,2000,Central,0
CLM101960,32,0.5,17980.05,3063.41,10,57,Major,Auto,Theft,1,1,8,2000,South,0
CLM101961,62,14.7,1587.87,5566.38,10,85,Minor,Life,Fire,1,2,2,2000,Central,0
CLM101962,43,13.3,34477.701435709474,2718.4,16,47,Moderate,Health,Fire,1,3,12,1500,West,1
CLM101963,74,14.8,8623.07,3131.29,13,16,Minor,Property,Fire,1,2,1,500,East,0
CLM101964,31,7.4,58155.29,3765.95,11,89,Minor,Auto,Fire,1,3,17,2500,East,0
CLM101965,71,16.5,11625.75,529.71,14,37,Major,Property,Fire,0,3,1,1500,East,0
CLM101966,24,1.4,13053.4,4190.62,2,13,Total Loss,Property,Medical,1,2,7,2000,Central,0
CLM101967,63,15.2,19690.82,2418.65,2,13,Total Loss,Life,Natural,1,1,2,2000,West,0
CLM101968,48,5.7,10940.39,921.13,7,11,Major,Life,Natural,0,4,16,2000,Central,0
CLM101969,41,9.8,4815.04,7332.66,3,68,Major,Auto,Accident,1,4,1,1000,South,0
CLM101970,48,16.5,12559.43,2918.14,6,67,Major,Auto,Natural,1,1,5,500,East,0
CLM101971,46,5.8,120201.13110801995,3695.64,9,66,Major,Auto,Fire,0,0,7,2500,West,1
CLM101972,59,4.1,8912.23,6705.07,7,62,Minor,Life,Natural,1,1,16,500,Central,0
CLM101973,49,13.8,18074.69,1750.92,2,28,Minor,Life,Natural,1,1,5,1500,Central,0
CLM101974,34,10.9,58274.02,6877.32,4,88,Total Loss,Property,Fire,1,1,11,1000,Central,0
CLM101975,31,10.5,82305.76892543741,2312.28,7,60,Major,Property,Medical,1,4,15,1500,Central,1
CLM101976,57,5.5,17139.59,4917.78,11,3,Major,Property,Fire,1,3,5,2000,Central,0
CLM101977,53,1.2,20976.89,5642.59,4,15,Minor,Auto,Natural,0,0,1,2000,South,0
CLM101978,65,8.5,88467.00772798675,7287.6,8,85,Major,Health,Natural,0,0,2,2500,East,1
CLM101979,41,2.6,116926.78918703532,5057.28,11,42,Moderate,Life,Accident,0,0,8,500,Central,1
CLM101980,62,18.2,53091.11,3899.24,1,67,Minor,Auto,Fire,1,2,18,1500,South,0
CLM101981,71,1.3,32487.904240624546,4792.02,7,54,Moderate,Life,Accident,0,1,9,2000,West,1
CLM101982,44,8.9,8284.96,2015.62,13,16,Minor,Health,Accident,1,3,12,2500,West,0
CLM101983,42,1.5,3143.39,5668.06,8,51,Minor,Life,Theft,0,3,19,2500,South,0
CLM101984,49,2.4,8305.37,1901.61,14,5,Minor,Life,Accident,1,2,12,1500,South,0
CLM101985,69,13.3,43958.84,4679.36,14,81,Total Loss,Life,Natural,0,4,19,500,South,0
CLM101986,35,13.1,34081.48,5357.03,9,83,Total Loss,Property,Natural,0,2,14,1000,West,0
CLM101987,63,1.1,12124.34,7239.37,0,38,Minor,Health,Theft,1,2,12,2500,Central,0
CLM101988,35,0.5,12550.66,3876.42,1,33,Minor,Auto,Theft,1,1,12,1500,East,0
CLM101989,54,2.0,6542.5,6315.0,1,53,Minor,Auto,Fire,1,4,5,2000,Central,0
CLM101990,43,15.4,10091.0,1756.48,14,87,Minor,Auto,Theft,1,2,17,1000,North,0
CLM101991,26,11.9,19799.99,1671.47,12,81,Major,Health,Medical,1,3,6,1000,South,0
CLM101992,52,1.2,8723.28,4435.99,14,64,Major,Life,Natural,1,1,2,500,Central,0
CLM101993,25,10.0,4123.53,4972.56,9,86,Major,Auto,Natural,0,4,0,1500,East,0
CLM101994,37,14.4,12675.99,5242.56,6,28,Total Loss,Health,Theft,1,3,11,500,Central,0
CLM101995,71,17.4,4829.91,6092.56,5,40,Moderate,Property,Theft,0,0,4,2500,North,0
CLM101996,59,18.7,103822.05276203176,2711.99,11,83,Minor,Health,Natural,1,1,10,2500,North,1
CLM101997,39,6.9,8422.81,5169.56,10,31,Major,Property,Theft,1,3,11,1500,Central,0
CLM101998,36,3.1,37063.45,1911.04,14,65,Major,Health,Fire,0,2,15,2000,East,0
CLM101999,47,5.1,4834.11,2142.48,6,44,Major,Property,Theft,1,2,0,2500,Central,0
CLM102000,70,15.6,4146.17,1004.82,2,16,Minor,Auto,Theft,0,1,17,2500,South,0
CLM102001,45,19.4,15391.93,6102.5,2,42,Minor,Health,Fire,0,4,0,2000,East,0
CLM102002,52,9.6,70922.95655852006,4302.45,5,79,Moderate,Property,Fire,1,2,4,1000,West,1
CLM102003,60,6.5,13547.11,2286.39,7,67,Total Loss,Life,Fire,1,3,3,1500,East,0
CLM102004,28,8.9,4916.49,4671.78,0,33,Moderate,Auto,Natural,0,0,0,1000,Central,0
CLM102005,48,6.4,1579.47,3156.8,10,0,Minor,Auto,Theft,1,4,14,500,Central,0
CLM102006,66,5.5,15446.37,6779.07,13,22,Moderate,Property,Fire,1,1,4,2000,West,0
CLM102007,65,12.1,3106.82,4461.11,1,5,Major,Property,Fire,0,2,6,1500,North,0
CLM102008,56,0.8,7305.1,723.58,10,15,Moderate,Health,Natural,1,4,16,2000,Central,0
CLM102009,53,5.6,17895.21,7888.21,11,1,Major,Property,Medical,1,0,19,2000,North,0
CLM102010,47,13.4,2547.5,1057.24,6,75,Moderate,Property,Theft,1,4,5,1000,North,0
CLM102011,40,1.1,3041.62,5719.69,0,26,Major,Life,Medical,0,4,12,1000,South,0
CLM102012,36,2.1,2972.817132686046,3779.42,14,37,Moderate,Auto,Medical,1,1,14,500,North,1
CLM102013,29,6.2,84121.62,2369.88,3,27,Total Loss,Property,Fire,1,0,6,1500,East,0
CLM102014,32,17.6,8342.73,5573.44,8,34,Moderate,Property,Natural,1,0,6,2000,North,0
CLM102015,48,15.4,36434.26,1444.23,7,67,Minor,Life,Theft,0,4,12,500,South,0
CLM102016,60,0.9,6213.3,6936.85,14,48,Minor,Property,Theft,0,2,3,2000,Central,0
CLM102017,54,10.3,35115.60526768659,2379.59,12,40,Major,Life,Theft,0,4,17,500,Central,1
CLM102018,54,5.9,4708.98,3210.9,13,36,Minor,Auto,Medical,1,3,7,2000,West,0
CLM102019,32,13.1,11347.03,5244.83,12,24,Major,Auto,Accident,0,2,18,1000,North,0
CLM102020,46,14.6,64378.37587414238,507.72,12,61,Total Loss,Life,Natural,1,1,15,2500,East,1
CLM102021,67,17.3,26419.58,4045.61,11,80,Minor,Life,Accident,0,0,19,500,West,0
CLM102022,60,9.8,63397.59469820964,7206.87,4,84,Minor,Auto,Medical,1,2,17,500,West,1
CLM102023,43,19.9,27036.45,5603.12,4,40,Major,Auto,Fire,0,1,15,2500,South,0
CLM102024,61,19.6,4563.82,3409.25,14,13,Total Loss,Life,Accident,1,4,15,1000,Central,0
CLM102025,19,17.7,10872.96,5453.18,3,53,Total Loss,Health,Accident,1,1,1,500,North,0
CLM102026,37,11.7,10950.08,7524.27,10,1,Moderate,Auto,Natural,1,3,13,1000,North,0
CLM102027,32,8.3,88631.74877104106,1908.54,13,90,Major,Auto,Medical,1,1,18,2000,Central,1
CLM102028,69,7.6,6283.67,4488.56,7,78,Major,Life,Natural,1,2,15,2000,South,0
CLM102029,21,0.7,41212.92,2260.53,10,47,Total Loss,Life,Fire,0,0,3,2500,South,0
CLM102030,39,5.4,9989.27,6906.68,6,50,Major,Life,Theft,0,2,12,1500,South,0
CLM102031,67,14.5,17620.26,5907.88,13,54,Minor,Health,Medical,1,2,7,1000,East,0
CLM102032,55,12.3,5697.73,6508.07,6,11,Minor,Life,Fire,0,0,2,1500,North,0
CLM102033,40,18.4,22795.6201232577,7572.59,14,90,Minor,Health,Fire,0,3,2,1500,South,1
CLM102034,43,1.5,19557.82,2242.32,9,68,Major,Life,Accident,0,2,4,1000,South,0
CLM102035,68,3.5,11784.58,865.39,6,0,Moderate,Life,Natural,1,0,10,1500,Central,0
CLM102036,28,15.9,41041.39,2681.78,0,58,Moderate,Health,Accident,1,0,12,500,West,0
CLM102037,45,7.5,21041.15,3493.54,12,72,Total Loss,Property,Accident,0,2,1,2000,West,0
CLM102038,73,2.8,13465.56,5188.7,14,33,Major,Auto,Theft,0,0,5,2500,West,0
CLM102039,19,19.9,33661.74,6482.78,6,45,Total Loss,Life,Natural,1,4,6,1000,North,0
CLM102040,25,15.9,46761.08333162586,3123.52,10,81,Major,Property,Theft,1,2,3,2500,East,1
CLM102041,46,8.5,16632.93,4051.23,11,65,Moderate,Health,Fire,1,3,8,2000,North,0
CLM102042,28,16.6,5242.83,6391.0,2,18,Minor,Life,Theft,1,4,17,2500,Central,0
CLM102043,54,13.8,8534.36,2189.97,12,27,Major,Health,Fire,1,3,13,1000,South,0
CLM102044,35,15.9,47752.56786329481,2128.49,18,55,Moderate,Health,Accident,1,2,5,2500,North,1
CLM102045,72,16.4,34355.46,4919.25,12,56,Moderate,Health,Theft,1,1,19,1500,West,0
CLM102046,67,2.2,6687.04,3770.43,14,50,Moderate,Property,Natural,1,0,1,1500,East,0
CLM102047,31,12.6,4640.36,7616.73,4,21,Minor,Health,Theft,0,4,3,2000,Central,0
CLM102048,71,0.6,14509.8,3177.73,1,67,Moderate,Auto,Fire,1,2,14,1500,South,0
CLM102049,27,1.3,2043.42,6196.67,7,7,Total Loss,Life,Medical,1,0,2,2500,East,0
CLM102050,52,18.1,19804.89,4873.2,11,59,Moderate,Life,Natural,1,1,3,500,North,0
CLM102051,26,10.8,19217.35,909.32,11,64,Moderate,Auto,Fire,0,3,3,2500,North,0
CLM102052,52,14.9,7576.78,1132.89,8,35,Major,Life,Medical,1,2,14,500,East,0
CLM102053,28,16.9,79955.1080794247,2023.67,9,89,Major,Auto,Natural,1,2,10,2500,East,1
CLM102054,61,19.0,25277.408228059554,1573.64,5,90,Major,Property,Medical,1,1,16,500,South,1
CLM102055,29,17.5,16566.92,2970.29,9,28,Moderate,Health,Accident,0,3,14,500,West,0
CLM102056,20,9.9,4527.83,4842.42,6,64,Moderate,Property,Accident,1,2,2,1000,East,0
CLM102057,70,7.1,9102.28,5017.72,0,55,Total Loss,Auto,Theft,1,0,9,1000,South,0
CLM102058,56,3.5,30752.98,4908.26,9,81,Minor,Health,Theft,1,1,3,2500,East,0
CLM102059,31,8.3,4591.75,1382.06,2,3,Moderate,Property,Theft,0,2,12,1500,East,0
CLM102060,73,7.6,8428.58,5001.69,8,83,Minor,Health,Theft,1,3,1,1000,West,0
CLM102061,45,11.4,6742.57,3573.1,1,71,Moderate,Health,Medical,1,4,5,500,South,0
CLM102062,28,13.5,8921.474073090269,7272.89,13,64,Minor,Property,Natural,1,2,18,2500,North,1
CLM102063,56,19.6,6131.4,7339.88,13,38,Major,Life,Natural,0,3,7,1500,South,0
CLM102064,42,14.7,4974.57,6261.3,8,34,Moderate,Auto,Theft,1,1,5,2500,South,0
CLM102065,38,13.1,39575.34,5773.3,10,24,Total Loss,Property,Accident,1,3,19,500,South,0
CLM102066,27,7.0,21268.47,1362.15,0,77,Minor,Property,Fire,1,3,13,1000,West,0
CLM102067,60,1.2,6699.19,1135.21,3,43,Major,Life,Theft,1,1,7,1000,West,0
CLM102068,32,6.1,22616.9,6806.25,11,46,Total Loss,Auto,Theft,1,4,5,2000,Central,0
CLM102069,36,15.5,1335.83,3702.62,9,39,Major,Property,Accident,0,0,11,2000,North,0
CLM102070,65,4.5,12214.83,3885.22,12,30,Moderate,Health,Fire,1,4,8,2500,West,0
CLM102071,39,14.4,5321.92,6858.45,5,68,Total Loss,Auto,Medical,1,0,6,2500,West,0
CLM102072,38,11.8,2821.03,5160.73,14,80,Minor,Life,Medical,1,0,12,1500,South,0
CLM102073,69,3.9,86481.18018064226,1845.55,18,90,Minor,Property,Fire,0,0,15,1000,South,1
CLM102074,61,5.6,8664.486391430302,2082.6,9,61,Total Loss,Health,Fire,1,2,7,1000,East,1
CLM102075,49,10.2,40503.1837377608,547.83,21,83,Minor,Auto,Medical,0,4,13,2000,East,1
CLM102076,67,8.7,8996.65,5830.03,14,15,Major,Property,Theft,1,3,15,500,East,0
CLM102077,40,15.7,1215.91,4142.09,2,67,Total Loss,Auto,Theft,0,2,19,500,West,0
CLM102078,30,14.8,40969.69409634963,7624.73,13,90,Minor,Health,Accident,0,1,5,2000,East,1
CLM102079,22,11.7,14608.47,5855.1,3,41,Major,Health,Fire,1,1,3,2500,North,0
CLM102080,21,16.5,7327.85,1273.64,4,40,Minor,Auto,Theft,1,0,3,1000,East,0
CLM102081,45,11.5,5959.8,1711.56,7,49,Major,Health,Theft,1,2,2,1000,Central,0
CLM102082,31,19.3,2148.22,4262.93,14,83,Moderate,Health,Accident,1,2,9,1000,Central,0
CLM102083,25,4.7,100284.0763596277,7436.56,14,26,Major,Auto,Fire,1,1,5,500,South,1
CLM102084,26,14.4,11217.83,2354.38,14,74,Minor,Auto,Accident,0,3,17,2500,West,0
CLM102085,74,7.7,2341.07,6691.85,13,52,Major,Life,Accident,0,4,12,500,Central,0
CLM102086,68,5.9,31451.74,2842.04,2,16,Minor,Property,Medical,1,4,10,2500,North,0
CLM102087,52,4.0,5903.27,2524.23,7,56,Total Loss,Life,Accident,1,0,3,2000,South,0
CLM102088,54,11.3,10106.34446341101,7260.45,18,90,Total Loss,Life,Fire,1,0,7,2500,Central,1
CLM102089,38,4.7,5947.1,854.31,13,15,Moderate,Life,Theft,1,0,2,500,East,0
CLM102090,35,4.4,13471.37,5455.56,10,51,Major,Life,Theft,1,1,11,1000,Central,0
CLM102091,50,19.8,4458.618145017006,823.76,6,90,Moderate,Property,Medical,0,1,12,500,Central,1
CLM102092,25,16.1,10859.66,6505.73,7,87,Total Loss,Auto,Fire,1,4,10,2000,South,0
CLM102093,68,15.1,34913.51,6720.53,13,33,Major,Health,Theft,1,0,8,1000,West,0
CLM102094,66,16.0,4126.99,7200.17,12,83,Major,Health,Accident,1,2,3,500,East,0
CLM102095,34,19.4,7033.8,1895.68,14,80,Moderate,Auto,Natural,1,3,10,1000,East,0
CLM102096,60,11.7,8565.75,1433.74,10,19,Moderate,Auto,Natural,1,1,7,2000,East,0
CLM102097,48,4.8,14236.34,4276.51,10,79,Major,Auto,Natural,0,0,17,2500,East,0
CLM102098,51,17.3,38746.75,2537.24,14,55,Major,Health,Natural,0,0,2,2500,West,0
CLM102099,23,15.0,8526.48,5047.23,11,50,Major,Life,Accident,1,1,3,1500,East,0
CLM102100,39,8.6,6014.0947040001,4353.1,14,71,Moderate,Life,Theft,1,4,16,1000,West,1
CLM102101,31,9.7,7414.53,1586.39,7,48,Minor,Life,Medical,0,4,15,2000,South,0
CLM102102,20,8.5,4162.4,6044.53,5,3,Total Loss,Property,Accident,0,4,6,500,North,0
CLM102103,29,18.6,16823.57,6528.38,4,17,Total Loss,Life,Theft,0,4,1,500,West,0
CLM102104,53,7.2,1445.48,7722.82,8,35,Moderate,Property,Fire,0,2,4,1500,East,0
CLM102105,29,19.3,6178.18,3466.54,5,34,Major,Health,Theft,0,0,0,500,South,0
CLM102106,62,18.3,28384.96314529385,3033.01,20,60,Total Loss,Property,Theft,0,4,12,2000,South,1
CLM102107,19,12.8,10032.970938295932,1941.97,6,90,Total Loss,Auto,Theft,0,4,11,2000,Central,1
CLM102108,19,11.8,13010.83,1856.49,11,81,Total Loss,Auto,Accident,1,3,18,2500,Central,0
CLM102109,32,7.7,5062.418115827853,2907.9,11,40,Total Loss,Health,Theft,1,3,7,1000,North,1
CLM102110,40,0.9,43919.46,7863.63,0,51,Major,Life,Theft,0,0,7,1000,North,0
CLM102111,46,3.0,6156.52,1191.94,5,68,Moderate,Health,Fire,1,1,11,500,Central,0
CLM102112,34,15.2,39459.41,2445.25,2,40,Major,Auto,Fire,0,4,3,1000,Central,0
CLM102113,49,9.7,11352.305270824772,1144.84,7,71,Major,Life,Natural,1,2,6,1500,South,1
CLM102114,24,3.4,23837.91,2552.24,12,86,Total Loss,Auto,Accident,1,3,15,1000,West,0
CLM102115,47,5.6,5239.17,1193.01,5,29,Total Loss,Health,Theft,0,4,17,500,Central,0
CLM102116,45,19.0,17619.44,4312.32,0,55,Major,Life,Natural,0,1,5,1000,East,0
CLM102117,31,7.7,6867.14,3787.67,12,78,Major,Health,Natural,1,2,17,2000,West,0
CLM102118,61,18.2,11674.53,1805.38,8,40,Major,Auto,Accident,0,3,3,2000,West,0
CLM102119,47,6.4,33871.26798428384,1811.06,14,31,Minor,Life,Natural,0,1,8,2500,East,1
CLM102120,34,11.1,28051.24360945935,5195.82,18,41,Total Loss,Auto,Natural,1,1,12,2500,East,1
CLM102121,49,0.9,13880.26,3403.41,14,89,Moderate,Life,Accident,0,2,18,2500,East,0
CLM102122,63,10.7,4040.634093661897,921.46,8,35,Moderate,Property,Medical,1,2,11,2500,South,1
CLM102123,23,12.9,5296.78,7401.44,1,49,Moderate,Property,Natural,1,3,15,1000,Central,0
CLM102124,68,5.1,37799.06495755588,3537.14,9,75,Minor,Auto,Fire,1,2,4,500,Central,1
CLM102125,41,11.8,1277.31,4932.86,14,47,Minor,Health,Natural,1,4,1,1000,South,0
CLM102126,23,13.1,5328.12,7140.59,9,69,Moderate,Property,Accident,1,2,2,500,West,0
CLM102127,44,13.9,4904.61,3516.19,1,47,Moderate,Property,Accident,0,1,12,500,South,0
CLM102128,35,15.6,14068.261579633374,6654.95,17,21,Moderate,Life,Medical,1,2,6,500,Central,1
CLM102129,41,6.6,12505.44,7360.64,0,23,Major,Life,Medical,1,3,12,500,North,0
CLM102130,54,11.6,14082.69,1805.51,1,30,Total Loss,Life,Fire,1,4,15,2000,South,0
CLM102131,73,19.6,36953.11,7193.69,4,82,Minor,Auto,Fire,1,2,13,500,North,0
CLM102132,41,18.0,8317.16,1398.74,10,74,Minor,Health,Natural,1,4,17,1000,North,0
CLM102133,55,19.1,40173.16,2563.46,14,28,Major,Health,Medical,1,2,12,500,East,0
CLM102134,51,8.0,16831.32,6561.59,9,4,Minor,Life,Fire,0,4,13,2000,East,0
CLM102135,57,15.8,84311.67122245533,7255.13,16,90,Moderate,Auto,Natural,0,2,8,1000,East,1
CLM102136,64,12.6,27888.89,5631.04,6,66,Minor,Life,Theft,1,2,7,1500,North,0
CLM102137,32,2.1,18451.22,1286.19,4,74,Major,Health,Natural,0,0,4,1000,Central,0
CLM102138,28,16.6,7603.32,4422.44,0,84,Total Loss,Auto,Fire,0,1,6,2000,East,0
CLM102139,39,13.7,11132.653410547256,4794.76,10,90,Moderate,Life,Natural,1,3,15,2000,East,1
CLM102140,71,4.4,9866.443689508693,2613.95,12,83,Minor,Life,Theft,1,3,9,2500,West,1
CLM102141,41,2.1,46602.74,7934.72,6,88,Moderate,Health,Fire,1,0,2,1500,North,0
CLM102142,18,16.8,48757.64,3017.21,1,63,Total Loss,Auto,Natural,0,2,16,500,North,0
CLM102143,35,2.0,20355.57,2076.91,4,34,Minor,Health,Fire,0,1,9,2000,East,0
CLM102144,61,2.3,33286.12,1326.02,13,11,Moderate,Auto,Natural,0,4,10,2500,West,0
CLM102145,29,8.8,58835.7321989686,3338.76,11,84,Major,Auto,Accident,1,0,19,2500,West,1
CLM102146,74,3.1,11747.96,5694.64,12,89,Major,Life,Fire,1,3,9,500,South,0
CLM102147,60,18.3,15875.71,2235.63,11,54,Total Loss,Health,Fire,1,3,17,1000,South,0
CLM102148,45,9.7,9138.73,6271.58,6,68,Total Loss,Auto,Fire,0,3,0,1500,East,0
CLM102149,57,11.6,26296.21824960469,1515.51,12,90,Total Loss,Property,Fire,0,2,3,500,North,1
CLM102150,24,18.6,1587.8,3803.51,12,37,Minor,Life,Natural,1,4,2,500,West,0
CLM102151,40,10.8,9532.69,5767.8,5,28,Total Loss,Health,Medical,0,4,19,1000,West,0
CLM102152,38,7.4,17789.41,1514.82,11,11,Minor,Auto,Natural,1,4,5,1000,West,0
CLM102153,51,16.0,17865.74566484093,4983.82,2,57,Moderate,Life,Theft,0,2,5,2000,North,1
CLM102154,28,9.1,31883.96,6492.14,0,8,Major,Health,Accident,0,3,16,1000,South,0
CLM102155,39,6.7,7064.65,4966.62,6,81,Moderate,Health,Natural,0,3,18,1000,East,0
CLM102156,59,14.6,3135.24,4335.98,2,28,Major,Life,Natural,1,2,16,1500,South,0
CLM102157,52,16.1,26034.53,6787.25,5,2,Total Loss,Auto,Fire,0,1,16,1500,West,0
CLM102158,69,15.9,17810.47,7890.65,11,86,Moderate,Life,Theft,1,2,16,1500,West,0
CLM102159,46,19.6,5152.51,1859.85,4,29,Moderate,Property,Fire,1,2,2,500,North,0
CLM102160,59,15.8,12532.66,5685.1,2,57,Total Loss,Life,Fire,1,3,13,1500,North,0
CLM102161,45,15.5,8708.76,1104.93,5,87,Moderate,Health,Medical,1,4,1,1500,North,0
CLM102162,35,17.2,42918.78,821.31,2,52,Minor,Property,Accident,1,3,3,2500,East,0
CLM102163,31,0.5,41503.1077504299,2606.14,12,37,Major,Property,Medical,1,1,17,1500,Central,1
CLM102164,35,7.6,3586.57,7781.9,13,56,Total Loss,Auto,Fire,1,0,1,500,Central,0
CLM102165,45,14.9,29929.641072668088,4641.47,19,89,Minor,Life,Accident,1,0,11,2500,East,1
CLM102166,41,12.2,30768.17,2512.04,6,27,Minor,Auto,Natural,0,2,14,500,East,0
CLM102167,25,4.0,17698.12,1494.4,8,15,Total Loss,Life,Theft,0,0,12,500,East,0
CLM102168,59,6.4,28720.38,7401.38,4,12,Moderate,Health,Medical,1,4,10,2500,South,0
CLM102169,71,7.1,5323.22,3217.75,11,71,Major,Auto,Theft,1,3,6,2500,East,0
CLM102170,62,11.6,33885.98,2800.23,14,55,Minor,Health,Fire,1,1,8,2500,South,0
CLM102171,70,16.7,22134.93,6934.73,0,52,Moderate,Health,Accident,1,1,14,2500,North,0
CLM102172,25,18.7,20579.77,5033.02,10,47,Total Loss,Property,Natural,1,1,2,500,West,0
CLM102173,21,15.1,12340.085230395269,1764.77,12,46,Total Loss,Auto,Accident,1,3,9,2500,Central,1
CLM102174,44,16.9,33793.12,3661.33,14,65,Major,Life,Theft,1,4,7,1000,West,0
CLM102175,53,9.7,31991.91032517893,7461.73,12,60,Total Loss,Auto,Theft,1,1,5,1500,Central,1
CLM102176,22,8.1,29641.88,7259.03,7,2,Major,Health,Natural,0,0,13,1500,North,0
CLM102177,50,8.2,7717.09,1025.82,1,22,Total Loss,Property,Natural,0,4,5,1000,Central,0
CLM102178,66,12.5,3361.25,2514.6,5,28,Total Loss,Auto,Accident,1,4,18,500,North,0
CLM102179,51,2.9,7059.58,1659.05,0,40,Minor,Property,Medical,1,4,8,500,West,0
CLM102180,47,11.8,10111.82,4503.59,5,10,Moderate,Property,Accident,1,1,8,1500,South,0
CLM102181,25,13.5,12434.48,6124.87,3,20,Minor,Health,Theft,1,4,19,2000,Central,0
CLM102182,56,9.1,11725.04,2716.57,4,23,Major,Auto,Accident,1,1,15,1000,East,0
CLM102183,64,19.1,12846.68,6184.97,14,64,Minor,Auto,Fire,1,0,12,1000,South,0
CLM102184,43,12.4,28649.5,5515.37,9,0,Total Loss,Auto,Accident,0,0,12,1500,South,0
CLM102185,74,4.8,8455.333448016041,5961.67,13,78,Total Loss,Property,Accident,1,0,11,2500,North,1
CLM102186,54,9.8,12681.093413827315,7611.83,19,90,Moderate,Life,Fire,0,0,19,2000,West,1
CLM102187,51,13.7,33920.56,3684.59,5,33,Major,Auto,Theft,1,4,1,500,East,0
CLM102188,24,6.8,13330.34,3069.26,0,79,Total Loss,Health,Natural,1,4,3,500,West,0
CLM102189,57,2.1,14134.07,5628.85,8,67,Moderate,Property,Accident,0,1,6,500,West,0
CLM102190,45,11.9,10753.11,6556.68,5,82,Moderate,Life,Medical,1,0,18,500,South,0
CLM102191,56,19.0,27222.270635303666,1935.84,12,45,Total Loss,Auto,Natural,1,2,2,1000,East,1
CLM102192,56,10.0,4311.19,6851.0,8,2,Total Loss,Life,Medical,0,0,10,1000,Central,0
CLM102193,45,18.2,12873.54,933.89,11,10,Major,Property,Accident,1,3,18,2500,East,0
CLM102194,31,16.8,89028.77,547.95,9,7,Moderate,Life,Medical,1,2,13,1000,North,0
CLM102195,70,3.4,13522.31,1688.2,4,61,Moderate,Property,Natural,1,3,16,2500,South,0
CLM102196,67,14.3,1681.28,7840.0,10,32,Moderate,Life,Medical,1,2,4,2500,East,0
CLM102197,55,9.0,47853.74252459349,4426.74,21,42,Major,Life,Medical,1,1,13,500,North,1
CLM102198,21,5.4,8574.53,849.26,5,24,Moderate,Property,Natural,1,4,6,500,Central,0
CLM102199,59,13.9,3502.8,7978.82,5,87,Minor,Life,Natural,1,1,11,1000,West,0
CLM102200,35,15.0,75482.21420171924,6086.83,10,46,Minor,Health,Natural,0,2,16,1000,West,1
CLM102201,61,4.0,4309.2,6785.04,8,25,Moderate,Auto,Natural,0,0,19,2500,North,0
CLM102202,65,18.3,39030.51,2097.05,4,16,Minor,Life,Fire,0,1,17,1500,South,0
CLM102203,42,15.1,9745.48,1290.87,4,28,Minor,Life,Accident,1,2,0,500,West,0
CLM102204,24,18.7,21367.98,4363.14,3,42,Major,Life,Natural,0,0,10,2000,South,0
CLM102205,55,6.7,26283.497981767076,6291.32,16,90,Moderate,Auto,Theft,1,4,3,1500,South,1
CLM102206,45,18.8,5448.36,5283.35,3,77,Major,Property,Medical,1,2,11,500,West,0
CLM102207,22,7.7,35702.92093403663,5232.94,16,23,Moderate,Auto,Natural,1,3,4,500,Central,1
CLM102208,20,1.6,48520.09,6178.22,7,49,Total Loss,Life,Natural,1,3,14,1000,East,0
CLM102209,61,15.4,43910.2028866948,2202.66,14,86,Minor,Property,Accident,0,3,19,2000,West,1
CLM102210,48,14.2,14895.8,5461.39,1,62,Major,Life,Natural,1,0,2,2000,East,0
CLM102211,64,12.2,191999.22411950433,3440.83,15,67,Major,Property,Fire,0,0,14,500,South,1
CLM102212,59,10.1,5624.94,1023.15,7,44,Total Loss,Life,Theft,0,1,7,2500,Central,0
CLM102213,37,1.1,4852.725146978158,2016.07,6,60,Total Loss,Life,Theft,1,0,10,2000,South,1
CLM102214,36,12.7,1489.88,6455.03,14,71,Minor,Property,Natural,1,2,11,1500,Central,0
CLM102215,65,8.6,19603.74,7219.48,0,78,Minor,Health,Accident,0,3,2,2500,North,0
CLM102216,28,11.4,71247.6077009862,2621.16,16,61,Moderate,Auto,Natural,0,4,5,1000,Central,1
CLM102217,57,8.9,16122.0,1927.71,12,32,Moderate,Property,Medical,1,3,7,500,Central,0
CLM102218,20,19.3,75921.88909039543,700.43,18,42,Total Loss,Auto,Theft,0,2,6,500,South,1
CLM102219,40,12.3,18958.73,7607.73,8,75,Minor,Health,Medical,0,4,16,1500,West,0
CLM102220,24,15.1,7953.28,5628.91,10,70,Minor,Health,Fire,1,1,15,1500,West,0
CLM102221,40,18.8,3999.8,7677.73,7,44,Total Loss,Property,Theft,1,0,16,1000,East,0
CLM102222,24,12.0,39783.67,6978.87,5,6,Total Loss,Health,Theft,1,2,12,1000,North,0
CLM102223,63,0.7,2640.48,3053.5,3,64,Major,Health,Fire,1,0,3,2000,Central,0
CLM102224,51,1.2,12745.7,1345.12,1,23,Total Loss,Life,Medical,0,1,9,2500,East,0
CLM102225,59,14.2,6653.34,4242.93,7,44,Major,Life,Natural,1,4,15,500,Central,0
CLM102226,36,5.9,5749.76,701.1,2,60,Moderate,Health,Accident,1,2,18,2000,Central,0
CLM102227,26,11.8,16569.88,1624.37,9,18,Total Loss,Life,Medical,1,4,6,1000,North,0
CLM102228,65,4.4,4944.59,2250.74,3,31,Total Loss,Health,Fire,1,2,17,1500,North,0
CLM102229,68,5.8,38219.42,5492.35,4,29,Total Loss,Life,Fire,1,1,12,2000,East,0
CLM102230,35,10.3,8814.25,4324.08,12,64,Major,Health,Fire,0,1,3,1500,West,0
CLM102231,58,19.5,17968.99,2768.15,3,31,Total Loss,Health,Theft,1,1,17,2500,Central,0
CLM102232,65,12.5,56607.47226545887,4735.76,16,71,Total Loss,Auto,Natural,1,0,15,1500,South,1
CLM102233,62,18.8,38730.8453176556,1439.02,13,56,Minor,Health,Theft,1,3,17,500,East,1
CLM102234,59,19.2,36057.69,6167.81,8,84,Minor,Auto,Theft,1,4,15,2500,Central,0
CLM102235,42,4.6,4942.52,5840.26,13,82,Minor,Property,Theft,0,2,8,1500,North,0
CLM102236,69,6.6,4146.74655112252,2123.77,20,41,Total Loss,Health,Fire,0,4,1,2000,North,1
CLM102237,31,15.5,1855.95,5047.94,13,86,Minor,Health,Medical,0,3,5,500,North,0
CLM102238,61,17.4,32536.86,4274.77,0,58,Moderate,Auto,Accident,0,0,5,500,North,0
CLM102239,42,10.6,55339.1,956.12,1,89,Minor,Health,Accident,0,0,5,1000,West,0
CLM102240,36,19.9,6404.36,2586.15,11,61,Total Loss,Life,Natural,1,3,13,1000,West,0
CLM102241,56,0.7,18738.74,7996.12,3,66,Minor,Auto,Natural,1,2,10,2000,Central,0
CLM102242,72,6.3,1134.29,1246.52,0,30,Minor,Auto,Fire,1,3,16,1000,Central,0
CLM102243,32,12.7,9370.996267738916,4298.08,16,85,Minor,Life,Accident,0,0,3,1500,East,1
CLM102244,33,9.7,40167.06557867949,6870.0,12,90,Moderate,Health,Medical,1,0,3,1000,North,1
CLM102245,44,2.8,2022.37,2754.89,14,9,Moderate,Property,Fire,1,4,18,500,North,0
CLM102246,57,7.7,10481.06,2455.31,11,37,Major,Property,Natural,1,2,15,2000,South,0
CLM102247,27,1.0,28324.995483695682,7180.95,8,90,Total Loss,Property,Fire,0,2,7,1500,South,1
CLM102248,21,13.0,22783.83,2786.22,12,30,Moderate,Auto,Natural,1,0,18,500,North,0
CLM102249,68,17.9,10071.99,5386.2,6,28,Moderate,Auto,Accident,1,3,19,500,South,0
CLM102250,36,17.8,15925.3,6052.35,11,24,Moderate,Life,Fire,1,0,0,2500,South,0
CLM102251,45,14.1,31509.57046325258,6414.63,7,62,Total Loss,Health,Theft,0,4,3,1000,North,1
CLM102252,38,9.6,1805.85,7960.7,13,16,Major,Life,Natural,0,3,11,1500,West,0
CLM102253,64,10.5,58080.23542068874,6523.94,18,66,Total Loss,Auto,Theft,0,0,18,2000,West,1
CLM102254,31,3.2,7806.773190525232,5427.59,4,73,Minor,Property,Natural,1,2,1,2000,Central,1
CLM102255,50,7.1,1484.83,7215.98,4,86,Major,Health,Theft,1,4,5,2000,West,0
CLM102256,65,4.2,9999.44,7293.08,2,17,Minor,Property,Accident,1,0,19,2500,North,0
CLM102257,27,16.5,31108.22,7798.75,8,74,Moderate,Health,Accident,1,0,2,1500,South,0
CLM102258,36,18.3,3452.43,6323.49,1,51,Total Loss,Property,Medical,1,1,2,500,North,0
CLM102259,47,11.0,1194.11,1961.95,5,19,Minor,Health,Medical,0,3,0,2500,East,0
CLM102260,39,14.7,2747.66,5823.55,8,61,Major,Property,Medical,0,1,8,1000,South,0
CLM102261,20,2.9,7780.31,1063.46,9,12,Minor,Life,Fire,1,2,6,500,North,0
CLM102262,54,12.4,36992.69408694223,2884.72,13,90,Minor,Auto,Natural,0,3,8,2000,Central,1
CLM102263,58,14.2,4216.7,1368.56,4,42,Moderate,Life,Fire,1,4,0,1000,Central,0
CLM102264,35,9.3,25289.6,7624.57,1,83,Minor,Property,Medical,0,3,7,1500,South,0
CLM102265,28,5.2,21993.56,3040.66,1,20,Minor,Health,Natural,1,0,17,1500,West,0
CLM102266,65,17.6,18854.19,5849.12,3,5,Moderate,Life,Fire,1,0,2,2500,Central,0
CLM102267,19,15.0,11025.93,4784.89,9,70,Major,Property,Accident,1,0,16,1500,East,0
CLM102268,29,18.0,7817.08,1306.34,11,52,Moderate,Auto,Natural,1,3,6,2000,South,0
CLM102269,71,16.5,8064.14,4710.08,1,86,Minor,Health,Medical,1,0,10,2500,East,0
CLM102270,23,19.8,11489.61,5457.68,11,51,Total Loss,Life,Accident,0,0,4,2500,South,0
CLM102271,60,4.2,2207.01,7111.38,12,68,Moderate,Auto,Natural,1,1,12,2000,West,0
CLM102272,57,2.2,18199.97,1025.64,12,85,Moderate,Property,Fire,0,0,10,1500,North,0
CLM102273,61,7.1,7496.57,2717.25,7,8,Minor,Health,Medical,0,1,2,1000,South,0
CLM102274,46,3.0,11462.668665454861,5692.56,13,90,Total Loss,Property,Fire,0,2,12,2500,North,1
CLM102275,47,10.7,5892.75,757.49,6,45,Major,Health,Accident,1,3,19,1000,South,0
CLM102276,19,12.8,3982.15,2026.65,6,74,Total Loss,Auto,Accident,1,1,5,1000,West,0
CLM102277,26,11.8,35775.85,2140.03,2,70,Moderate,Auto,Accident,0,3,14,1000,East,0
CLM102278,64,5.6,3777.56,5519.95,6,29,Total Loss,Auto,Natural,1,3,1,1000,North,0
CLM102279,19,18.2,33174.25,2644.71,7,42,Major,Life,Medical,0,4,1,2000,East,0
CLM102280,46,0.9,13738.01,4996.97,4,58,Total Loss,Life,Accident,1,1,13,500,South,0
CLM102281,50,7.3,31312.04,7740.11,0,37,Total Loss,Life,Fire,1,0,1,1500,South,0
CLM102282,27,14.5,10638.64,6449.32,14,33,Total Loss,Property,Medical,1,4,4,500,West,0
CLM102283,51,15.5,40390.22,2996.77,0,45,Moderate,Life,Fire,1,1,15,500,South,0
CLM102284,61,8.6,4564.17,4043.0,11,31,Minor,Health,Fire,1,1,7,2500,West,0
CLM102285,72,0.8,13134.83,2005.05,10,15,Minor,Auto,Accident,0,2,7,500,South,0
CLM102286,25,12.6,5761.642501625432,617.9,16,75,Total Loss,Property,Medical,0,0,10,500,East,1
CLM102287,54,1.7,9891.94,2672.87,3,0,Moderate,Property,Theft,1,2,12,2000,South,0
CLM102288,71,2.6,13656.19,3270.56,1,56,Moderate,Life,Natural,1,3,14,1000,North,0
CLM102289,50,13.2,14958.71,4732.75,6,86,Moderate,Health,Theft,1,0,3,500,Central,0
CLM102290,64,6.6,7824.45,7580.5,12,19,Minor,Auto,Natural,1,2,7,500,North,0
CLM102291,23,7.3,2191.1,7608.89,2,81,Moderate,Property,Medical,1,2,15,2500,North,0
CLM102292,61,10.0,16977.35,1025.74,11,81,Total Loss,Auto,Accident,1,0,15,1500,West,0
CLM102293,57,19.6,11054.12,5109.84,3,41,Minor,Health,Medical,1,1,9,2500,South,0
CLM102294,62,19.3,3208.0,817.64,8,84,Moderate,Auto,Theft,0,3,1,1500,East,0
CLM102295,36,8.6,42204.04,5360.61,1,71,Total Loss,Life,Fire,0,4,17,1500,South,0
CLM102296,49,5.7,47740.95,1382.77,11,33,Minor,Auto,Natural,1,4,15,1500,Central,0
CLM102297,44,6.4,30132.42,7598.02,7,49,Moderate,Property,Natural,0,4,3,2000,South,0
CLM102298,18,5.7,28855.83,6982.54,0,10,Major,Life,Theft,0,3,19,2000,Central,0
CLM102299,60,10.9,2558.28,667.47,2,42,Total Loss,Life,Accident,1,0,18,1000,Central,0
CLM102300,69,12.3,153931.1635246382,6365.99,10,28,Major,Life,Medical,0,0,7,1500,North,1
CLM102301,50,10.0,8671.9,5269.23,13,7,Minor,Life,Theft,1,0,19,2000,Central,0
CLM102302,57,8.5,3671.14,4215.27,5,71,Moderate,Property,Medical,1,4,7,2000,Central,0
CLM102303,49,4.6,26077.82,5019.76,0,18,Total Loss,Health,Accident,1,1,13,500,East,0
CLM102304,22,9.9,14121.660032097925,5586.88,18,86,Total Loss,Health,Fire,1,2,15,1500,West,1
CLM102305,34,7.2,12203.77,7133.43,7,54,Total Loss,Life,Medical,1,4,5,2500,South,0
CLM102306,25,11.1,3054.76,6255.18,1,51,Major,Health,Accident,0,3,17,500,East,0
CLM102307,74,13.7,10655.24,4815.33,4,2,Moderate,Property,Theft,1,0,7,2000,West,0
CLM102308,59,12.8,13251.48,6684.62,5,52,Moderate,Health,Fire,0,2,18,2000,North,0
CLM102309,51,9.5,9856.8,7901.92,7,43,Moderate,Health,Fire,1,0,3,2000,East,0
CLM102310,26,11.3,2080.29,2751.37,2,47,Major,Property,Fire,1,0,3,2000,East,0
CLM102311,73,6.1,19973.085140108997,1388.16,16,85,Minor,Health,Natural,0,0,6,2500,North,1
CLM102312,40,1.0,10493.28,5985.86,8,15,Major,Life,Accident,0,1,7,1000,Central,0
CLM102313,52,12.7,5549.46,7839.47,11,29,Minor,Life,Medical,0,2,8,1000,North,0
CLM102314,67,5.4,67714.30761928321,1375.29,11,59,Major,Property,Theft,0,4,0,1500,South,1
CLM102315,24,13.5,9113.92,3737.8,7,15,Moderate,Life,Fire,0,1,16,2000,North,0
CLM102316,32,15.1,30939.28,967.01,3,50,Moderate,Life,Fire,1,3,6,1500,East,0
CLM102317,70,18.4,2742.34,6323.99,11,32,Moderate,Life,Fire,1,3,19,2500,North,0
CLM102318,71,19.2,6760.19,7615.32,8,24,Major,Life,Accident,0,4,9,1500,South,0
CLM102319,37,0.7,3909.8,4242.46,7,17,Total Loss,Life,Theft,1,2,0,1000,Central,0
CLM102320,67,19.8,14318.486946696336,3571.41,7,45,Major,Health,Accident,0,4,17,1000,Central,1
CLM102321,42,13.8,2775.62,7307.89,2,5,Minor,Property,Theft,0,1,13,1000,West,0
CLM102322,20,13.0,9725.02,1500.41,0,37,Major,Auto,Medical,1,2,18,1500,West,0
CLM102323,72,0.8,7551.34,7186.88,14,43,Minor,Property,Natural,1,3,17,2000,South,0
CLM102324,63,17.3,13478.362542100049,3440.95,10,90,Major,Property,Theft,1,2,12,500,West,1
CLM102325,41,3.3,41173.92329865052,4695.55,9,57,Total Loss,Property,Accident,1,2,6,1000,Central,1
CLM102326,51,16.8,77404.9101324575,4462.19,8,42,Total Loss,Health,Accident,1,2,1,1500,Central,1
CLM102327,63,0.8,4481.13,5119.84,9,77,Moderate,Property,Accident,1,4,6,500,West,0
CLM102328,39,13.1,19661.03,7565.92,9,63,Total Loss,Property,Natural,1,0,9,1000,North,0
CLM102329,28,9.0,21344.1,7633.45,7,81,Major,Health,Theft,1,1,16,1000,Central,0
CLM102330,65,4.4,11340.93,6733.61,2,79,Total Loss,Life,Theft,0,2,4,2500,West,0
CLM102331,25,2.6,35193.04,1936.58,11,87,Moderate,Auto,Theft,1,2,8,1000,West,0
CLM102332,56,9.1,51894.0,3001.37,9,12,Major,Life,Theft,0,4,3,500,South,0
CLM102333,60,2.9,7747.05,4158.69,8,64,Minor,Property,Fire,0,1,19,500,South,0
CLM102334,52,10.0,16791.68,7290.96,2,37,Major,Life,Fire,1,1,14,2000,Central,0
CLM102335,66,12.7,17280.08,4406.49,3,63,Moderate,Health,Accident,1,3,13,500,East,0
CLM102336,63,16.6,8753.55,7830.77,5,13,Total Loss,Auto,Fire,0,1,17,1500,West,0
CLM102337,55,13.7,6714.32,7878.81,8,16,Total Loss,Life,Theft,1,1,9,1500,North,0
CLM102338,25,1.8,41713.48,4989.38,9,76,Major,Property,Theft,1,2,15,1000,East,0
CLM102339,71,6.5,24408.4,7081.22,1,12,Minor,Auto,Fire,1,0,19,2000,West,0
CLM102340,54,6.1,2823.44,7994.17,1,72,Minor,Property,Medical,1,2,9,1000,East,0
CLM102341,44,18.3,2915.52,6872.87,1,5,Minor,Life,Accident,1,4,8,2000,West,0
CLM102342,45,17.4,39370.44,5426.83,4,5,Minor,Life,Natural,1,1,15,2500,West,0
CLM102343,57,7.7,2273.73,6838.5,5,36,Major,Property,Accident,0,0,4,2000,East,0
CLM102344,51,1.9,48974.59690407851,1119.91,9,66,Total Loss,Auto,Accident,1,2,18,2500,South,1
CLM102345,49,17.9,4857.45,5261.16,2,52,Minor,Auto,Accident,0,3,0,2500,West,0
CLM102346,32,17.8,1537.29,2123.92,1,45,Major,Auto,Fire,1,4,0,1000,Central,0
CLM102347,61,17.2,1922.35,1370.48,10,77,Major,Life,Accident,1,4,4,1500,East,0
CLM102348,34,17.0,8014.63,7196.53,5,3,Major,Life,Theft,1,4,6,2000,South,0
CLM102349,50,9.9,2211.46,5297.34,0,33,Minor,Property,Accident,0,2,14,1000,North,0
CLM102350,64,4.0,14618.86,2326.6,8,65,Minor,Property,Theft,1,0,10,2500,West,0
CLM102351,63,9.8,40646.0268393592,3400.87,19,79,Major,Health,Fire,0,0,11,2500,West,1
CLM102352,69,10.1,8013.35,7799.57,10,60,Major,Health,Fire,1,1,16,500,Central,0
CLM102353,71,10.1,63677.24886761841,6966.37,13,90,Major,Health,Accident,1,0,16,500,South,1
CLM102354,33,11.0,11101.42,616.86,3,41,Total Loss,Property,Theft,0,3,16,2000,West,0
CLM102355,46,5.5,9437.8,7848.51,13,77,Total Loss,Auto,Theft,1,4,3,1500,South,0
CLM102356,26,7.6,20037.104478511348,3263.97,4,90,Moderate,Health,Theft,0,2,1,500,West,1
CLM102357,50,9.0,9460.93,5715.64,12,16,Moderate,Property,Theft,1,4,9,2500,North,0
CLM102358,66,3.1,52577.72,5845.07,11,60,Minor,Life,Natural,1,4,4,1000,Central,0
CLM102359,46,9.4,18157.62,7337.63,5,29,Total Loss,Auto,Fire,1,3,9,1500,North,0
CLM102360,30,16.3,6679.64,7137.96,4,42,Moderate,Health,Theft,0,4,9,2000,North,0
CLM102361,38,16.6,20855.98,2612.97,2,6,Major,Life,Natural,0,4,10,1000,East,0
CLM102362,38,8.5,7013.15,5326.52,12,72,Major,Auto,Natural,1,3,9,2000,North,0
CLM102363,22,10.6,3015.23,3452.79,2,45,Minor,Auto,Fire,1,3,10,1000,Central,0
CLM102364,27,1.2,10675.65,4441.58,4,22,Minor,Life,Medical,1,0,5,1000,Central,0
CLM102365,23,13.7,21855.97,4660.09,3,35,Moderate,Health,Accident,1,4,9,1500,West,0
CLM102366,73,8.4,8114.03,3472.58,4,13,Major,Health,Fire,1,1,7,2000,North,0
CLM102367,68,9.2,31508.32,3979.21,1,19,Minor,Life,Medical,1,1,10,500,South,0
CLM102368,74,17.5,8339.7,2062.57,10,55,Minor,Life,Accident,0,1,19,1000,East,0
CLM102369,30,9.5,7458.03,5057.35,0,80,Total Loss,Life,Accident,1,3,18,1000,East,0
CLM102370,18,0.9,96170.02,6192.2,4,31,Moderate,Property,Accident,0,4,6,500,East,0
CLM102371,37,4.9,24748.830151773043,3723.06,15,53,Minor,Auto,Natural,1,0,11,1500,Central,1
CLM102372,74,9.8,25538.36,7832.6,0,48,Moderate,Health,Theft,1,4,5,1500,Central,0
CLM102373,64,8.8,25520.42,929.2,2,56,Major,Health,Accident,1,1,11,1500,West,0
CLM102374,63,17.3,40130.41,4918.71,7,26,Moderate,Life,Theft,1,2,4,2500,North,0
CLM102375,25,11.1,2330.75,4877.01,14,26,Minor,Auto,Accident,0,1,12,2500,Central,0
CLM102376,27,13.9,5745.76,772.22,10,45,Total Loss,Life,Natural,1,3,16,1500,East,0
CLM102377,26,9.7,22898.99,2184.28,7,44,Moderate,Auto,Accident,1,4,8,1500,Central,0
CLM102378,66,9.1,13403.66,7291.57,8,25,Moderate,Life,Fire,0,3,19,500,North,0
CLM102379,58,9.2,13301.59,4583.86,0,13,Major,Life,Medical,1,0,16,2500,Central,0
CLM102380,20,8.5,6983.468014304465,3772.89,10,73,Total Loss,Auto,Accident,0,4,18,2000,North,1
CLM102381,28,11.0,10631.853268665247,3616.22,8,90,Moderate,Health,Medical,1,4,18,1500,West,1
CLM102382,29,5.4,31336.966368976107,7161.21,12,52,Total Loss,Health,Medical,0,4,7,1500,Central,1
CLM102383,27,17.9,5868.95,3252.73,4,88,Minor,Property,Natural,1,2,7,1500,North,0
CLM102384,42,7.0,4541.21,6943.75,12,50,Total Loss,Auto,Medical,0,4,14,1000,North,0
CLM102385,66,3.4,2377.72,2818.94,6,53,Minor,Health,Natural,1,2,6,2500,South,0
CLM102386,66,2.4,3539.17,4486.28,10,10,Major,Health,Accident,1,4,5,2000,West,0
CLM102387,42,0.8,22971.48,1578.65,14,74,Major,Auto,Theft,1,1,15,1000,Central,0
CLM102388,28,8.7,20029.23,6687.73,9,27,Major,Health,Natural,1,0,7,1000,South,0
CLM102389,71,4.2,1703.76,6019.81,7,54,Minor,Auto,Medical,0,4,2,2000,Central,0
CLM102390,53,0.9,4408.86,4475.7,9,68,Moderate,Health,Medical,1,3,9,2000,East,0
CLM102391,56,10.6,13330.24,694.26,5,71,Minor,Life,Accident,0,1,9,2000,East,0
CLM102392,70,13.8,6843.02,4109.43,10,25,Total Loss,Auto,Natural,1,3,18,2000,North,0
CLM102393,43,2.2,26995.25,2188.97,3,69,Total Loss,Auto,Accident,0,3,1,2000,South,0
CLM102394,31,9.5,49531.13800581346,3600.31,5,42,Minor,Health,Natural,1,2,8,1500,North,1
CLM102395,56,15.0,34326.22,6923.2,10,47,Major,Auto,Theft,1,0,0,2000,North,0
CLM102396,73,19.7,13414.97,6272.02,4,11,Major,Property,Fire,1,3,9,2000,North,0
CLM102397,57,13.5,7509.74,2314.65,9,69,Total Loss,Property,Accident,0,1,17,2500,East,0
CLM102398,18,5.3,14973.53,7887.15,9,76,Total Loss,Auto,Medical,0,0,0,1500,North,0
CLM102399,73,14.5,2400.44,7274.08,9,60,Moderate,Property,Accident,1,1,11,1000,North,0
CLM102400,71,12.2,1144.48,4465.05,3,33,Moderate,Health,Natural,1,3,4,1500,North,0
CLM102401,21,4.6,1258.62,4476.13,4,86,Moderate,Health,Accident,0,0,10,500,North,0
CLM102402,47,17.1,8852.15,7259.49,3,80,Total Loss,Auto,Theft,1,4,19,2000,South,0
CLM102403,29,8.8,4883.07,5271.09,8,44,Moderate,Health,Natural,1,3,13,1000,Central,0
CLM102404,73,19.3,3567.84,4525.16,2,59,Total Loss,Health,Medical,1,3,14,500,South,0
CLM102405,52,14.6,15330.39,6118.61,2,64,Total Loss,Property,Medical,1,2,1,1000,West,0
CLM102406,30,13.1,80762.63,2263.23,14,70,Minor,Health,Natural,1,1,3,1500,South,0
CLM102407,69,14.7,3935.72,7087.83,9,12,Moderate,Health,Theft,1,4,18,500,West,0
CLM102408,48,9.8,33260.12728190796,4485.61,8,90,Minor,Property,Accident,0,0,12,2000,East,1
CLM102409,55,10.4,2912.86,5026.24,1,80,Minor,Life,Fire,1,3,18,2000,Central,0
CLM102410,60,17.1,41825.34,1174.58,8,47,Moderate,Auto,Medical,1,3,12,500,North,0
CLM102411,40,13.8,6174.48,2821.32,7,48,Total Loss,Auto,Theft,0,4,11,1500,West,0
CLM102412,21,18.0,32597.85,3700.52,11,57,Total Loss,Life,Theft,1,3,1,500,East,0
CLM102413,69,17.9,5991.79,3604.32,13,88,Total Loss,Property,Theft,0,1,4,1500,Central,0
CLM102414,33,19.5,25602.52,6337.13,5,72,Moderate,Property,Accident,1,0,17,1000,West,0
CLM102415,24,14.2,12041.598946473925,2617.42,20,84,Total Loss,Health,Theft,0,4,18,1500,East,1
CLM102416,39,10.3,6196.4,1865.82,12,60,Minor,Health,Theft,1,4,2,500,North,0
CLM102417,46,3.7,4206.73,4869.63,8,25,Major,Auto,Natural,1,2,3,500,East,0
CLM102418,28,14.3,5603.17,5112.61,10,38,Moderate,Auto,Natural,0,0,17,1000,East,0
CLM102419,73,6.2,28014.95,1411.87,2,57,Major,Property,Theft,1,4,11,500,North,0
CLM102420,50,6.0,16284.51,518.51,3,26,Minor,Health,Theft,0,3,2,2500,West,0
CLM102421,46,5.1,8810.1,7382.37,6,39,Major,Property,Natural,1,0,10,500,East,0
CLM102422,56,17.6,54378.84,1097.28,0,30,Minor,Life,Accident,1,1,13,2500,North,0
CLM102423,29,17.4,10378.45,7234.0,12,2,Major,Auto,Natural,1,4,2,500,West,0
CLM102424,24,12.8,53478.83,3494.11,0,87,Major,Auto,Natural,1,1,4,500,North,0
CLM102425,72,9.7,12228.518708473091,5397.92,2,25,Total Loss,Property,Natural,0,4,6,1000,South,1
CLM102426,56,13.6,36251.19,1892.11,11,53,Major,Health,Natural,1,3,19,2500,West,0
CLM102427,59,12.3,2588.188252070381,6679.38,14,90,Minor,Health,Fire,1,2,16,1000,South,1
CLM102428,65,8.6,12821.87,1851.45,12,10,Minor,Life,Medical,1,3,18,2500,East,0
CLM102429,43,7.9,15204.895760684223,3398.82,7,52,Minor,Life,Accident,1,1,2,2500,East,1
CLM102430,57,8.0,12169.38,2285.19,2,34,Moderate,Life,Accident,1,0,0,2000,East,0
CLM102431,26,12.0,20065.923029654223,6781.29,11,57,Minor,Property,Theft,1,1,7,2500,West,1
CLM102432,58,13.1,16259.563500301381,6937.52,13,81,Moderate,Auto,Fire,1,2,19,1000,Central,1
CLM102433,51,9.3,95781.6,3290.22,5,39,Minor,Property,Theft,1,4,4,1000,West,0
CLM102434,62,19.4,165997.57998522904,2805.34,8,90,Moderate,Property,Accident,1,4,2,1500,West,1
CLM102435,30,2.1,49952.36,6301.74,2,41,Major,Health,Accident,0,1,19,500,Central,0
CLM102436,72,7.3,59009.36,7088.84,13,41,Major,Life,Theft,0,0,16,2000,West,0
CLM102437,72,8.7,24626.45,5180.15,3,2,Minor,Auto,Medical,1,4,12,500,South,0
CLM102438,53,0.8,68099.61,7455.53,14,89,Moderate,Life,Theft,1,4,12,1000,Central,0
CLM102439,42,7.6,34434.48,3372.83,12,77,Total Loss,Life,Medical,0,2,3,2000,Central,0
CLM102440,41,5.8,9066.08,1639.15,12,82,Total Loss,Life,Medical,0,2,17,2500,South,0
CLM102441,61,10.4,24041.22,1847.32,10,84,Total Loss,Auto,Natural,1,0,5,1000,Central,0
CLM102442,34,7.1,37467.85,5523.74,10,20,Major,Health,Accident,0,4,1,1000,Central,0
CLM102443,19,14.7,51656.706873776115,3556.45,7,90,Major,Auto,Natural,1,3,14,1000,South,1
CLM102444,30,10.4,9243.04,1672.36,8,76,Moderate,Auto,Accident,0,1,1,1000,North,0
CLM102445,48,3.0,2020.81,2691.7,4,52,Minor,Health,Natural,1,4,19,2000,North,0
CLM102446,46,15.1,25887.06,4479.54,1,43,Major,Auto,Medical,1,1,19,500,North,0
CLM102447,67,2.4,46782.28,1410.84,11,45,Minor,Auto,Natural,1,4,15,500,South,0
CLM102448,45,16.9,7752.15,525.82,10,36,Total Loss,Property,Fire,1,2,10,2500,East,0
CLM102449,44,18.7,3471.46,7379.74,8,37,Total Loss,Auto,Natural,0,0,16,1000,West,0
CLM102450,32,6.8,6929.09,2786.46,11,87,Minor,Property,Natural,1,3,0,1000,Central,0
CLM102451,48,18.6,32991.10763473292,2161.24,12,73,Moderate,Property,Natural,1,2,12,500,South,1
CLM102452,57,16.0,6717.35,5738.61,13,10,Total Loss,Property,Fire,0,0,7,2500,West,0
CLM102453,32,18.5,15147.94,6900.52,13,44,Moderate,Life,Accident,1,2,2,1500,South,0
CLM102454,50,13.5,52101.7,5242.09,7,63,Total Loss,Health,Natural,1,1,13,2000,Central,0
CLM102455,37,5.1,17663.36,2408.62,12,43,Major,Life,Accident,1,4,13,500,East,0
CLM102456,59,17.9,7756.77,6962.27,2,80,Total Loss,Health,Theft,1,2,13,2000,South,0
CLM102457,29,4.1,42175.3,4328.2,13,61,Moderate,Auto,Medical,1,0,18,500,West,0
CLM102458,54,4.7,13508.06,3358.93,6,89,Major,Property,Theft,1,4,10,2500,West,0
CLM102459,26,5.8,3060.9,5035.45,10,60,Total Loss,Life,Fire,1,1,11,1000,Central,0
CLM102460,40,6.4,21135.45974022671,5754.59,5,90,Major,Auto,Fire,1,1,0,1500,North,1
CLM102461,25,10.5,43430.5930275963,4953.72,11,23,Major,Life,Accident,1,3,0,2000,Central,1
CLM102462,49,14.4,28325.96,7401.84,9,81,Total Loss,Auto,Accident,0,4,13,1500,Central,0
CLM102463,65,18.6,42345.25,5210.13,5,8,Minor,Life,Natural,1,1,17,1000,North,0
CLM102464,31,2.2,6728.05,7089.36,10,66,Minor,Auto,Theft,0,2,1,500,East,0
CLM102465,44,19.1,3535.38,4902.19,9,73,Moderate,Auto,Accident,1,1,3,2500,South,0
CLM102466,42,18.5,2150.44,2972.6,11,1,Moderate,Life,Accident,1,1,17,1000,West,0
CLM102467,30,1.6,21111.48,4492.23,5,7,Total Loss,Auto,Accident,1,1,3,1500,South,0
CLM102468,72,7.5,24782.76,1147.53,2,42,Major,Property,Medical,0,3,16,1500,South,0
CLM102469,38,16.4,8898.56,2226.31,5,17,Major,Property,Accident,1,0,15,1500,West,0
CLM102470,62,12.4,8560.86,6246.74,13,51,Minor,Property,Medical,1,1,15,500,North,0
CLM102471,48,15.7,123419.64801567957,5461.07,9,52,Minor,Property,Fire,1,0,8,1500,West,1
CLM102472,54,14.5,70645.26902943962,1748.89,11,56,Major,Health,Natural,1,4,9,500,North,1
CLM102473,65,10.2,4984.23,3785.11,8,13,Major,Life,Theft,1,0,6,1500,North,0
CLM102474,60,1.3,23767.08,1564.94,6,63,Moderate,Property,Accident,1,4,8,2000,Central,0
CLM102475,71,11.9,40023.270628876366,6918.63,20,78,Major,Property,Medical,1,3,15,2000,East,1
CLM102476,22,1.4,3512.49,1318.77,12,59,Major,Property,Accident,0,4,16,1000,Central,0
CLM102477,30,12.3,7618.82,5406.76,3,1,Total Loss,Health,Accident,0,4,15,1000,East,0
CLM102478,45,16.1,3930.61,5052.5,2,31,Major,Life,Medical,0,2,15,2500,North,0
CLM102479,60,11.9,6246.68,4045.82,5,35,Minor,Auto,Accident,0,3,19,1500,Central,0
CLM102480,42,19.9,15329.42,2586.76,14,54,Minor,Health,Theft,1,1,18,1500,South,0
CLM102481,68,9.4,13537.621076453483,3529.67,14,90,Moderate,Property,Fire,1,3,9,500,West,1
CLM102482,52,15.1,14070.572371904604,6547.93,8,90,Moderate,Property,Natural,1,2,1,1000,West,1
CLM102483,64,13.5,12636.43,6211.63,7,68,Total Loss,Health,Accident,1,4,2,2000,West,0
CLM102484,56,19.8,2368.97,6041.07,5,79,Moderate,Life,Medical,0,3,6,500,East,0
CLM102485,24,14.4,33456.494985211684,6123.68,7,78,Major,Life,Theft,1,2,1,2000,West,1
CLM102486,55,3.7,8705.18,1579.15,4,23,Major,Auto,Accident,1,1,12,500,East,0
CLM102487,49,19.1,29380.500224887855,1243.22,9,71,Total Loss,Health,Fire,1,4,3,1000,East,1
CLM102488,20,13.5,55918.81,6961.24,13,27,Minor,Life,Fire,0,3,14,1500,East,0
CLM102489,62,1.7,7332.31,6778.81,1,61,Major,Health,Medical,0,3,17,1500,South,0
CLM102490,56,13.3,16671.19,5609.89,8,24,Major,Life,Accident,1,4,6,1000,North,0
CLM102491,54,17.7,8476.15,5044.29,12,6,Total Loss,Life,Accident,0,3,17,2000,South,0
CLM102492,72,11.8,34704.8,3251.54,2,37,Minor,Property,Accident,1,4,6,2500,North,0
CLM102493,67,7.4,29135.88,2180.62,5,70,Moderate,Life,Fire,0,2,8,2500,South,0
CLM102494,39,16.5,5148.64,5507.42,4,85,Major,Life,Accident,1,4,11,1000,East,0
CLM102495,25,15.8,18652.45,7347.76,9,85,Minor,Health,Accident,1,1,0,500,North,0
CLM102496,34,11.1,2010.89,3777.47,10,44,Total Loss,Life,Accident,1,4,1,1500,West,0
CLM102497,69,3.5,96302.00345171912,2774.09,9,54,Total Loss,Life,Accident,0,3,17,2000,South,1
CLM102498,44,5.4,17898.899593659826,2530.56,7,69,Minor,Health,Medical,1,4,13,2500,North,1
CLM102499,50,14.9,27742.84,677.79,10,0,Total Loss,Life,Fire,0,4,5,1500,West,0
CLM102500,63,16.2,11588.525445024552,4402.38,13,90,Moderate,Health,Natural,0,4,10,1000,Central,1
CLM102501,34,5.9,16026.53,7911.77,10,44,Minor,Health,Medical,1,1,18,1500,East,0
CLM102502,59,7.7,62648.69,6614.28,4,63,Moderate,Health,Accident,1,1,7,2500,South,0
CLM102503,29,2.0,70108.5730676654,7231.06,17,90,Total Loss,Health,Natural,1,3,4,2000,South,1
CLM102504,65,14.4,3621.84,5158.73,9,6,Moderate,Property,Theft,1,3,6,500,Central,0
CLM102505,63,0.6,12894.13,4110.85,12,37,Moderate,Property,Natural,1,4,3,500,North,0
CLM102506,44,1.4,11450.491732212364,7928.43,11,90,Moderate,Property,Medical,0,0,14,1500,South,1
CLM102507,65,0.6,9546.4,3853.72,14,52,Moderate,Property,Fire,1,2,0,500,South,0
CLM102508,25,13.1,19874.46757676887,7376.23,6,90,Minor,Health,Medical,1,4,4,2500,South,1
CLM102509,40,8.6,16493.431342479682,6213.84,5,89,Total Loss,Health,Fire,1,2,16,2000,South,1
CLM102510,59,6.3,12731.42,2982.34,9,29,Total Loss,Health,Fire,1,1,12,500,Central,0
CLM102511,66,18.3,11902.359908554188,4272.97,16,41,Major,Health,Fire,1,3,16,500,East,1
CLM102512,46,4.3,12563.24,3382.47,5,57,Moderate,Property,Theft,1,0,18,1000,South,0
CLM102513,67,8.1,5906.02,1521.67,13,72,Moderate,Life,Natural,1,3,3,500,Central,0
CLM102514,37,18.8,6115.88,3175.75,6,54,Major,Property,Medical,1,1,16,500,West,0
CLM102515,33,8.8,46530.31306705048,7167.3,19,82,Major,Health,Medical,0,4,11,2500,South,1
CLM102516,34,11.3,1450.6,6144.77,2,25,Moderate,Health,Fire,1,1,17,500,North,0
CLM102517,33,2.1,8193.44,2581.86,2,63,Total Loss,Life,Theft,1,0,10,1000,Central,0
CLM102518,36,15.9,8851.94,3259.35,11,79,Major,Health,Theft,1,4,3,1000,North,0
CLM102519,73,8.7,10957.03,5123.25,6,8,Moderate,Life,Accident,1,4,11,1000,East,0
CLM102520,73,16.1,17585.05,3621.05,14,86,Total Loss,Health,Theft,0,0,8,500,West,0
CLM102521,25,5.4,7923.08,4272.83,10,14,Minor,Life,Fire,1,3,17,1500,North,0
CLM102522,55,8.7,4595.52,5736.26,9,18,Major,Auto,Fire,0,4,8,1500,South,0
CLM102523,55,15.8,33425.77,4004.38,3,15,Major,Auto,Natural,0,3,0,2500,Central,0
CLM102524,70,19.5,119417.75807987885,1932.27,16,62,Total Loss,Auto,Fire,0,2,5,1500,West,1
CLM102525,46,1.7,1303.27,4404.3,1,50,Minor,Auto,Natural,0,0,18,2500,Central,0
CLM102526,58,16.3,12860.3,3170.89,8,76,Total Loss,Health,Theft,1,2,0,2500,West,0
CLM102527,53,6.4,15278.839879872254,2680.51,21,72,Major,Health,Accident,0,4,7,1000,North,1
CLM102528,43,11.2,5864.97,2960.81,13,6,Minor,Health,Medical,1,0,5,2000,East,0
CLM102529,48,6.2,13313.17997378171,3792.52,17,51,Moderate,Auto,Fire,1,4,3,2500,Central,1
CLM102530,61,12.5,16278.08,7149.6,8,57,Major,Life,Theft,1,0,2,500,South,0
CLM102531,29,7.4,11805.7313617354,6005.43,8,88,Total Loss,Life,Fire,0,3,12,1000,Central,1
CLM102532,72,7.0,37603.71,5509.11,13,22,Total Loss,Auto,Natural,0,1,1,500,East,0
CLM102533,34,1.2,10413.61,4034.45,1,22,Total Loss,Health,Theft,0,1,12,500,North,0
CLM102534,32,3.4,6908.46,513.72,2,16,Total Loss,Auto,Medical,1,0,14,1500,South,0
CLM102535,26,18.4,44225.54598081293,3054.13,9,43,Total Loss,Property,Natural,1,2,7,500,South,1
CLM102536,56,20.0,1247.23,6598.94,10,26,Major,Life,Theft,1,0,11,2500,North,0
CLM102537,59,15.7,9480.62,3411.28,10,65,Minor,Auto,Medical,1,3,7,500,Central,0
CLM102538,65,6.1,7584.64,4728.64,14,29,Total Loss,Auto,Natural,0,2,18,500,South,0
CLM102539,29,8.3,7192.1,2035.55,4,3,Total Loss,Auto,Medical,0,0,8,1500,Central,0
CLM102540,49,14.9,7166.32,7368.93,12,66,Moderate,Auto,Theft,1,0,9,500,Central,0
CLM102541,42,19.4,1476.56,7423.78,8,13,Moderate,Health,Natural,0,4,6,2500,North,0
CLM102542,56,9.4,6735.979874419982,1595.53,15,21,Minor,Life,Accident,1,3,9,2500,East,1
CLM102543,35,16.7,3295.26,5931.19,2,39,Major,Property,Fire,1,3,2,500,East,0
CLM102544,32,19.5,68125.96,1064.29,1,86,Major,Health,Accident,1,1,1,2500,Central,0
CLM102545,49,17.5,1336.23,4989.11,9,2,Minor,Auto,Medical,1,4,6,2500,North,0
CLM102546,23,4.9,3742.15,1839.9,7,0,Minor,Auto,Theft,0,2,9,1500,East,0
CLM102547,61,0.7,55845.9,1592.79,6,8,Minor,Auto,Fire,0,1,7,1000,Central,0
CLM102548,60,10.1,15843.27,530.9,11,72,Total Loss,Auto,Theft,0,3,11,1000,South,0
CLM102549,69,10.9,9985.76,7556.43,8,75,Major,Life,Medical,0,0,19,2000,South,0
CLM102550,52,4.4,2230.54,6719.39,2,0,Minor,Auto,Theft,0,4,16,1000,West,0
CLM102551,51,6.1,17614.55,1081.07,5,15,Moderate,Property,Natural,1,3,8,500,West,0
CLM102552,55,15.4,7890.679224641811,4995.32,8,86,Total Loss,Health,Natural,0,3,19,2500,West,1
CLM102553,73,9.7,29781.424082677284,2246.74,11,60,Total Loss,Life,Medical,1,4,2,1000,East,1
CLM102554,71,6.7,59075.09,2480.12,9,9,Total Loss,Auto,Theft,0,3,3,1500,South,0
CLM102555,74,12.6,22655.581331255467,7056.28,14,52,Total Loss,Property,Medical,0,1,6,2000,South,1
CLM102556,22,13.2,4613.59,1357.44,0,40,Minor,Health,Fire,1,4,17,500,East,0
CLM102557,35,15.5,15723.79,5011.18,0,50,Total Loss,Health,Theft,1,3,16,1000,South,0
CLM102558,33,3.6,11790.2,3509.42,2,21,Moderate,Life,Natural,1,3,2,2500,South,0
CLM102559,25,15.0,12425.9,1931.0,10,15,Moderate,Health,Accident,1,4,2,1500,Central,0
CLM102560,42,12.2,10754.39,3889.39,1,82,Minor,Auto,Natural,1,0,12,1000,South,0
CLM102561,49,1.6,17800.94,7553.67,1,74,Total Loss,Auto,Theft,1,2,16,2500,Central,0
CLM102562,43,15.7,13727.57,6362.08,1,61,Moderate,Property,Theft,0,4,17,1000,West,0
CLM102563,69,8.0,66136.41,1490.84,3,52,Major,Property,Theft,1,0,18,500,North,0
CLM102564,39,6.9,27218.73,6870.72,0,74,Total Loss,Health,Theft,1,3,16,2000,Central,0
CLM102565,48,9.2,5612.12,7530.8,9,13,Minor,Life,Fire,1,1,15,2500,South,0
CLM102566,60,7.3,20406.08,2577.23,14,58,Major,Auto,Accident,1,3,15,2000,West,0
CLM102567,27,7.1,4617.71,3000.65,8,25,Total Loss,Health,Natural,1,3,0,2000,North,0
CLM102568,73,16.3,51203.55007450399,1447.32,16,75,Major,Life,Fire,1,0,13,1500,North,1
CLM102569,74,2.9,6021.99497486833,3087.05,8,38,Total Loss,Health,Medical,0,4,14,2500,West,1
CLM102570,29,19.4,10624.09,5548.56,4,83,Total Loss,Life,Theft,1,2,3,1500,West,0
CLM102571,70,11.3,46118.19975087917,2541.16,15,26,Moderate,Property,Natural,1,2,19,2000,North,1
CLM102572,45,4.1,5929.91,551.19,13,64,Major,Auto,Medical,1,4,10,500,North,0
CLM102573,23,3.1,28221.04,3039.08,4,10,Major,Property,Accident,0,4,17,500,South,0
CLM102574,37,12.0,16498.72,3898.81,12,46,Minor,Auto,Natural,1,1,16,1000,Central,0
CLM102575,22,12.8,8600.57,4747.67,12,9,Minor,Life,Fire,1,4,8,1000,Central,0
CLM102576,40,1.5,23610.80035985615,5628.69,14,90,Major,Life,Medical,1,1,13,2500,North,1
CLM102577,26,5.2,40053.64,963.38,13,44,Moderate,Health,Natural,0,4,2,500,North,0
CLM102578,46,16.0,4684.5,4023.14,7,46,Moderate,Life,Fire,1,1,19,2000,East,0
CLM102579,33,1.5,18731.34,2497.72,10,33,Total Loss,Life,Theft,1,4,19,500,North,0
CLM102580,71,17.2,19428.81,7609.77,0,12,Minor,Health,Natural,1,4,3,2500,Central,0
CLM102581,63,13.3,75547.28515618884,3199.24,7,90,Minor,Health,Theft,0,2,15,1000,South,1
CLM102582,39,9.0,19732.68,1250.93,3,22,Minor,Auto,Medical,1,3,11,1000,East,0
CLM102583,25,7.3,14172.91,811.19,7,35,Total Loss,Life,Medical,1,3,7,1500,Central,0
CLM102584,37,0.9,35922.01,2490.54,2,62,Moderate,Health,Medical,1,1,8,1000,South,0
CLM102585,68,16.6,27502.96,1841.59,0,75,Minor,Auto,Theft,1,0,10,2000,East,0
CLM102586,31,3.3,19922.78,5373.5,10,46,Total Loss,Auto,Theft,1,2,4,2500,East,0
CLM102587,56,6.5,1496.81,6852.25,11,65,Major,Property,Fire,1,4,11,1000,East,0
CLM102588,54,11.6,8014.59,2844.19,8,83,Moderate,Health,Natural,1,2,19,1000,East,0
CLM102589,67,5.3,15990.59,4833.44,8,79,Major,Property,Fire,1,0,1,2000,East,0
CLM102590,51,10.2,29666.067271753847,5977.29,13,41,Minor,Auto,Theft,0,2,10,1000,East,1
CLM102591,28,16.3,15175.502908519731,3488.66,15,89,Total Loss,Life,Natural,1,0,10,2000,West,1
CLM102592,71,9.7,3339.7,997.44,1,65,Moderate,Health,Medical,0,0,0,1000,South,0
CLM102593,57,19.0,13077.84,2218.89,13,48,Minor,Health,Fire,0,0,16,2000,Central,0
CLM102594,50,17.0,6051.35,7122.99,13,15,Moderate,Auto,Fire,1,0,16,1000,North,0
CLM102595,48,7.0,4979.04,6683.6,10,67,Total Loss,Health,Fire,1,0,3,2500,Central,0
CLM102596,71,8.3,8636.36,1148.99,10,42,Total Loss,Auto,Theft,0,4,13,1500,West,0
CLM102597,61,8.8,24091.08,2179.62,10,76,Minor,Health,Natural,1,2,4,1500,West,0
CLM102598,51,12.7,11037.17,6268.74,3,64,Moderate,Health,Medical,1,3,3,500,East,0
CLM102599,67,6.1,4659.61,4144.24,14,8,Total Loss,Life,Theft,1,3,5,1500,West,0
CLM102600,24,19.4,2864.81,6199.75,1,20,Moderate,Auto,Medical,0,4,17,2000,Central,0
CLM102601,66,12.4,11366.86,2083.19,6,81,Moderate,Property,Accident,1,1,12,2000,West,0
CLM102602,71,8.3,24724.89,7645.24,10,83,Major,Life,Accident,0,0,5,1500,Central,0
CLM102603,40,13.1,16868.59,6377.06,2,42,Minor,Auto,Medical,0,2,14,2000,East,0
CLM102604,63,8.2,4962.39,1980.89,8,65,Minor,Health,Accident,1,0,4,2500,East,0
CLM102605,73,16.4,9609.32,4688.37,6,3,Moderate,Auto,Natural,1,0,5,2000,West,0
CLM102606,24,11.6,29989.17,1348.23,7,6,Major,Auto,Natural,1,3,17,2500,North,0
CLM102607,71,1.3,3933.95,3210.76,8,85,Moderate,Life,Theft,1,0,6,2500,East,0
CLM102608,42,3.9,12391.89,5447.16,7,83,Minor,Auto,Medical,0,2,5,2500,South,0
CLM102609,20,17.4,7606.24,2975.96,6,57,Minor,Health,Theft,1,2,7,1000,South,0
CLM102610,55,11.5,7924.93218799573,5425.69,18,14,Moderate,Property,Natural,1,3,4,500,East,1
CLM102611,37,19.0,1767.88,2335.85,8,19,Moderate,Property,Natural,1,4,3,2000,West,0
CLM102612,51,1.9,13174.62,5909.05,10,34,Moderate,Health,Natural,1,3,18,1000,East,0
CLM102613,66,6.3,1314.51,3196.92,0,58,Minor,Property,Fire,0,3,9,500,West,0
CLM102614,61,4.3,2637.95,6428.61,10,84,Moderate,Life,Accident,1,0,8,1000,Central,0
CLM102615,61,11.3,7405.64,1525.17,14,44,Moderate,Auto,Theft,0,1,0,2000,North,0
CLM102616,47,8.0,1667.43,3214.83,3,13,Total Loss,Auto,Theft,1,4,18,2500,North,0
CLM102617,34,3.6,8673.52,3979.49,3,21,Minor,Property,Natural,0,4,11,1000,Central,0
CLM102618,27,13.0,8128.333647792157,3678.84,7,85,Moderate,Property,Fire,0,4,18,500,Central,1
CLM102619,52,11.0,7458.82,3748.21,7,29,Major,Property,Theft,1,0,12,500,Central,0
CLM102620,37,5.9,24492.78,3836.03,9,28,Minor,Life,Theft,1,3,14,500,North,0
CLM102621,35,9.9,28322.791894159498,7916.03,4,64,Moderate,Auto,Fire,1,0,1,1000,East,1
CLM102622,62,15.0,9842.65,1948.68,5,41,Moderate,Auto,Natural,1,2,19,500,South,0
CLM102623,61,4.5,7126.57057662963,6264.98,11,66,Total Loss,Health,Fire,1,1,11,1500,West,1
CLM102624,44,6.2,15480.23,4638.42,9,6,Total Loss,Health,Accident,0,1,17,500,South,0
CLM102625,66,7.2,9952.751486243626,3602.21,13,54,Minor,Life,Theft,1,0,3,500,West,1
CLM102626,53,15.1,2195.17,5251.47,14,12,Total Loss,Auto,Accident,1,3,19,1000,North,0
CLM102627,40,17.0,17359.48,6901.49,1,12,Total Loss,Auto,Theft,1,4,11,2000,East,0
CLM102628,49,7.8,37466.49,3999.79,6,53,Minor,Health,Accident,1,2,19,1000,South,0
CLM102629,27,6.3,10259.29,6986.01,4,13,Major,Health,Theft,1,2,12,1000,Central,0
CLM102630,28,17.8,1627.9,1203.49,1,5,Moderate,Auto,Natural,1,1,3,1500,Central,0
CLM102631,55,20.0,32841.21,5398.13,10,15,Moderate,Life,Medical,1,3,13,2000,Central,0
CLM102632,23,13.6,2039.83,2998.85,0,40,Total Loss,Property,Fire,1,4,17,1000,South,0
CLM102633,58,19.8,31319.09,3400.36,1,51,Moderate,Life,Theft,1,1,5,1500,East,0
CLM102634,64,13.4,8459.25,4782.65,10,84,Total Loss,Auto,Fire,1,3,0,1000,East,0
CLM102635,51,14.8,7821.28,4099.38,9,15,Minor,Property,Theft,0,4,9,1500,Central,0
CLM102636,53,8.1,29286.97364837102,3363.35,12,41,Minor,Life,Medical,0,0,17,2500,South,1
CLM102637,54,8.9,48227.94,2812.43,10,23,Minor,Life,Natural,1,3,18,500,Central,0
CLM102638,34,3.3,82708.6018494518,5137.36,17,52,Moderate,Auto,Natural,0,2,1,500,West,1
CLM102639,57,16.5,10532.52,4291.85,7,64,Total Loss,Health,Fire,1,3,14,1000,West,0
CLM102640,57,18.7,18852.19,2924.82,2,9,Total Loss,Life,Medical,1,3,2,1500,South,0
CLM102641,71,12.7,14027.85,2037.21,4,58,Moderate,Life,Fire,1,3,7,2500,West,0
CLM102642,29,7.2,18736.18,6308.51,14,34,Minor,Health,Natural,1,4,18,500,North,0
CLM102643,38,3.5,27520.13,6497.86,10,30,Major,Life,Accident,0,4,10,1000,North,0
CLM102644,57,5.7,1526.54,2103.41,1,78,Total Loss,Life,Fire,1,0,13,1000,North,0
CLM102645,36,5.5,6912.53,2462.37,11,10,Total Loss,Health,Theft,1,0,15,1500,West,0
CLM102646,20,12.5,134511.77392547316,2293.57,12,44,Moderate,Auto,Natural,1,4,9,2000,East,1
CLM102647,35,18.9,45738.19,7134.27,3,65,Major,Auto,Theft,1,4,16,1000,North,0
CLM102648,70,1.4,1169.26,6305.98,10,43,Minor,Auto,Medical,0,1,14,2500,Central,0
CLM102649,68,0.5,4374.18,1059.3,9,15,Total Loss,Property,Natural,1,3,10,2500,East,0
CLM102650,36,12.2,77175.79,6744.99,11,47,Moderate,Auto,Natural,1,3,7,2000,South,0
CLM102651,64,6.0,11183.49,776.39,5,52,Major,Property,Fire,0,2,7,2500,West,0
CLM102652,23,17.7,13759.86,2399.0,2,64,Moderate,Property,Fire,1,4,6,1500,Central,0
CLM102653,33,6.9,3730.39,7392.44,10,47,Major,Property,Theft,1,4,19,1000,South,0
CLM102654,25,6.1,34712.31,6982.48,14,69,Moderate,Health,Fire,1,0,11,1500,West,0
CLM102655,65,5.8,4945.12,6360.76,7,45,Major,Property,Accident,1,0,15,2000,West,0
CLM102656,35,3.3,9248.399301503961,3931.6,9,90,Total Loss,Property,Natural,1,3,15,2000,Central,1
CLM102657,69,11.8,10831.263730546403,2910.61,9,59,Major,Health,Medical,1,3,9,1500,West,1
CLM102658,65,3.8,38815.17,7111.59,11,51,Minor,Life,Natural,1,4,6,500,West,0
CLM102659,60,8.8,19202.61,5428.06,8,80,Total Loss,Life,Theft,0,3,3,2000,West,0
CLM102660,56,9.5,22953.88,2716.32,9,54,Minor,Property,Fire,1,4,1,1000,East,0
CLM102661,66,0.9,19804.322429930096,3973.97,18,83,Total Loss,Auto,Natural,1,2,8,2000,North,1
CLM102662,66,0.8,36982.64,7111.25,4,39,Major,Life,Fire,0,2,14,1500,Central,0
CLM102663,29,10.6,24367.49,7275.92,9,24,Total Loss,Auto,Theft,1,1,13,1500,East,0
CLM102664,62,14.1,21830.3,5444.77,8,62,Moderate,Health,Fire,1,0,11,2500,Central,0
CLM102665,27,18.9,54076.04,5994.17,6,21,Major,Life,Medical,0,1,16,500,East,0
CLM102666,24,4.0,7840.25,794.73,14,89,Moderate,Health,Theft,1,2,16,1500,West,0
CLM102667,63,2.5,15161.62,5034.5,14,37,Moderate,Property,Natural,0,3,12,2500,West,0
CLM102668,72,1.5,37107.47,5667.44,14,8,Moderate,Life,Natural,0,0,7,2500,East,0
CLM102669,18,9.0,24473.35,652.83,9,36,Moderate,Property,Medical,0,0,9,1000,West,0
CLM102670,66,12.7,13430.34,6828.94,2,4,Minor,Property,Accident,0,1,12,2500,North,0
CLM102671,53,16.9,2189.12,7462.14,5,81,Major,Health,Fire,0,0,6,500,Central,0
CLM102672,38,13.8,16864.51,2284.52,9,21,Moderate,Life,Natural,0,2,2,1000,West,0
CLM102673,54,4.6,12215.81,6843.47,1,11,Minor,Life,Medical,0,3,14,1500,South,0
CLM102674,69,9.5,6617.070705727718,5491.34,12,84,Total Loss,Life,Fire,1,1,6,1500,East,1
CLM102675,41,18.3,33088.27,4855.22,11,43,Moderate,Property,Theft,1,3,4,2500,East,0
CLM102676,72,6.9,7306.75,6823.44,4,21,Moderate,Life,Medical,1,1,7,2000,West,0
CLM102677,42,10.2,8352.6,2642.08,12,5,Minor,Auto,Theft,0,4,16,500,East,0
CLM102678,24,19.2,17739.5,6431.42,2,26,Total Loss,Auto,Theft,0,0,7,500,South,0
CLM102679,59,14.8,11064.88,2858.91,13,54,Total Loss,Property,Theft,0,4,6,2500,East,0
CLM102680,34,15.1,2402.81,6405.92,14,14,Minor,Health,Fire,1,0,6,500,South,0
CLM102681,46,5.4,19820.268510311907,3882.91,8,77,Moderate,Auto,Accident,1,4,1,1000,East,1
CLM102682,47,8.6,2488.46,1377.09,10,16,Major,Health,Theft,1,3,10,2500,East,0
CLM102683,24,2.1,4174.72,3361.4,3,2,Minor,Life,Natural,0,2,11,2000,South,0
CLM102684,50,12.3,1108.0,2251.2,10,9,Major,Auto,Fire,1,1,11,1500,Central,0
CLM102685,24,2.5,4000.8,1253.99,13,62,Moderate,Property,Fire,1,0,18,500,North,0
CLM102686,41,16.8,7017.18,1327.15,5,62,Moderate,Property,Theft,1,1,2,1500,South,0
CLM102687,28,16.4,12589.95,6350.54,8,88,Total Loss,Health,Natural,0,2,11,2000,North,0
CLM102688,26,10.9,38751.02,7110.48,11,61,Moderate,Property,Medical,0,4,5,2000,East,0
CLM102689,29,3.3,12658.59,7453.47,13,84,Total Loss,Health,Fire,1,3,5,1000,Central,0
CLM102690,52,1.0,19342.42,6904.6,5,8,Total Loss,Health,Theft,0,1,18,2000,South,0
CLM102691,21,16.0,7639.96,6726.68,3,23,Moderate,Auto,Theft,1,4,8,2000,Central,0
CLM102692,53,12.2,21892.58,1016.27,14,31,Total Loss,Auto,Accident,0,0,8,500,South,0
CLM102693,45,14.4,15532.27,6425.93,9,2,Moderate,Property,Accident,0,1,17,1500,West,0
CLM102694,74,6.4,18793.8478557145,6374.62,17,62,Total Loss,Health,Medical,0,1,9,500,South,1
CLM102695,30,10.4,4230.77,1484.68,1,42,Total Loss,Auto,Medical,0,0,9,500,North,0
CLM102696,40,15.1,6426.19,5465.07,8,11,Moderate,Life,Medical,1,2,0,2500,West,0
CLM102697,36,9.5,15551.15,3893.81,14,84,Major,Property,Medical,0,4,17,2500,East,0
CLM102698,59,12.2,9328.36,7250.1,13,31,Minor,Property,Theft,0,1,9,1000,South,0
CLM102699,54,15.9,34025.7,5715.56,3,19,Moderate,Life,Theft,1,4,6,1000,North,0
CLM102700,56,4.7,5015.06,7632.41,3,66,Total Loss,Life,Theft,0,3,7,2000,East,0
CLM102701,41,1.8,3581.6056874856363,1286.92,8,90,Minor,Life,Natural,0,4,10,1000,North,1
CLM102702,33,10.9,14350.16,804.55,14,16,Major,Auto,Medical,0,4,5,1000,East,0
CLM102703,50,1.7,33580.04,7801.85,4,80,Moderate,Life,Natural,0,0,18,2000,South,0
CLM102704,29,15.4,7805.79,1101.44,12,18,Total Loss,Property,Fire,1,4,8,1500,Central,0
CLM102705,51,14.5,45338.8013032545,3396.47,7,26,Total Loss,Auto,Fire,0,2,10,2000,East,1
CLM102706,24,17.7,4948.02,5374.78,9,16,Moderate,Health,Theft,1,4,1,2000,Central,0
CLM102707,28,13.0,13262.7,7100.43,5,63,Total Loss,Life,Fire,1,3,10,1500,East,0
CLM102708,48,1.8,24182.31,2409.33,2,21,Minor,Property,Theft,1,4,4,2000,Central,0
CLM102709,46,5.4,31264.66,717.94,11,65,Total Loss,Life,Medical,1,0,18,2500,South,0
CLM102710,30,16.3,2665.97,4409.65,14,41,Minor,Health,Natural,0,3,16,1000,North,0
CLM102711,48,3.8,7609.57,4033.34,14,75,Minor,Auto,Theft,1,0,17,2000,South,0
CLM102712,19,14.1,16309.96,2801.7,13,44,Moderate,Health,Accident,1,2,13,500,East,0
CLM102713,56,15.7,1530.1,7054.25,8,10,Total Loss,Auto,Accident,1,2,9,1000,West,0
CLM102714,32,6.9,18597.54,6119.92,6,52,Minor,Property,Medical,1,0,16,2500,North,0
CLM102715,74,6.8,12262.72,6935.87,12,59,Total Loss,Property,Natural,0,2,10,2500,Central,0
CLM102716,28,11.4,6107.1,1713.57,13,28,Minor,Property,Theft,0,0,1,2000,North,0
CLM102717,51,17.3,54477.435961374125,5693.09,6,39,Major,Health,Medical,0,1,9,1500,North,1
CLM102718,56,4.9,13837.380866518193,7813.26,6,30,Moderate,Life,Natural,1,4,0,500,South,1
CLM102719,21,18.9,72366.16,5089.35,6,24,Moderate,Life,Accident,1,1,13,2000,East,0
CLM102720,28,12.2,51264.55043365903,1785.23,14,64,Moderate,Health,Theft,1,2,10,1500,South,1
CLM102721,46,19.8,19464.02,7968.35,7,11,Minor,Life,Natural,1,0,10,2500,East,0
CLM102722,19,2.2,1949.65,4462.43,5,27,Major,Health,Fire,0,0,9,1000,West,0
CLM102723,33,3.0,36199.68,6800.44,3,5,Minor,Life,Theft,0,0,19,2500,South,0
CLM102724,56,16.6,24413.67,1620.21,11,18,Moderate,Auto,Fire,1,0,4,2000,West,0
CLM102725,30,17.4,4901.49,5495.72,1,11,Minor,Property,Medical,1,4,4,1500,East,0
CLM102726,54,9.2,8469.83,7344.63,9,24,Moderate,Life,Natural,1,3,13,2000,North,0
CLM102727,34,14.4,5692.57,4490.13,7,12,Total Loss,Health,Natural,1,1,4,2500,West,0
CLM102728,38,17.4,63422.69,2664.95,0,80,Minor,Auto,Natural,1,2,5,500,West,0
CLM102729,61,1.3,29882.43,1455.66,8,75,Total Loss,Life,Natural,0,0,15,2500,East,0
CLM102730,36,11.7,40937.26,2719.58,14,2,Minor,Life,Theft,0,1,14,2000,East,0
CLM102731,24,17.1,24322.42,3161.63,7,23,Moderate,Health,Fire,0,3,5,1500,South,0
CLM102732,55,8.3,10141.7,5824.66,2,7,Total Loss,Auto,Fire,1,1,19,2000,South,0
CLM102733,25,6.4,6880.354443338073,1839.66,11,90,Minor,Property,Medical,0,2,15,1000,East,1
CLM102734,30,16.0,9734.911554209988,1295.79,7,69,Moderate,Health,Medical,0,0,18,1000,West,1
CLM102735,54,7.0,3467.51,3402.05,9,71,Minor,Life,Natural,1,2,19,1500,Central,0
CLM102736,19,0.6,33779.20307260896,3939.9,6,23,Total Loss,Property,Accident,1,0,12,2500,South,1
CLM102737,58,19.2,38879.65,5212.89,1,2,Minor,Life,Accident,0,3,18,2000,East,0
CLM102738,28,12.0,192671.19637872154,5806.48,18,90,Minor,Health,Natural,0,2,12,1000,Central,1
CLM102739,41,16.5,6080.42,7169.58,10,14,Total Loss,Auto,Fire,1,1,7,500,Central,0
CLM102740,23,16.6,18925.92,2667.15,9,49,Moderate,Property,Medical,1,3,5,1000,Central,0
CLM102741,43,1.8,14635.93,4464.56,4,19,Minor,Health,Theft,1,2,16,2500,Central,0
CLM102742,24,3.8,11068.91,3245.31,12,2,Minor,Health,Accident,1,0,4,1500,North,0
CLM102743,74,6.6,17438.83,510.66,11,60,Major,Property,Medical,0,3,7,500,South,0
CLM102744,56,6.8,7963.02,4845.74,2,14,Major,Auto,Accident,1,0,17,2000,Central,0
CLM102745,36,13.3,44366.47,6618.47,11,58,Moderate,Life,Fire,1,4,18,2000,Central,0
CLM102746,23,12.7,19334.54,773.3,10,53,Total Loss,Property,Fire,1,1,11,1500,East,0
CLM102747,60,10.1,22048.62,526.19,0,59,Moderate,Health,Natural,1,0,11,500,East,0
CLM102748,46,4.6,14889.406291983956,5958.64,5,62,Moderate,Property,Natural,0,2,12,500,North,1
CLM102749,60,7.9,3769.34,5628.95,10,20,Moderate,Property,Accident,0,4,3,500,Central,0
CLM102750,56,11.1,8521.57,3543.89,11,22,Minor,Auto,Accident,1,3,9,1500,North,0
CLM102751,19,9.6,22829.68,5462.04,6,17,Minor,Auto,Medical,0,2,15,1500,East,0
CLM102752,36,3.0,42903.12,7650.4,14,16,Moderate,Life,Natural,1,3,4,2000,South,0
CLM102753,21,13.2,9361.68,2358.97,0,30,Moderate,Property,Fire,1,4,11,1000,West,0
CLM102754,23,1.9,64373.753001391495,2344.45,16,76,Major,Auto,Medical,1,2,15,2500,West,1
CLM102755,66,7.9,10534.71,1896.74,11,47,Total Loss,Auto,Medical,0,0,14,2000,North,0
CLM102756,74,14.3,6248.22,5929.9,12,25,Moderate,Health,Theft,1,2,1,500,East,0
CLM102757,54,0.9,62930.47085667807,3148.92,16,44,Major,Auto,Fire,0,1,15,1000,West,1
CLM102758,45,11.6,25007.33,7915.2,1,44,Moderate,Property,Medical,0,0,10,2500,Central,0
CLM102759,47,7.0,4400.51,5859.87,13,35,Total Loss,Property,Theft,1,1,8,500,South,0
CLM102760,24,0.7,6461.31,3255.33,9,63,Moderate,Health,Natural,0,2,1,1500,East,0
CLM102761,26,4.2,11241.33,1618.9,6,34,Total Loss,Health,Fire,1,2,17,1000,North,0
CLM102762,42,18.8,4096.54,4940.19,0,74,Minor,Health,Natural,0,3,12,1500,East,0
CLM102763,50,10.7,40641.16,2711.77,6,81,Total Loss,Property,Theft,1,2,12,2500,South,0
CLM102764,18,19.9,14422.85,7291.32,12,26,Moderate,Property,Fire,1,0,7,2500,East,0
CLM102765,68,10.7,6926.237600035519,3810.53,11,80,Major,Life,Accident,1,1,9,500,North,1
CLM102766,23,11.1,4050.66,2694.87,10,16,Minor,Auto,Accident,1,4,16,1500,Central,0
CLM102767,35,8.1,47303.03,4914.14,12,69,Major,Health,Accident,0,1,0,2000,East,0
CLM102768,27,6.5,21100.82,1527.31,13,10,Moderate,Auto,Medical,1,3,15,2000,North,0
CLM102769,45,5.4,20886.75,4711.62,1,4,Minor,Auto,Accident,1,4,10,1500,Central,0
CLM102770,28,7.2,2128.91,920.84,3,57,Major,Life,Medical,1,4,0,2500,West,0
CLM102771,50,9.5,34849.68,5051.67,6,81,Moderate,Property,Medical,1,2,5,1000,East,0
CLM102772,18,4.2,15445.090785358692,4476.23,5,90,Major,Auto,Theft,1,3,11,1500,Central,1
CLM102773,30,4.9,17169.68,4405.74,5,88,Total Loss,Health,Accident,1,3,15,500,West,0
CLM102774,54,5.8,49167.04,5631.23,4,73,Total Loss,Health,Fire,1,2,10,2000,East,0
CLM102775,37,9.3,2580.61,833.42,10,79,Moderate,Property,Medical,1,0,17,500,East,0
CLM102776,18,13.2,10874.71,3947.99,5,73,Major,Property,Theft,1,2,1,1000,South,0
CLM102777,69,17.2,1763.29,3830.29,7,73,Moderate,Property,Medical,1,3,16,2000,East,0
CLM102778,20,6.1,11383.58,3948.37,10,84,Major,Health,Fire,1,4,16,2000,East,0
CLM102779,35,4.1,5360.49,7849.18,10,13,Minor,Property,Fire,1,0,19,2000,Central,0
CLM102780,58,7.9,37297.83,1544.59,0,71,Moderate,Life,Accident,1,3,3,500,North,0
CLM102781,31,17.9,24106.954641226497,5678.22,5,12,Moderate,Life,Medical,1,3,5,2500,South,1
CLM102782,48,0.7,47058.48236655145,3514.97,15,28,Major,Health,Fire,1,2,14,500,East,1
CLM102783,44,13.7,30522.5,4337.95,12,25,Moderate,Life,Natural,1,1,10,2500,Central,0
CLM102784,34,9.8,137796.3070909333,6217.95,10,87,Minor,Auto,Fire,0,3,17,1500,Central,1
CLM102785,72,3.6,11512.23,1680.32,11,41,Major,Property,Fire,0,1,16,2000,North,0
CLM102786,63,6.8,16918.594250172522,6226.89,13,90,Major,Life,Medical,1,0,1,500,West,1
CLM102787,46,4.9,2181.42,1027.48,3,65,Major,Property,Fire,1,4,12,1000,East,0
CLM102788,53,17.6,1832.5038267243247,4124.82,12,67,Minor,Life,Theft,0,1,5,1000,West,1
CLM102789,54,9.9,36493.074278538435,6065.53,15,47,Minor,Property,Fire,1,1,10,2500,North,1
CLM102790,43,11.5,2015.58,1944.14,9,68,Moderate,Health,Natural,0,1,19,2500,Central,0
CLM102791,70,12.1,20461.016919852183,6281.87,10,75,Major,Auto,Fire,1,1,6,2000,West,1
CLM102792,34,13.0,1054.19,1751.09,6,55,Minor,Property,Accident,1,1,17,2500,North,0
CLM102793,39,10.2,15326.55,6494.29,1,4,Total Loss,Auto,Medical,1,0,16,1000,West,0
CLM102794,42,0.8,9311.61,4017.02,0,55,Moderate,Property,Natural,0,3,12,500,Central,0
CLM102795,19,7.0,3037.65,5634.79,0,71,Minor,Health,Theft,0,4,13,500,East,0
CLM102796,72,4.1,6272.49,7380.55,12,4,Minor,Auto,Fire,0,3,8,2500,South,0
CLM102797,39,13.8,13647.72,3563.16,2,68,Minor,Life,Fire,0,0,12,2500,Central,0
CLM102798,22,1.6,25971.170008407586,2247.18,14,82,Moderate,Auto,Theft,1,0,5,1000,West,1
CLM102799,21,11.5,10307.82,7003.73,13,80,Minor,Property,Fire,1,1,0,1500,East,0
CLM102800,53,4.6,25441.48,1712.12,14,72,Minor,Auto,Accident,0,0,0,500,South,0
CLM102801,23,19.0,8155.288688986814,5236.07,14,63,Total Loss,Health,Natural,0,0,3,2500,North,1
CLM102802,69,7.0,5378.597717878128,7424.4,3,34,Total Loss,Auto,Fire,0,1,13,2000,East,1
CLM102803,38,6.8,4060.0039065092324,5557.98,7,90,Total Loss,Auto,Theft,1,0,17,2500,Central,1
CLM102804,30,18.5,12512.5,1967.61,13,14,Minor,Auto,Theft,0,0,15,2500,West,0
CLM102805,71,8.6,45456.860225495584,1642.13,16,80,Total Loss,Life,Natural,0,0,2,500,South,1
CLM102806,54,19.3,3097.92,2392.29,13,70,Major,Auto,Accident,0,2,5,2500,East,0
CLM102807,72,1.0,16280.9,3435.55,7,22,Total Loss,Property,Natural,1,3,0,2000,South,0
CLM102808,42,6.5,10721.11,1693.69,4,5,Total Loss,Property,Fire,1,2,10,2000,South,0
CLM102809,43,13.5,66544.95,6483.61,4,83,Minor,Auto,Accident,1,3,9,2000,East,0
CLM102810,72,17.9,19959.75,3177.77,5,57,Major,Auto,Accident,1,1,17,1000,West,0
CLM102811,56,5.5,17071.09,7520.65,12,25,Total Loss,Life,Theft,0,1,3,2000,North,0
CLM102812,37,18.6,13675.25,6818.68,11,11,Minor,Health,Accident,0,3,5,500,East,0
CLM102813,50,12.1,90089.81,7316.14,14,76,Major,Property,Fire,1,3,18,1500,North,0
CLM102814,31,16.1,60028.74,2708.7,14,76,Total Loss,Life,Fire,1,4,8,2500,South,0
CLM102815,73,8.2,12586.59,4802.99,4,1,Minor,Property,Fire,1,3,9,2500,South,0
CLM102816,53,4.6,10109.59,2910.87,4,31,Major,Property,Medical,0,3,19,2500,West,0
CLM102817,34,18.3,10301.66,2427.11,14,49,Total Loss,Auto,Accident,0,1,4,2000,East,0
CLM102818,38,18.7,9388.23,5053.15,13,60,Major,Property,Accident,1,1,15,2000,East,0
CLM102819,63,10.2,12370.03,6634.97,6,10,Major,Health,Fire,1,0,1,2000,Central,0
CLM102820,33,0.6,11446.455202067245,1201.98,11,83,Minor,Health,Theft,1,0,8,1500,West,1
CLM102821,63,2.6,40216.1,2568.27,12,33,Moderate,Health,Accident,0,1,10,1500,East,0
CLM102822,33,11.7,11106.94,2038.51,12,79,Major,Life,Medical,1,0,1,1500,South,0
CLM102823,73,1.0,28678.15,6487.63,13,88,Major,Health,Accident,1,2,17,1500,West,0
CLM102824,37,8.2,10674.03,7500.29,9,7,Major,Health,Natural,1,2,1,1500,Central,0
CLM102825,46,6.4,57026.48811733188,1099.57,13,34,Major,Property,Medical,1,0,13,2500,Central,1
CLM102826,45,14.4,7162.03,3344.1,1,14,Major,Life,Theft,1,0,3,2500,South,0
CLM102827,25,1.6,15704.72,7358.82,12,4,Moderate,Auto,Medical,0,3,7,1500,East,0
CLM102828,41,10.0,11348.43,3084.79,0,18,Minor,Life,Medical,0,3,7,2500,South,0
CLM102829,20,11.8,7861.98,5844.96,0,73,Moderate,Life,Accident,0,2,0,1500,Central,0
CLM102830,42,12.5,32999.76,1255.0,3,8,Minor,Auto,Medical,1,2,0,1500,West,0
CLM102831,36,8.4,2793.78,3832.91,1,56,Moderate,Auto,Fire,1,3,3,1500,East,0
CLM102832,50,6.4,11009.94,4274.76,5,53,Minor,Auto,Medical,1,3,17,2500,South,0
CLM102833,19,13.8,4241.94,6182.48,11,28,Total Loss,Property,Accident,0,3,18,1000,East,0
CLM102834,32,17.0,30605.17,2666.18,11,18,Major,Property,Fire,1,0,9,1000,West,0
CLM102835,39,14.0,8107.942422407605,2481.41,13,90,Minor,Property,Theft,0,1,17,1000,Central,1
CLM102836,27,18.7,42072.85492118557,2772.26,14,70,Minor,Health,Natural,0,2,9,500,South,1
CLM102837,35,14.5,3714.98,4667.72,10,79,Major,Auto,Medical,0,4,8,1000,Central,0
CLM102838,39,15.4,8785.73,7070.03,14,61,Total Loss,Property,Fire,0,3,6,1000,South,0
CLM102839,63,3.8,35442.66,6732.06,13,59,Major,Property,Fire,1,0,5,1000,East,0
CLM102840,66,8.7,3723.99,934.59,9,4,Minor,Life,Theft,0,2,0,2000,North,0
CLM102841,44,10.0,17323.8,7092.16,7,32,Minor,Property,Theft,0,3,4,1500,South,0
CLM102842,30,5.5,9046.722538795379,1213.32,8,90,Major,Auto,Natural,1,0,18,2500,South,1
CLM102843,50,10.8,16177.587364249992,3615.11,17,68,Moderate,Auto,Natural,1,2,14,2000,Central,1
CLM102844,22,6.2,12668.06,6240.53,11,18,Major,Health,Accident,0,2,13,1500,North,0
CLM102845,43,13.9,13916.62,1111.33,1,16,Minor,Health,Natural,0,4,6,1000,North,0
CLM102846,30,9.7,14838.83,803.0,0,87,Minor,Life,Natural,0,4,8,1000,North,0
CLM102847,44,9.4,16330.25,2974.97,6,41,Minor,Health,Fire,1,2,11,2000,North,0
CLM102848,74,19.7,5757.05,5974.44,9,21,Total Loss,Auto,Medical,1,0,16,2500,West,0
CLM102849,31,8.2,8696.61,4413.17,2,38,Major,Health,Medical,1,3,17,2000,East,0
CLM102850,41,7.6,1570.49,3627.51,13,79,Total Loss,Health,Natural,0,3,1,2000,South,0
CLM102851,20,6.7,22964.29,6598.05,5,26,Major,Property,Accident,1,2,16,1500,East,0
CLM102852,64,17.9,28219.24,6250.32,4,75,Total Loss,Auto,Accident,1,3,19,500,East,0
CLM102853,68,10.2,9333.649077858423,6395.32,6,64,Moderate,Life,Medical,0,4,6,2500,East,1
CLM102854,66,12.2,4374.25,3947.95,11,27,Minor,Health,Theft,1,3,9,2500,East,0
CLM102855,47,4.0,1644.18,645.87,1,51,Minor,Health,Fire,1,1,14,2000,West,0
CLM102856,52,11.0,53791.52,1791.03,13,64,Major,Life,Natural,1,4,0,2000,Central,0
CLM102857,65,5.9,25690.48,6059.75,8,38,Minor,Life,Fire,1,4,10,1000,West,0
CLM102858,31,14.7,7710.8,6148.8,10,17,Total Loss,Auto,Natural,1,2,7,2000,South,0
CLM102859,29,16.7,10864.04,7792.24,3,86,Moderate,Life,Natural,1,2,11,1500,North,0
CLM102860,45,14.4,11103.932717119176,1926.4,15,47,Total Loss,Health,Medical,1,3,2,1000,Central,1
CLM102861,61,14.7,14641.36,1421.95,0,67,Total Loss,Auto,Fire,1,3,14,500,South,0
CLM102862,46,10.5,55927.50706853272,1540.92,8,49,Major,Auto,Fire,0,2,4,1500,North,1
CLM102863,60,14.4,9895.96,1885.91,8,81,Minor,Life,Theft,1,0,4,2500,West,0
CLM102864,34,8.7,32023.87,4463.51,6,63,Total Loss,Auto,Theft,0,3,16,2500,East,0
CLM102865,57,13.2,11916.88,7814.09,9,70,Major,Health,Fire,0,0,1,1500,South,0
CLM102866,66,5.6,3336.71,4920.74,1,84,Total Loss,Health,Theft,1,4,0,2000,East,0
CLM102867,38,1.9,15604.48,4420.16,6,56,Total Loss,Health,Theft,1,1,17,2000,East,0
CLM102868,74,8.6,10304.89,5550.17,13,34,Total Loss,Auto,Natural,1,0,8,2000,East,0
CLM102869,40,9.5,42156.37,1054.48,3,36,Major,Life,Medical,1,3,4,2500,Central,0
CLM102870,37,5.5,22789.176579088773,6615.16,11,61,Moderate,Health,Natural,1,2,19,1500,North,1
CLM102871,28,14.7,24329.07252220111,5351.6,4,47,Total Loss,Property,Theft,1,2,12,2000,East,1
CLM102872,74,1.9,46210.27502860396,1783.94,14,54,Total Loss,Life,Natural,1,1,1,1000,South,1
CLM102873,74,4.8,12229.46,5230.37,3,32,Major,Auto,Natural,0,1,12,2500,Central,0
CLM102874,51,15.1,8036.86,4971.56,4,15,Minor,Health,Accident,1,4,7,1500,North,0
CLM102875,27,9.0,69742.94,986.4,12,14,Moderate,Auto,Natural,1,0,9,1500,South,0
CLM102876,27,14.3,6397.03,2501.99,13,12,Major,Health,Natural,1,1,19,1500,Central,0
CLM102877,60,11.6,5876.17,3432.06,3,2,Minor,Auto,Medical,1,4,5,1500,Central,0
CLM102878,23,19.0,30973.75,2336.66,14,23,Major,Property,Fire,1,4,10,500,North,0
CLM102879,53,12.2,1050.68,2323.71,2,22,Major,Auto,Accident,0,4,13,1000,East,0
CLM102880,41,0.8,4370.67,4797.11,5,58,Moderate,Auto,Accident,0,3,9,500,South,0
CLM102881,29,7.4,39389.48010403038,4031.44,2,90,Moderate,Auto,Accident,1,1,9,2000,West,1
CLM102882,60,3.3,3659.12,5504.69,7,64,Moderate,Health,Accident,1,2,10,500,East,0
CLM102883,72,18.5,64821.84,7673.05,11,31,Moderate,Life,Medical,0,4,3,500,West,0
CLM102884,40,2.5,10359.79,5454.17,4,59,Minor,Auto,Fire,1,2,2,2500,South,0
CLM102885,44,8.1,34741.91645615326,4865.72,9,63,Total Loss,Life,Medical,1,3,8,1500,West,1
CLM102886,74,4.9,3621.97,6856.7,9,65,Major,Health,Accident,0,0,4,500,West,0
CLM102887,62,17.0,6124.22,5240.55,3,17,Moderate,Auto,Fire,1,3,0,1500,North,0
CLM102888,54,6.5,43658.88848410834,1741.71,5,77,Total Loss,Health,Medical,0,3,10,1000,North,1
CLM102889,23,19.8,20594.222326748,2860.62,10,86,Minor,Life,Fire,1,1,7,500,North,1
CLM102890,18,1.3,24012.45,6000.2,4,63,Moderate,Health,Medical,1,4,4,2500,West,0
CLM102891,23,3.0,5704.91,6037.87,10,29,Major,Health,Fire,1,3,1,2500,West,0
CLM102892,67,4.9,16899.91,7902.57,5,17,Total Loss,Life,Medical,1,4,8,2000,Central,0
CLM102893,39,16.3,6157.98,5202.31,4,4,Moderate,Health,Accident,1,2,5,500,Central,0
CLM102894,58,17.6,14255.63,7246.59,4,68,Major,Life,Accident,1,0,10,1000,North,0
CLM102895,41,1.9,28805.303947893524,909.35,17,43,Total Loss,Life,Accident,1,0,9,1500,Central,1
CLM102896,42,1.1,2948.88,4746.67,7,8,Major,Auto,Medical,1,2,11,500,East,0
CLM102897,32,15.0,12932.12,7398.86,5,31,Minor,Auto,Fire,1,1,2,2000,Central,0
CLM102898,43,3.1,1180.15,2654.33,1,13,Moderate,Health,Fire,0,2,6,2500,Central,0
CLM102899,25,3.1,11433.57,1661.57,3,12,Moderate,Health,Theft,1,2,17,500,East,0
CLM102900,68,0.9,18936.2,3128.83,3,17,Major,Health,Natural,0,1,11,2000,East,0
CLM102901,41,1.5,2134.32,6441.77,4,67,Total Loss,Property,Accident,1,1,10,1000,South,0
CLM102902,65,5.6,42882.28,1135.26,14,21,Moderate,Property,Accident,0,3,1,1500,West,0
CLM102903,55,1.8,10208.26,5002.54,14,19,Major,Auto,Accident,0,4,9,1000,West,0
CLM102904,23,7.7,42810.36,1517.24,5,14,Minor,Life,Theft,1,0,12,1000,North,0
CLM102905,71,16.7,2704.22,3766.49,10,6,Moderate,Property,Theft,1,1,12,1500,South,0
CLM102906,52,6.9,83497.40047855016,7744.83,7,90,Major,Property,Theft,1,1,14,500,South,1
CLM102907,59,14.7,2734.48,1963.58,13,29,Total Loss,Life,Accident,1,3,12,1500,South,0
CLM102908,18,2.3,10284.4,755.12,13,4,Moderate,Health,Fire,1,3,8,2000,South,0
CLM102909,63,13.4,42707.39,3704.03,10,0,Moderate,Health,Accident,0,4,5,1000,Central,0
CLM102910,53,6.7,4973.32,4832.72,5,59,Minor,Property,Theft,0,1,2,1500,South,0
CLM102911,29,15.1,1531.07,2731.38,7,30,Major,Property,Theft,1,1,19,2500,North,0
CLM102912,55,3.2,24633.57,4563.26,3,19,Total Loss,Life,Natural,0,3,19,1500,West,0
CLM102913,28,18.0,24536.173398976836,7650.51,13,90,Minor,Life,Medical,1,2,8,1500,South,1
CLM102914,29,5.2,11820.77,2838.28,2,63,Minor,Property,Natural,0,4,3,2000,West,0
CLM102915,59,7.4,1524.2,2820.7,8,63,Minor,Life,Natural,0,1,19,1000,East,0
CLM102916,67,19.0,16886.46,4120.76,2,28,Major,Health,Accident,0,0,4,2000,North,0
CLM102917,56,11.8,5772.895700186796,4364.87,15,24,Major,Auto,Medical,1,0,11,2000,East,1
CLM102918,24,7.6,41147.55,510.24,7,28,Moderate,Property,Medical,0,3,16,2500,South,0
CLM102919,28,19.0,18362.4,5119.06,9,30,Major,Auto,Accident,0,0,4,2000,Central,0
CLM102920,53,6.9,19415.48,7980.18,11,74,Minor,Life,Fire,1,3,3,2000,Central,0
CLM102921,69,2.3,4970.82,2690.06,4,86,Major,Auto,Accident,0,2,7,2500,North,0
CLM102922,48,19.9,69217.30594283911,5231.08,15,63,Total Loss,Property,Fire,1,3,8,500,South,1
CLM102923,50,5.7,12574.18,534.66,2,24,Moderate,Life,Fire,1,1,16,2000,South,0
CLM102924,30,17.1,30182.49,5032.45,9,79,Minor,Auto,Medical,0,0,7,1500,South,0
CLM102925,35,3.7,14844.01000533442,3853.01,14,70,Moderate,Health,Accident,1,1,4,2000,South,1
CLM102926,58,14.8,54591.510245868434,4477.2,10,76,Major,Property,Accident,1,0,9,1000,North,1
CLM102927,73,10.7,34225.47295713904,4579.29,16,90,Moderate,Property,Medical,1,0,17,1500,North,1
CLM102928,41,19.6,1744.46,1827.15,12,62,Moderate,Property,Natural,0,3,13,1500,North,0
CLM102929,26,11.3,8796.54,6274.76,12,36,Major,Property,Accident,0,4,4,500,Central,0
CLM102930,48,1.0,4048.47,4666.02,6,57,Moderate,Life,Theft,1,0,14,1000,South,0
CLM102931,72,12.3,7674.95,2526.46,11,27,Major,Health,Theft,0,0,4,1000,East,0
CLM102932,58,3.3,8251.84,7530.36,6,26,Minor,Health,Accident,1,4,11,1000,West,0
CLM102933,27,16.1,10663.31,595.8,13,69,Moderate,Auto,Fire,1,1,9,2000,North,0
CLM102934,19,17.2,14755.26,5944.53,10,36,Total Loss,Property,Medical,0,0,7,2000,North,0
CLM102935,55,9.9,13693.69,3359.26,9,5,Total Loss,Property,Fire,1,3,0,1500,Central,0
CLM102936,32,15.8,1596.58,4419.09,8,88,Minor,Auto,Theft,0,4,2,500,Central,0
CLM102937,20,3.3,21835.83,2686.32,11,76,Major,Life,Theft,0,4,15,2000,West,0
CLM102938,60,10.1,129411.24861273495,2909.39,13,90,Major,Health,Medical,1,0,10,2000,Central,1
CLM102939,48,8.2,7431.34,613.75,2,32,Moderate,Property,Theft,0,1,8,500,North,0
CLM102940,23,12.4,3972.13,5973.84,13,88,Moderate,Auto,Natural,1,1,9,1000,South,0
CLM102941,20,1.4,12647.98,5830.99,12,77,Total Loss,Health,Theft,1,2,1,1500,South,0
CLM102942,73,15.2,19307.27,5407.69,5,39,Total Loss,Auto,Fire,1,2,19,2000,Central,0
CLM102943,28,2.0,18040.27,7084.63,10,40,Major,Auto,Fire,1,3,10,500,West,0
CLM102944,32,13.3,15205.49,7259.51,5,41,Total Loss,Life,Natural,0,0,19,500,South,0
CLM102945,62,0.9,3371.44,4673.33,4,8,Major,Health,Fire,1,1,10,1000,North,0
CLM102946,69,16.7,28193.97,5636.18,2,17,Minor,Property,Fire,1,2,6,2500,South,0
CLM102947,45,3.9,9317.0,582.49,8,14,Minor,Health,Fire,0,0,10,2500,West,0
CLM102948,27,10.6,4755.19,6847.57,6,3,Total Loss,Life,Accident,0,0,4,2500,Central,0
CLM102949,55,5.6,6909.181883554342,6623.1,6,51,Moderate,Property,Natural,1,1,11,2500,East,1
CLM102950,64,14.6,22905.536997274237,651.86,7,82,Total Loss,Health,Natural,0,0,17,2000,South,1
CLM102951,74,6.8,15433.96,4571.19,4,37,Total Loss,Life,Theft,1,4,4,500,North,0
CLM102952,67,14.6,17421.29,7299.92,0,80,Total Loss,Property,Natural,1,2,14,1500,West,0
CLM102953,67,6.1,50346.28,1860.41,1,70,Moderate,Property,Medical,0,3,11,2000,South,0
CLM102954,24,15.2,5685.175236047656,3144.84,2,54,Total Loss,Auto,Natural,1,2,0,2500,East,1
CLM102955,32,1.1,64789.91,2982.9,8,19,Moderate,Auto,Medical,1,0,17,1500,Central,0
CLM102956,35,6.0,16949.08,3169.55,8,55,Total Loss,Life,Fire,0,4,5,1500,South,0
CLM102957,35,10.2,25360.15351570803,814.15,9,83,Moderate,Property,Medical,1,2,5,2500,West,1
CLM102958,69,1.4,33864.88,2592.63,7,1,Moderate,Health,Accident,0,1,10,1500,South,0
CLM102959,58,4.1,43812.21398451945,2711.42,14,39,Moderate,Property,Fire,1,4,10,2000,Central,1
CLM102960,41,18.7,7432.17,6994.04,3,75,Moderate,Life,Medical,1,2,15,1000,West,0
CLM102961,19,19.5,33323.56,3140.87,0,41,Moderate,Health,Fire,1,0,5,2000,East,0
CLM102962,57,14.9,17476.88,3854.13,12,56,Minor,Property,Accident,0,1,0,2000,North,0
CLM102963,37,5.4,30337.899702812814,3355.54,14,63,Major,Health,Fire,1,0,15,1000,Central,1
CLM102964,51,5.6,66011.46242767843,1405.05,8,31,Major,Auto,Fire,1,0,2,2500,South,1
CLM102965,60,13.1,9924.42,7927.68,6,71,Moderate,Health,Natural,1,1,5,2500,East,0
CLM102966,43,2.8,17046.18,6693.69,10,60,Major,Auto,Theft,0,4,2,1000,West,0
CLM102967,24,19.0,21479.09,4556.9,1,20,Moderate,Health,Medical,1,2,18,2000,West,0
CLM102968,55,4.9,18705.486051179632,4072.73,3,73,Total Loss,Auto,Theft,1,4,7,500,West,1
CLM102969,47,20.0,2307.11,5369.41,5,85,Minor,Life,Accident,1,1,1,1500,South,0
CLM102970,59,10.2,23139.33,2948.23,8,12,Total Loss,Health,Accident,0,2,18,1500,Central,0
CLM102971,22,15.5,1734.96,877.12,2,47,Total Loss,Property,Fire,0,1,14,1500,East,0
CLM102972,28,0.5,19983.17,3532.38,6,39,Moderate,Life,Theft,0,3,13,500,West,0
CLM102973,18,17.8,37265.77,7879.83,9,62,Total Loss,Life,Medical,0,3,13,2000,North,0
CLM102974,51,5.8,7391.96,1867.6,14,75,Minor,Health,Medical,0,4,3,2500,Central,0
CLM102975,73,13.5,2614.81,4457.79,13,80,Total Loss,Life,Fire,1,1,18,1000,East,0
CLM102976,18,16.2,13233.207657123778,563.91,14,45,Minor,Auto,Medical,1,2,6,1500,East,1
CLM102977,36,3.7,13392.69,1415.24,10,56,Minor,Auto,Natural,0,4,15,500,West,0
CLM102978,19,9.1,43881.29,4903.94,12,50,Moderate,Health,Theft,1,3,7,1000,North,0
CLM102979,38,10.1,23750.214411973884,2730.6,13,75,Minor,Life,Accident,0,3,14,2000,West,1
CLM102980,37,6.6,2794.21,7292.63,10,75,Total Loss,Property,Medical,1,3,19,500,Central,0
CLM102981,40,9.9,15824.18,3546.27,3,72,Moderate,Health,Medical,0,4,4,500,South,0
CLM102982,38,6.7,20798.89,2060.25,1,63,Minor,Health,Medical,0,2,0,1000,Central,0
CLM102983,41,7.5,19123.139246430175,4591.94,18,82,Minor,Life,Fire,0,3,11,1000,North,1
CLM102984,21,13.6,20175.82,6462.3,0,63,Major,Auto,Accident,1,4,8,1500,South,0
CLM102985,29,12.8,18460.026237871734,645.65,12,36,Moderate,Life,Theft,1,4,18,2000,East,1
CLM102986,39,5.0,24344.87,4291.4,4,27,Major,Property,Medical,1,0,17,1000,West,0
CLM102987,37,18.0,7257.12,6300.7,5,9,Minor,Property,Natural,1,0,6,1500,Central,0
CLM102988,35,17.3,5437.87,1276.91,6,27,Major,Property,Fire,1,2,10,1500,West,0
CLM102989,18,10.4,94991.77012336187,7270.99,11,74,Total Loss,Property,Theft,1,3,10,1000,Central,1
CLM102990,47,8.9,12926.82,2483.88,9,10,Total Loss,Health,Medical,1,0,19,500,West,0
CLM102991,50,7.8,13925.536511594704,1779.53,11,52,Minor,Property,Theft,0,2,19,500,South,1
CLM102992,41,14.3,42020.59,4919.42,10,25,Major,Property,Fire,0,0,14,500,West,0
CLM102993,31,13.6,18608.99,1812.73,5,17,Major,Property,Natural,1,3,16,1500,North,0
CLM102994,53,4.3,4740.4,5597.76,5,67,Moderate,Life,Medical,1,4,2,500,North,0
CLM102995,22,13.6,35702.81154732946,4175.77,19,54,Total Loss,Auto,Natural,0,3,10,2000,West,1
CLM102996,28,5.4,31644.77,1324.67,14,14,Total Loss,Auto,Fire,1,0,12,500,East,0
CLM102997,41,0.9,18868.47,7343.68,2,22,Moderate,Auto,Natural,0,3,5,500,North,0
CLM102998,48,14.1,5210.78,5549.04,12,40,Total Loss,Property,Fire,1,4,13,1500,Central,0
CLM102999,72,13.1,27448.260636947427,4594.95,10,32,Major,Life,Natural,0,1,10,2500,West,1
CLM103000,30,8.5,15480.61,3307.55,8,70,Major,Health,Theft,0,4,12,2000,West,0
CLM103001,33,10.8,26792.45,1511.45,0,59,Total Loss,Life,Theft,1,0,16,1500,North,0
CLM103002,41,19.0,3942.64,5806.39,5,78,Moderate,Health,Fire,1,4,13,2000,East,0
CLM103003,30,12.1,19041.34,6602.42,6,51,Minor,Life,Theft,1,2,13,2000,Central,0
CLM103004,41,13.3,1416.28,1443.64,10,8,Minor,Auto,Natural,1,3,3,500,North,0
CLM103005,71,1.7,42295.70533820453,4209.26,10,41,Minor,Auto,Natural,1,1,3,2000,North,1
CLM103006,43,3.7,125088.6841015709,4136.35,19,57,Minor,Property,Medical,1,1,13,500,South,1
CLM103007,19,6.4,3874.46,3124.34,11,61,Major,Auto,Fire,0,3,13,2000,North,0
CLM103008,33,11.0,6594.24,6420.06,9,42,Minor,Auto,Theft,0,3,6,2500,Central,0
CLM103009,55,15.6,14115.42,1246.47,14,27,Major,Auto,Fire,1,2,15,2000,South,0
CLM103010,63,6.8,20773.65,2037.64,10,7,Major,Life,Theft,1,4,13,1000,East,0
CLM103011,18,7.4,7332.41,512.02,7,50,Minor,Auto,Medical,1,1,4,500,East,0
CLM103012,66,5.5,17371.23,3297.39,6,89,Minor,Health,Natural,0,0,6,2500,North,0
CLM103013,28,5.5,35430.98,2683.84,7,29,Minor,Property,Natural,1,3,16,500,Central,0
CLM103014,68,19.0,20450.03,7002.45,10,10,Total Loss,Life,Accident,1,3,14,2500,East,0
CLM103015,52,12.9,19621.11,6093.58,8,19,Total Loss,Health,Fire,1,1,6,500,Central,0
CLM103016,60,3.5,8218.29,1133.54,9,30,Moderate,Life,Theft,1,3,9,1000,Central,0
CLM103017,46,14.6,37359.31,6057.17,6,33,Major,Auto,Accident,1,1,17,1000,South,0
CLM103018,54,14.6,5871.89,5565.5,14,11,Minor,Life,Fire,1,0,10,2500,North,0
CLM103019,34,13.5,4446.49,2612.93,14,47,Total Loss,Life,Theft,0,0,13,1500,Central,0
CLM103020,71,3.1,7793.63,615.96,2,27,Moderate,Property,Medical,1,1,3,500,Central,0
CLM103021,56,8.5,16754.03,1363.72,14,66,Major,Life,Fire,0,3,2,1500,Central,0
CLM103022,59,2.6,30672.56,2374.56,8,62,Major,Life,Theft,1,2,13,2000,North,0
CLM103023,45,16.4,3124.81,6624.67,0,47,Major,Property,Natural,0,2,19,1000,South,0
CLM103024,46,13.3,26214.18,3989.85,13,41,Total Loss,Life,Fire,1,4,2,500,Central,0
CLM103025,60,10.4,26135.54,7387.97,7,51,Minor,Life,Theft,1,2,2,1000,West,0
CLM103026,20,7.2,25436.83500856341,6418.61,8,22,Minor,Health,Natural,1,3,19,2000,South,1
CLM103027,69,4.1,22447.3,2653.31,10,76,Major,Health,Natural,1,2,11,2500,North,0
CLM103028,27,2.6,4011.21,6840.22,2,11,Major,Life,Accident,0,4,9,500,East,0
CLM103029,59,19.4,3787.46,1375.44,8,58,Moderate,Life,Theft,0,0,19,500,Central,0
CLM103030,31,4.4,30794.74,770.88,5,64,Moderate,Auto,Accident,1,1,17,500,West,0
CLM103031,29,1.7,11341.76,5064.04,14,51,Major,Health,Accident,1,2,11,2500,East,0
CLM103032,64,19.3,5234.19,3063.07,6,42,Moderate,Auto,Medical,1,1,3,1000,East,0
CLM103033,59,11.2,18506.44,2970.69,10,82,Total Loss,Life,Accident,1,1,18,2500,Central,0
CLM103034,47,16.0,34367.03,5654.06,1,62,Major,Auto,Accident,0,0,18,1000,Central,0
CLM103035,49,1.4,16008.24,6875.78,0,49,Moderate,Auto,Medical,0,4,16,500,East,0
CLM103036,49,11.6,7400.6,2916.32,0,38,Major,Property,Medical,0,3,7,2500,West,0
CLM103037,59,8.3,18173.44423664162,2937.6,6,78,Minor,Property,Fire,1,3,10,2000,South,1
CLM103038,49,15.6,21931.2,4503.88,10,88,Total Loss,Life,Accident,1,3,4,2500,Central,0
CLM103039,43,1.2,2048.31,5398.88,2,79,Major,Health,Natural,1,4,4,1000,Central,0
CLM103040,68,8.3,4672.49,2021.79,7,16,Minor,Life,Medical,1,4,12,500,North,0
CLM103041,18,16.1,28829.687554429103,7345.09,11,57,Major,Health,Theft,1,4,3,1000,Central,1
CLM103042,73,10.7,14904.25,5408.12,14,48,Minor,Property,Fire,1,2,12,1500,North,0
CLM103043,59,11.2,7213.78,5188.71,9,4,Moderate,Health,Fire,0,1,15,500,East,0
CLM103044,19,2.4,6315.68,7281.47,7,0,Minor,Auto,Accident,1,4,11,2000,West,0
CLM103045,34,3.1,1633.97,7304.49,0,66,Total Loss,Auto,Natural,1,4,13,2000,North,0
CLM103046,47,13.7,1497.18,1516.63,3,23,Total Loss,Property,Medical,1,2,8,1500,North,0
CLM103047,73,13.7,5900.4,1588.07,7,28,Moderate,Life,Theft,1,1,5,1000,South,0
CLM103048,56,19.6,12341.5,6214.62,9,14,Major,Health,Accident,1,3,7,2000,East,0
CLM103049,24,14.4,13191.52,7676.6,1,3,Total Loss,Life,Natural,1,0,15,1000,North,0
CLM103050,69,10.1,11219.09,5498.85,6,43,Moderate,Health,Accident,0,4,18,500,North,0
CLM103051,44,17.2,8911.46,3584.88,7,64,Total Loss,Property,Accident,1,4,1,2500,East,0
CLM103052,26,2.5,5361.13,5626.05,13,78,Moderate,Auto,Fire,1,0,5,500,Central,0
CLM103053,39,9.3,8679.76,2216.09,8,87,Total Loss,Auto,Theft,1,4,1,1000,West,0
CLM103054,51,6.1,3240.73,7984.75,6,30,Moderate,Health,Theft,0,4,18,1500,East,0
CLM103055,63,2.5,4744.206688649635,3733.14,18,43,Total Loss,Life,Theft,0,4,18,500,South,1
CLM103056,66,15.4,6348.91,7487.65,8,9,Major,Property,Theft,1,0,12,2000,South,0
CLM103057,18,10.5,81559.44,3730.99,1,10,Minor,Property,Medical,1,2,16,500,West,0
CLM103058,26,11.4,6928.94,7461.05,10,81,Total Loss,Life,Medical,1,2,7,500,South,0
CLM103059,37,8.5,121500.70747251059,3017.64,2,63,Moderate,Auto,Theft,1,0,8,500,East,1
CLM103060,70,9.5,8470.17,6204.07,0,37,Major,Life,Natural,1,2,4,1500,Central,0
CLM103061,36,2.8,9670.78,7632.52,10,79,Total Loss,Auto,Medical,0,3,7,1000,South,0
CLM103062,53,13.6,24922.89,5344.86,11,23,Moderate,Health,Medical,0,3,8,1500,East,0
CLM103063,57,8.9,2474.75,5581.74,3,38,Minor,Property,Natural,1,0,15,2000,South,0
CLM103064,62,16.4,4019.14,1271.65,0,50,Moderate,Health,Theft,0,1,15,1000,North,0
CLM103065,21,4.3,55653.01,4056.65,6,75,Total Loss,Life,Accident,1,4,11,2000,North,0
CLM103066,26,4.5,11575.79,7150.67,7,49,Moderate,Life,Medical,1,1,10,1000,Central,0
CLM103067,58,13.1,3209.269907481494,2306.82,5,33,Moderate,Health,Accident,1,4,17,1000,North,1
CLM103068,39,17.0,1728.1,6412.72,13,80,Minor,Life,Accident,0,2,12,500,North,0
CLM103069,35,9.7,36666.21,5567.82,0,67,Total Loss,Life,Natural,0,2,2,500,South,0
CLM103070,29,14.7,31996.71,2172.39,2,52,Total Loss,Life,Theft,0,3,17,1500,South,0
CLM103071,59,20.0,10198.39,2620.93,1,36,Minor,Property,Accident,1,1,10,1000,West,0
CLM103072,60,19.8,3672.95,3706.71,5,82,Major,Property,Theft,0,0,10,2000,Central,0
CLM103073,56,15.0,27604.49,1438.47,10,53,Moderate,Auto,Fire,1,4,4,500,North,0
CLM103074,26,14.9,6886.75,7350.28,6,89,Moderate,Property,Theft,1,2,2,2000,West,0
CLM103075,23,5.3,18246.92864296671,6045.18,11,71,Moderate,Health,Natural,1,4,1,500,South,1
CLM103076,36,16.8,41666.744675122085,3237.23,10,90,Total Loss,Health,Natural,1,0,14,1000,West,1
CLM103077,65,8.4,7540.37,2747.49,3,30,Total Loss,Property,Fire,1,4,4,2000,North,0
CLM103078,64,19.3,15859.96,5671.84,0,64,Moderate,Health,Natural,1,3,4,1500,West,0
CLM103079,24,2.1,59665.26733463252,3681.66,17,90,Total Loss,Life,Theft,1,0,15,1500,East,1
CLM103080,33,9.0,24945.85,2220.02,13,58,Minor,Property,Theft,0,0,16,1500,Central,0
CLM103081,22,11.3,20793.446609885872,3726.13,7,77,Minor,Auto,Theft,1,4,6,500,North,1
CLM103082,33,8.4,6093.82,7034.73,10,48,Total Loss,Auto,Natural,0,4,1,500,East,0
CLM103083,18,4.6,6042.8,1014.55,7,17,Moderate,Property,Theft,0,2,13,1500,West,0
CLM103084,68,12.1,7429.27,3262.69,3,2,Moderate,Health,Medical,0,4,17,2000,North,0
CLM103085,54,15.2,11203.97,7717.55,0,17,Moderate,Property,Fire,0,0,11,500,West,0
CLM103086,56,13.1,9083.17,611.24,13,57,Moderate,Property,Medical,0,4,16,1500,Central,0
CLM103087,36,5.1,3140.81,7179.8,13,70,Total Loss,Auto,Theft,1,2,5,500,Central,0
CLM103088,71,14.8,3677.14,3311.25,4,80,Major,Life,Natural,1,1,4,2500,South,0
CLM103089,54,5.5,7299.46,1921.39,9,24,Major,Life,Fire,1,3,6,2000,East,0
CLM103090,34,3.9,13385.24,612.35,4,17,Moderate,Property,Medical,0,0,17,1000,Central,0
CLM103091,43,14.0,33080.082597695335,1028.92,7,66,Moderate,Auto,Theft,0,2,19,2000,East,1
CLM103092,39,16.9,10989.02,1788.83,5,42,Moderate,Auto,Natural,0,3,10,1000,West,0
CLM103093,25,9.9,61698.542156723604,690.57,11,90,Major,Property,Theft,1,4,4,1500,East,1
CLM103094,50,10.9,21048.21,3018.87,8,88,Minor,Property,Medical,0,4,5,500,North,0
CLM103095,19,6.4,9369.48,836.7,13,6,Major,Property,Medical,1,1,6,1500,South,0
CLM103096,47,10.1,8581.527233095134,5691.62,8,90,Total Loss,Life,Fire,0,4,2,1000,East,1
CLM103097,64,3.1,12330.92,6641.8,7,43,Major,Property,Natural,1,3,2,2500,East,0
CLM103098,37,19.1,8206.12,7155.98,9,43,Total Loss,Auto,Accident,1,2,1,1000,Central,0
CLM103099,35,16.1,3226.16,4618.46,2,50,Moderate,Property,Theft,0,1,19,500,North,0
CLM103100,60,13.5,61109.2,7598.82,9,82,Total Loss,Auto,Natural,1,3,3,2500,Central,0
CLM103101,74,11.0,7924.71,542.34,1,78,Moderate,Auto,Accident,1,2,4,500,East,0
CLM103102,27,15.9,41794.581655012335,1505.14,6,90,Minor,Health,Natural,1,3,1,2500,West,1
CLM103103,41,10.1,11103.96,2698.74,11,20,Moderate,Auto,Theft,1,4,15,500,Central,0
CLM103104,73,6.3,3311.76,6417.68,8,36,Moderate,Health,Theft,0,3,11,1000,Central,0
CLM103105,21,3.6,1857.19,7140.42,8,27,Minor,Property,Fire,1,1,14,1000,North,0
CLM103106,54,13.1,15743.25,5136.01,2,31,Moderate,Health,Medical,0,3,3,1000,Central,0
CLM103107,21,18.6,5255.79,3374.27,11,56,Moderate,Life,Medical,1,0,2,1000,Central,0
CLM103108,30,3.5,5188.85,5493.84,12,40,Moderate,Life,Medical,0,4,13,2500,South,0
CLM103109,42,4.0,48190.02,1856.75,0,53,Major,Life,Fire,0,3,12,2000,East,0
CLM103110,30,9.0,10292.13,3934.06,0,26,Total Loss,Property,Medical,0,2,5,2000,North,0
CLM103111,35,16.2,1448.02,4306.58,3,86,Moderate,Auto,Natural,1,4,3,1500,Central,0
CLM103112,41,6.2,7229.16,1286.53,3,73,Major,Life,Medical,1,2,0,2000,East,0
CLM103113,19,5.5,14173.78,754.04,10,39,Moderate,Health,Medical,1,1,2,1500,North,0
CLM103114,65,12.6,6975.13,6125.79,11,40,Total Loss,Property,Theft,1,0,11,1000,Central,0
CLM103115,50,10.9,2502.8400115324375,4510.3,18,90,Moderate,Property,Fire,1,3,2,500,West,1
CLM103116,36,1.7,9813.2,2991.79,9,23,Total Loss,Health,Fire,0,4,17,2000,South,0
CLM103117,26,2.1,2679.17,3779.21,5,17,Major,Health,Medical,0,3,13,2000,North,0
CLM103118,45,13.0,15480.64,7682.78,4,73,Major,Property,Accident,1,3,4,1000,West,0
CLM103119,52,9.6,15497.47,3386.85,5,55,Moderate,Property,Theft,1,4,0,1000,North,0
CLM103120,74,19.4,1577.36,1276.09,9,14,Minor,Auto,Medical,1,0,13,2000,North,0
CLM103121,56,13.7,6151.44,3977.02,6,71,Total Loss,Property,Accident,0,0,11,1000,South,0
CLM103122,27,0.7,9008.5,5360.36,6,34,Moderate,Health,Natural,0,1,0,2000,West,0
CLM103123,18,9.9,12986.42,590.85,9,26,Major,Property,Theft,1,4,1,500,Central,0
CLM103124,59,8.6,6266.01,2992.55,13,88,Moderate,Property,Fire,1,4,11,500,East,0
CLM103125,38,2.6,6089.82,3451.36,9,2,Total Loss,Health,Accident,1,2,12,1500,West,0
CLM103126,26,18.5,62131.51,3977.86,8,20,Moderate,Auto,Medical,1,2,19,2000,North,0
CLM103127,64,16.2,1641.46,2762.63,14,38,Total Loss,Property,Accident,1,2,14,500,West,0
CLM103128,32,5.0,125099.375232748,5501.92,10,55,Major,Life,Fire,1,0,15,500,East,1
CLM103129,52,5.5,3299.204981646727,7585.32,11,74,Minor,Life,Natural,1,1,18,2500,West,1
CLM103130,74,1.1,16788.913721768542,7354.99,3,90,Minor,Health,Accident,1,1,4,500,East,1
CLM103131,22,6.3,27708.029031211307,5482.95,9,22,Major,Health,Medical,0,3,1,1500,South,1
CLM103132,58,11.9,5854.354218902374,4301.63,10,69,Major,Health,Accident,1,1,5,500,North,1
CLM103133,39,8.7,3172.72,6693.61,3,0,Moderate,Life,Natural,0,2,7,1000,Central,0
CLM103134,58,19.4,5442.02,6769.53,14,3,Major,Health,Accident,1,4,6,2500,West,0
CLM103135,40,1.6,55463.22,6721.8,4,3,Major,Life,Natural,0,3,12,2000,South,0
CLM103136,24,12.0,8173.36,1683.84,4,89,Total Loss,Auto,Natural,0,0,5,1500,West,0
CLM103137,73,17.2,13520.48,690.74,1,33,Moderate,Health,Theft,1,1,8,500,South,0
CLM103138,40,9.9,19275.71,7873.95,4,26,Total Loss,Property,Theft,1,4,11,2000,East,0
CLM103139,61,0.6,21334.84,7697.41,8,14,Moderate,Auto,Medical,0,2,9,500,South,0
CLM103140,42,5.2,18473.25,4732.84,3,31,Moderate,Life,Medical,1,0,10,2500,East,0
CLM103141,44,6.8,15668.428353034931,7947.98,16,79,Minor,Health,Medical,1,0,0,2000,South,1
CLM103142,58,19.3,2777.16,6279.1,2,70,Minor,Property,Natural,0,1,9,1000,West,0
CLM103143,23,18.3,5963.36,4380.35,13,60,Major,Life,Natural,1,4,15,1000,Central,0
CLM103144,72,19.0,4541.44,3419.98,6,62,Moderate,Auto,Theft,1,2,18,2000,North,0
CLM103145,51,16.6,3197.55,4946.47,7,60,Major,Property,Natural,1,2,9,1000,Central,0
CLM103146,26,7.4,4064.433701276109,4368.52,14,47,Total Loss,Auto,Theft,1,2,14,1500,South,1
CLM103147,66,18.2,42168.97,7953.52,12,22,Major,Health,Accident,0,2,13,2500,East,0
CLM103148,50,19.6,39081.14,4178.45,9,64,Total Loss,Property,Medical,0,1,2,1500,West,0
CLM103149,68,7.3,1775.99,6769.41,5,31,Minor,Health,Medical,0,1,3,2000,North,0
CLM103150,23,5.6,3850.79,6602.18,5,40,Minor,Life,Fire,0,4,7,1500,North,0
CLM103151,54,11.2,3253.63,1035.55,12,25,Total Loss,Life,Theft,1,3,0,2500,West,0
CLM103152,48,4.1,5953.06,1152.55,4,47,Total Loss,Auto,Fire,1,1,19,2500,South,0
CLM103153,51,1.1,4423.64,5448.58,10,72,Total Loss,Health,Medical,0,2,14,2000,North,0
CLM103154,58,18.9,44740.94,2443.31,5,15,Major,Health,Fire,0,4,6,1500,West,0
CLM103155,46,18.6,2318.87,5431.45,8,30,Total Loss,Property,Accident,1,2,11,2500,South,0
CLM103156,31,3.7,11868.317020611463,1584.69,19,90,Moderate,Life,Fire,0,1,2,2000,West,1
CLM103157,53,8.5,2262.52,3478.01,1,31,Total Loss,Health,Accident,1,4,4,2500,North,0
CLM103158,53,16.7,174004.99928322286,1268.53,12,31,Minor,Health,Medical,0,2,7,500,Central,1
CLM103159,70,13.4,38591.37,2615.7,10,24,Total Loss,Health,Natural,0,3,10,500,North,0
CLM103160,32,8.2,19915.11,1162.24,14,81,Minor,Life,Theft,0,0,18,2500,North,0
CLM103161,25,15.0,9326.18,7779.34,2,44,Minor,Life,Fire,0,0,11,2000,Central,0
CLM103162,43,18.0,4164.11,3462.94,0,23,Major,Life,Accident,1,2,19,500,South,0
CLM103163,53,18.6,4755.6,7258.92,3,2,Total Loss,Auto,Medical,0,0,6,2500,West,0
CLM103164,65,7.9,9778.93,7783.79,1,61,Minor,Life,Medical,0,3,13,1000,South,0
CLM103165,38,3.9,22929.67,7321.72,5,78,Moderate,Life,Natural,1,3,1,1500,South,0
CLM103166,45,18.3,15228.831032316679,3912.2,18,90,Total Loss,Life,Medical,1,2,11,2500,West,1
CLM103167,21,2.3,6583.18,6341.73,12,54,Total Loss,Property,Medical,1,3,8,500,South,0
CLM103168,33,14.6,14742.27,1652.75,14,9,Minor,Property,Natural,0,0,11,2500,East,0
CLM103169,39,3.2,5071.8,1211.24,0,54,Major,Health,Medical,0,2,5,2000,North,0
CLM103170,29,8.1,14163.94,7076.76,7,21,Major,Property,Accident,1,0,5,500,East,0
CLM103171,33,8.5,8344.06,733.4,9,13,Total Loss,Auto,Fire,1,3,18,2000,West,0
CLM103172,68,3.6,1524.59,7792.46,5,72,Total Loss,Auto,Fire,1,3,19,2000,Central,0
CLM103173,57,18.5,8730.07,5541.0,8,81,Major,Health,Accident,0,4,5,2000,Central,0
CLM103174,55,0.6,38797.18,3647.1,11,7,Major,Health,Fire,0,1,16,2500,West,0
CLM103175,59,17.9,6203.24,1560.31,5,14,Moderate,Auto,Medical,1,1,16,500,West,0
CLM103176,54,17.7,6847.55,5924.23,9,14,Total Loss,Auto,Fire,1,2,16,2000,South,0
CLM103177,46,6.7,5235.288151324382,4723.34,9,86,Total Loss,Auto,Fire,0,0,9,1000,North,1
CLM103178,35,14.2,42050.26700073607,5833.45,11,90,Total Loss,Health,Medical,1,1,10,1500,East,1
CLM103179,27,5.4,29381.23,3634.42,13,53,Major,Auto,Fire,0,2,7,2500,West,0
CLM103180,59,15.3,7529.35,996.95,7,75,Minor,Health,Medical,1,3,13,1000,Central,0
CLM103181,56,11.4,5121.4,2862.29,7,41,Moderate,Auto,Natural,1,1,18,500,North,0
CLM103182,35,6.4,48063.54,2862.66,9,18,Major,Auto,Natural,1,0,17,1500,North,0
CLM103183,18,8.3,21501.65,565.09,8,39,Major,Property,Fire,1,4,14,2000,South,0
CLM103184,56,14.0,13560.93,571.86,11,68,Moderate,Auto,Natural,0,4,17,1000,Central,0
CLM103185,38,18.2,6469.12,2980.69,5,26,Total Loss,Health,Fire,0,1,19,1000,North,0
CLM103186,18,3.0,4742.27,5957.18,0,73,Minor,Auto,Natural,1,4,16,2000,Central,0
CLM103187,32,11.6,19868.2,5180.33,8,42,Moderate,Life,Fire,0,2,4,2000,East,0
CLM103188,21,5.4,30632.65489228476,2292.63,8,87,Minor,Property,Theft,1,0,3,1000,Central,1
CLM103189,37,16.1,12028.29,5020.72,8,45,Total Loss,Auto,Accident,1,3,10,500,North,0
CLM103190,27,1.9,2148.52,5355.33,6,13,Minor,Auto,Natural,0,0,15,2500,Central,0
CLM103191,40,13.9,27666.170056770185,4419.27,17,90,Total Loss,Life,Medical,1,3,6,500,Central,1
CLM103192,58,3.9,70179.47255147228,4410.15,18,85,Major,Life,Accident,0,4,15,500,Central,1
CLM103193,51,12.1,45005.25,3273.11,12,57,Total Loss,Life,Fire,0,2,5,2500,North,0
CLM103194,63,16.8,2692.2,1425.46,2,48,Moderate,Life,Accident,1,3,19,500,East,0
CLM103195,65,15.2,15961.1,3391.13,8,78,Moderate,Life,Medical,1,4,9,1500,Central,0
CLM103196,50,15.2,25084.785665662857,3090.01,15,55,Total Loss,Life,Medical,0,3,10,2000,East,1
CLM103197,51,10.6,76347.1563388691,4939.79,8,47,Total Loss,Auto,Fire,0,1,14,1000,North,1
CLM103198,56,17.9,21869.24,6921.95,6,26,Major,Health,Natural,1,0,11,2500,West,0
CLM103199,27,12.0,51398.76,3315.31,6,66,Major,Auto,Natural,0,2,15,500,Central,0
CLM103200,71,18.4,49295.34,5823.01,1,66,Total Loss,Auto,Theft,1,4,17,1000,East,0
CLM103201,37,11.2,4836.65,6588.73,10,34,Minor,Auto,Medical,1,2,6,1500,Central,0
CLM103202,18,10.4,20383.91,2088.14,3,59,Major,Property,Theft,0,0,13,500,South,0
CLM103203,30,4.8,36126.20581059817,7262.38,15,90,Moderate,Health,Medical,1,3,8,500,South,1
CLM103204,18,11.1,4623.47,1028.34,7,69,Major,Health,Theft,0,3,5,500,North,0
CLM103205,22,3.2,11533.322492403353,7262.9,15,89,Major,Property,Natural,1,2,10,1500,East,1
CLM103206,33,17.5,6554.45835860587,1727.25,6,90,Major,Health,Medical,0,3,12,2000,East,1
CLM103207,32,13.7,24811.13,3028.77,12,2,Major,Property,Natural,0,3,17,1000,Central,0
CLM103208,66,19.9,6884.64,5039.26,3,32,Total Loss,Auto,Accident,1,3,11,500,South,0
CLM103209,45,2.3,30170.39,7292.63,9,41,Major,Health,Natural,1,1,5,500,Central,0
CLM103210,48,5.2,15059.47,2417.76,7,12,Minor,Auto,Medical,1,4,8,1500,Central,0
CLM103211,40,17.6,17796.01,6226.8,14,28,Major,Life,Accident,0,4,17,1500,North,0
CLM103212,65,8.2,6172.76,5828.27,11,8,Major,Auto,Theft,1,0,14,1000,West,0
CLM103213,62,9.6,10167.82,1697.82,2,31,Moderate,Health,Fire,1,3,8,1000,North,0
CLM103214,60,17.3,8973.53,4095.98,11,21,Major,Auto,Medical,1,2,9,500,North,0
CLM103215,34,10.7,5031.7,4111.29,5,85,Moderate,Auto,Fire,0,3,1,500,North,0
CLM103216,66,4.3,27802.67,2784.59,11,57,Moderate,Property,Fire,1,0,13,500,Central,0
CLM103217,51,17.9,15596.27,6349.41,1,56,Total Loss,Health,Accident,0,3,10,500,Central,0
CLM103218,30,1.1,1572.26,7444.5,7,9,Moderate,Auto,Theft,0,1,12,500,Central,0
CLM103219,31,18.0,26715.06,5874.29,7,24,Moderate,Property,Natural,1,0,1,1500,Central,0
CLM103220,28,1.5,2681.38,7797.16,11,61,Minor,Health,Accident,1,4,6,2000,South,0
CLM103221,45,13.5,8755.08,878.51,12,62,Minor,Life,Theft,1,4,14,1000,East,0
CLM103222,59,1.9,13703.46,779.17,0,75,Moderate,Auto,Natural,1,1,6,1500,South,0
CLM103223,49,14.3,1115.21,7203.94,2,2,Total Loss,Auto,Natural,0,4,11,2500,East,0
CLM103224,52,1.2,16872.49,7233.5,13,82,Minor,Auto,Theft,1,1,6,2500,Central,0
CLM103225,48,16.9,50668.83074995195,1303.41,19,61,Minor,Auto,Natural,1,4,4,2500,South,1
CLM103226,34,9.6,16856.0,3180.85,1,54,Total Loss,Auto,Medical,1,4,14,1000,East,0
CLM103227,64,2.3,3677.36,6765.46,6,25,Major,Life,Medical,1,3,6,500,West,0
CLM103228,26,14.3,5430.32,1464.06,6,12,Minor,Life,Accident,0,0,1,2500,North,0
CLM103229,27,10.0,5262.84,2505.71,3,6,Moderate,Health,Natural,1,4,1,2500,East,0
CLM103230,25,4.2,49308.28,5607.47,11,33,Moderate,Health,Natural,1,0,18,2000,South,0
CLM103231,38,0.8,2048.75,7864.24,11,21,Moderate,Property,Theft,1,0,8,1500,South,0
CLM103232,30,8.7,9399.23,6478.54,7,83,Total Loss,Property,Medical,0,4,1,1000,West,0
CLM103233,67,2.2,31748.7,6329.88,2,22,Moderate,Property,Fire,1,0,13,1000,East,0
CLM103234,22,2.3,23010.35,3069.97,13,47,Major,Life,Accident,1,1,14,2000,North,0
CLM103235,23,5.7,26926.88,5460.07,8,13,Total Loss,Health,Medical,0,2,11,2500,South,0
CLM103236,47,12.8,54791.37,1348.16,4,86,Minor,Health,Theft,1,1,18,2000,Central,0
CLM103237,48,10.8,19872.7242473736,7942.0,15,75,Total Loss,Life,Accident,0,4,14,500,Central,1
CLM103238,34,1.8,6558.46,4104.38,12,82,Moderate,Health,Fire,1,1,5,2500,East,0
CLM103239,28,19.4,1467.09,5291.06,14,38,Total Loss,Auto,Accident,1,2,9,1000,West,0
CLM103240,37,17.8,3438.13,7071.29,13,40,Total Loss,Health,Medical,1,1,9,1500,North,0
CLM103241,65,5.6,13383.55,507.24,1,35,Total Loss,Health,Fire,0,0,2,2000,East,0
CLM103242,26,2.9,3573.58,7819.87,8,5,Total Loss,Auto,Theft,1,4,8,2000,East,0
CLM103243,19,18.9,20994.43,3193.69,0,22,Major,Property,Accident,1,0,4,1000,North,0
CLM103244,54,9.5,1569.15,3046.93,10,9,Total Loss,Property,Medical,0,0,6,2500,South,0
CLM103245,18,6.6,5506.2,1587.98,7,84,Moderate,Property,Theft,1,4,18,2500,Central,0
CLM103246,21,10.1,18833.95,6936.38,5,59,Minor,Life,Fire,1,4,9,2500,South,0
CLM103247,53,15.6,5425.69,7031.3,11,29,Major,Auto,Accident,1,3,10,1500,West,0
CLM103248,71,3.8,36910.319275887276,649.92,2,90,Total Loss,Auto,Natural,1,2,5,1500,North,1
CLM103249,42,15.5,83319.94,917.94,13,4,Minor,Life,Medical,1,0,18,2500,South,0
CLM103250,20,15.1,24924.44,7387.56,3,78,Major,Auto,Medical,1,0,6,1500,East,0
CLM103251,26,11.0,7274.5,1421.51,2,56,Moderate,Health,Natural,1,4,15,2000,East,0
CLM103252,39,17.4,35627.83,5156.96,6,42,Moderate,Property,Theft,1,4,11,2500,West,0
CLM103253,40,3.1,1788.04,5147.38,6,51,Minor,Auto,Medical,1,1,17,1500,West,0
CLM103254,29,12.1,20365.13,7022.98,5,88,Total Loss,Auto,Theft,1,0,13,2000,North,0
CLM103255,27,9.3,1353.98,4794.91,13,76,Minor,Property,Fire,1,0,15,2000,South,0
CLM103256,51,8.7,3877.5,3755.09,9,5,Major,Life,Natural,1,4,5,1500,East,0
CLM103257,60,5.4,66833.64,7807.86,13,1,Minor,Property,Theft,1,0,0,2500,North,0
CLM103258,27,7.8,7715.06,2216.12,9,16,Minor,Life,Fire,1,2,12,2500,North,0
CLM103259,47,2.6,69895.28582503885,2470.39,13,90,Total Loss,Life,Accident,0,3,5,1500,East,1
CLM103260,39,5.4,8076.16,1135.77,7,11,Moderate,Health,Medical,1,4,5,1500,South,0
CLM103261,23,5.8,28491.39,7814.88,6,43,Total Loss,Property,Natural,1,4,5,500,Central,0
CLM103262,67,14.6,51475.68,5797.7,3,53,Moderate,Auto,Accident,0,0,11,2000,West,0
CLM103263,19,1.4,9578.19,590.73,6,77,Total Loss,Life,Accident,1,3,8,2500,South,0
CLM103264,47,13.2,13292.54,5782.36,14,6,Moderate,Health,Accident,0,3,19,1000,Central,0
CLM103265,19,4.8,15858.73,3531.02,0,89,Total Loss,Property,Theft,1,4,6,2000,Central,0
CLM103266,49,2.1,41962.45,7756.62,2,31,Moderate,Life,Medical,1,4,2,2500,East,0
CLM103267,59,6.4,5450.72,2580.41,1,28,Moderate,Health,Natural,1,4,14,500,Central,0
CLM103268,33,4.9,15172.26,5827.15,6,45,Moderate,Auto,Medical,1,2,1,2000,West,0
CLM103269,29,11.3,6889.42,5205.76,8,72,Moderate,Life,Medical,1,0,17,2000,North,0
CLM103270,18,7.5,4668.06,590.37,4,77,Total Loss,Life,Medical,1,2,0,2500,South,0
CLM103271,70,19.3,2331.16,7139.13,8,52,Major,Auto,Fire,1,4,0,1000,West,0
CLM103272,25,19.3,15541.85,1547.09,11,80,Moderate,Auto,Fire,1,3,10,1500,Central,0
CLM103273,65,9.2,33066.93,5476.92,12,24,Moderate,Auto,Fire,1,0,2,1000,North,0
CLM103274,67,16.0,11323.290767090059,6316.61,14,82,Moderate,Life,Fire,1,0,9,500,North,1
CLM103275,30,0.8,21347.440116177328,5231.96,6,66,Moderate,Health,Medical,0,4,11,2000,Central,1
CLM103276,32,11.2,31665.307432062273,1228.35,19,90,Moderate,Health,Medical,1,4,5,2500,West,1
CLM103277,70,15.0,9033.18,7813.84,10,82,Minor,Auto,Natural,1,4,6,2000,Central,0
CLM103278,61,4.7,36049.55,2276.13,1,80,Minor,Health,Natural,1,4,16,1500,South,0
CLM103279,25,1.7,7759.02,5208.99,5,5,Moderate,Auto,Natural,0,4,16,1000,North,0
CLM103280,27,3.5,3003.16,6478.84,4,75,Moderate,Auto,Natural,0,4,3,1000,East,0
CLM103281,63,9.1,3332.63,7544.27,14,37,Moderate,Property,Natural,0,0,0,500,North,0
CLM103282,22,10.4,52119.51150217332,5030.08,13,32,Major,Health,Fire,1,2,0,2500,Central,1
CLM103283,67,7.9,170067.8027253885,2442.91,12,46,Total Loss,Life,Medical,1,3,16,1500,Central,1
CLM103284,36,9.1,6114.93,6774.79,8,54,Moderate,Property,Natural,1,4,10,1500,East,0
CLM103285,64,9.7,3325.31,1724.15,13,46,Major,Auto,Theft,1,3,2,2500,East,0
CLM103286,55,15.5,10872.85,667.12,3,32,Major,Property,Natural,1,0,9,500,North,0
CLM103287,28,2.6,53254.22487540307,7311.12,11,29,Moderate,Auto,Natural,1,3,1,1500,Central,1
CLM103288,70,15.5,40030.19798160314,4815.42,9,85,Total Loss,Auto,Medical,1,0,15,500,North,1
CLM103289,60,13.9,46272.18,1022.31,2,58,Minor,Auto,Fire,0,1,15,2500,West,0
CLM103290,37,15.0,26537.93,4847.97,11,77,Moderate,Health,Accident,1,2,7,2500,Central,0
CLM103291,37,14.8,54051.268257256925,1587.61,5,42,Moderate,Auto,Medical,0,1,6,2500,North,1
CLM103292,38,9.7,12702.39,735.4,7,76,Minor,Auto,Fire,1,0,9,1500,Central,0
CLM103293,35,4.6,6946.28,1373.93,14,65,Total Loss,Health,Theft,1,1,3,2500,Central,0
CLM103294,74,11.0,51808.09363445732,6313.31,15,36,Minor,Health,Accident,1,0,8,1500,South,1
CLM103295,67,19.2,9671.93,6167.46,7,19,Moderate,Auto,Fire,1,1,4,500,North,0
CLM103296,27,12.0,6089.98,5032.39,10,70,Moderate,Health,Fire,1,0,6,2000,Central,0
CLM103297,51,0.7,3477.91,2069.96,11,74,Major,Life,Medical,1,2,3,500,East,0
CLM103298,43,1.7,12257.65,6042.25,2,68,Minor,Life,Fire,1,2,0,1500,East,0
CLM103299,47,19.9,39853.03775408924,3560.34,3,59,Major,Auto,Natural,1,2,11,1000,South,1
CLM103300,26,1.9,13617.25,4330.65,12,17,Major,Property,Fire,1,0,15,1000,Central,0
CLM103301,63,1.4,4702.099343646986,7232.31,11,90,Major,Health,Accident,1,3,15,2000,North,1
CLM103302,68,7.4,13659.11,3933.93,4,26,Major,Property,Fire,1,1,7,2500,North,0
CLM103303,48,19.4,3766.31,5197.75,7,41,Minor,Life,Theft,1,1,12,500,East,0
CLM103304,59,6.7,17346.91,7713.14,14,65,Minor,Auto,Natural,1,1,8,500,West,0
CLM103305,72,8.5,9415.58,3885.42,5,25,Minor,Life,Accident,1,1,9,1500,Central,0
CLM103306,21,12.9,29336.15,4705.46,3,22,Moderate,Health,Accident,1,2,7,2000,South,0
CLM103307,23,1.0,23594.13,4883.11,9,4,Total Loss,Health,Medical,1,3,0,2500,South,0
CLM103308,31,18.0,20331.09,2305.34,9,79,Major,Auto,Medical,1,1,2,2000,Central,0
CLM103309,21,10.6,19096.49,6026.92,11,10,Moderate,Health,Natural,0,3,4,1000,Central,0
CLM103310,43,9.6,13331.36,5949.78,14,18,Minor,Health,Accident,1,0,6,2000,South,0
CLM103311,64,17.3,1945.91,2101.68,11,79,Minor,Health,Theft,1,0,15,2500,South,0
CLM103312,65,19.1,16984.47,600.04,10,11,Moderate,Property,Fire,0,1,7,2500,North,0
CLM103313,56,8.8,10436.32,7992.06,1,1,Major,Auto,Fire,1,4,0,500,South,0
CLM103314,34,3.9,10510.58,4861.91,7,42,Minor,Auto,Fire,1,2,2,500,East,0
CLM103315,36,16.4,8146.9,1857.74,4,21,Major,Auto,Medical,0,1,5,2500,South,0
CLM103316,68,8.4,40691.12,2626.74,11,25,Major,Health,Accident,1,2,11,500,South,0
CLM103317,66,18.7,5304.26,5133.44,14,32,Total Loss,Health,Accident,0,1,14,500,East,0
CLM103318,23,19.0,15020.875590903093,1532.12,12,48,Minor,Health,Theft,0,2,16,500,East,1
CLM103319,46,2.7,50469.1,779.6,14,68,Moderate,Auto,Medical,1,4,17,2500,Central,0
CLM103320,28,19.2,25923.11,6488.6,4,20,Total Loss,Property,Theft,0,4,16,500,South,0
CLM103321,33,7.7,1212.8,5868.85,5,45,Major,Life,Accident,1,0,11,1000,East,0
CLM103322,47,13.1,36484.09,2822.01,12,17,Moderate,Auto,Fire,1,1,15,2500,North,0
CLM103323,42,1.2,4855.3,938.69,14,4,Total Loss,Auto,Medical,1,4,11,2000,West,0
CLM103324,57,17.8,19359.19,4147.03,9,7,Total Loss,Property,Medical,1,4,3,1500,East,0
CLM103325,28,13.0,13080.4,2571.4,13,84,Total Loss,Life,Medical,0,1,8,1500,West,0
CLM103326,24,13.0,31764.598598668865,3483.34,8,67,Major,Life,Fire,1,1,14,1000,South,1
CLM103327,43,18.1,19983.54,2554.77,10,4,Major,Health,Medical,1,0,4,2500,North,0
CLM103328,73,10.4,4482.41,1814.51,2,12,Minor,Life,Natural,1,4,10,2000,North,0
CLM103329,39,8.5,3597.9,3402.42,9,82,Total Loss,Health,Medical,0,2,17,2500,Central,0
CLM103330,42,17.4,16829.53,7736.71,7,65,Moderate,Auto,Fire,1,1,0,2000,Central,0
CLM103331,36,15.0,6149.6,2496.71,2,36,Major,Property,Medical,1,1,15,2000,South,0
CLM103332,48,19.0,55716.18,3019.75,3,89,Total Loss,Auto,Natural,1,1,17,2500,East,0
CLM103333,43,18.8,10008.84,2969.32,5,28,Moderate,Life,Natural,0,1,12,500,North,0
CLM103334,59,8.0,5855.221857475018,4102.17,4,78,Major,Auto,Medical,1,4,19,1500,South,1
CLM103335,58,9.2,18366.61,6826.29,13,31,Moderate,Property,Accident,0,2,15,500,South,0
CLM103336,53,5.5,18371.289028363175,3515.92,11,64,Moderate,Property,Accident,1,0,15,1500,East,1
CLM103337,40,13.4,3412.88,6546.11,4,1,Minor,Health,Theft,1,3,2,500,North,0
CLM103338,64,7.6,9244.1,1362.59,11,68,Major,Auto,Natural,0,4,17,2500,North,0
CLM103339,30,15.8,50956.45,7211.8,9,50,Major,Property,Accident,0,4,10,2500,North,0
CLM103340,42,2.9,20530.812896464795,1889.78,16,55,Major,Property,Theft,1,3,12,2000,Central,1
CLM103341,19,2.8,7400.34,794.01,4,82,Major,Property,Accident,0,3,1,1000,North,0
CLM103342,19,4.5,9818.54,1687.66,4,14,Minor,Property,Medical,1,1,2,2500,West,0
CLM103343,33,2.1,1182.85,1930.62,12,71,Minor,Life,Natural,0,2,0,1500,East,0
CLM103344,26,12.6,3142.5,4313.78,12,64,Total Loss,Auto,Accident,1,4,0,2000,North,0
CLM103345,45,3.4,29424.3,3874.54,1,37,Major,Auto,Medical,0,4,14,1500,East,0
CLM103346,30,3.6,58274.17,5869.06,10,85,Moderate,Auto,Theft,1,0,2,500,East,0
CLM103347,52,0.8,3578.59,882.13,12,16,Minor,Life,Medical,1,3,3,1000,West,0
CLM103348,58,15.8,12502.48,4232.8,14,79,Moderate,Life,Theft,0,3,11,2500,North,0
CLM103349,30,16.3,51868.75,2993.53,14,44,Moderate,Property,Accident,0,4,11,500,East,0
CLM103350,48,3.7,3554.38,5230.3,11,0,Moderate,Life,Fire,1,3,13,2000,North,0
CLM103351,38,14.9,4092.63,827.75,9,2,Total Loss,Health,Medical,1,1,10,1500,West,0
CLM103352,49,9.0,67700.42671588401,762.01,11,90,Total Loss,Life,Fire,0,0,5,1000,Central,1
CLM103353,71,5.2,19346.7,3704.39,2,51,Major,Property,Natural,0,4,13,2500,Central,0
CLM103354,51,12.6,3472.53,6585.05,11,52,Minor,Auto,Fire,0,0,1,1500,Central,0
CLM103355,25,4.0,8500.58,5533.21,6,2,Major,Life,Natural,1,1,2,2500,Central,0
CLM103356,58,15.3,1868.73,625.3,4,46,Total Loss,Auto,Accident,1,0,17,2500,South,0
CLM103357,65,1.4,9502.25,1838.54,9,74,Total Loss,Auto,Accident,1,3,7,1500,East,0
CLM103358,19,19.2,54107.37555731017,2200.49,11,90,Moderate,Health,Medical,1,4,1,2500,South,1
CLM103359,55,1.9,13110.61,3672.94,4,5,Major,Health,Fire,1,0,19,2000,North,0
CLM103360,49,11.8,16638.11,4900.37,14,45,Moderate,Life,Natural,0,2,15,1000,Central,0
CLM103361,71,18.1,6936.14,2123.45,3,60,Total Loss,Auto,Natural,1,4,13,500,North,0
CLM103362,57,0.7,3640.25,3368.86,9,42,Major,Property,Fire,1,0,18,1000,West,0
CLM103363,45,10.2,1198.05,4879.58,5,55,Major,Auto,Accident,1,4,19,500,East,0
CLM103364,54,7.3,63488.164396631764,3375.76,12,90,Minor,Auto,Accident,1,0,3,2000,West,1
CLM103365,58,11.8,16186.02,1573.77,6,19,Total Loss,Health,Natural,0,0,5,1000,East,0
CLM103366,18,4.9,4907.25,4187.46,10,46,Total Loss,Health,Medical,1,3,11,2000,West,0
CLM103367,58,1.8,9130.46,2929.96,11,53,Minor,Health,Accident,0,0,9,1500,West,0
CLM103368,27,12.7,25250.21,6981.41,14,40,Total Loss,Health,Theft,1,2,8,500,East,0
CLM103369,72,8.6,12605.61,6317.19,7,74,Moderate,Life,Natural,1,3,2,1500,North,0
CLM103370,21,12.6,6353.55,1927.06,4,65,Moderate,Life,Fire,1,2,0,1500,West,0
CLM103371,52,4.6,5662.92,1644.77,6,30,Moderate,Auto,Fire,0,2,13,1000,East,0
CLM103372,27,7.1,4681.11,3107.58,11,63,Major,Life,Natural,1,1,7,2500,East,0
CLM103373,64,11.5,27036.07,3591.31,13,89,Moderate,Property,Natural,0,2,17,2500,West,0
CLM103374,28,12.1,41258.026653504145,7490.14,16,87,Total Loss,Auto,Accident,0,0,11,2000,North,1
CLM103375,31,7.8,19524.58,2762.16,3,54,Minor,Auto,Natural,1,4,11,1000,Central,0
CLM103376,55,6.0,30504.6,7006.88,14,45,Moderate,Property,Natural,1,3,9,1500,South,0
CLM103377,29,5.8,65983.36,4289.82,8,23,Moderate,Auto,Theft,1,3,3,2000,Central,0
CLM103378,62,3.9,5304.91,7142.18,4,76,Major,Property,Fire,1,3,19,1500,West,0
CLM103379,34,6.8,3993.28,5764.65,2,88,Total Loss,Health,Accident,1,4,4,2000,West,0
CLM103380,33,4.4,10298.4,5812.92,4,36,Minor,Health,Medical,0,2,7,500,East,0
CLM103381,52,12.9,1535.52,4390.98,8,40,Total Loss,Health,Accident,0,1,18,2000,North,0
CLM103382,19,11.6,24532.93,6802.28,12,24,Moderate,Property,Fire,1,0,5,2000,North,0
CLM103383,28,8.0,33281.47,2408.19,12,28,Total Loss,Life,Medical,0,3,15,1500,West,0
CLM103384,58,6.9,18377.33,7305.13,10,30,Minor,Life,Natural,0,0,8,2500,North,0
CLM103385,20,5.1,12114.316323213847,5275.82,9,32,Moderate,Auto,Theft,0,2,10,1500,South,1
CLM103386,46,10.9,2971.38,3790.32,0,11,Total Loss,Health,Theft,1,1,2,1000,North,0
CLM103387,35,18.4,8222.5,7866.42,4,4,Minor,Health,Fire,1,3,13,1500,North,0
CLM103388,37,13.9,27876.6,6965.11,5,60,Moderate,Auto,Fire,1,2,4,2500,East,0
CLM103389,64,15.0,7411.7,6290.16,14,55,Moderate,Health,Theft,1,1,5,1000,West,0
CLM103390,31,16.8,1522.83,2554.27,12,77,Total Loss,Health,Medical,0,3,0,2500,North,0
CLM103391,51,7.4,16494.570776846707,7803.06,11,90,Major,Property,Medical,1,2,12,1000,West,1
CLM103392,66,1.7,138589.32848115594,6072.41,17,75,Major,Auto,Accident,1,0,8,1500,North,1
CLM103393,71,12.6,17936.17,5039.13,10,35,Minor,Property,Natural,1,4,2,2500,North,0
CLM103394,48,4.2,77700.17222356335,7413.49,3,90,Total Loss,Health,Medical,1,3,5,2500,North,1
CLM103395,57,11.6,58716.159850670876,1716.36,20,43,Minor,Health,Natural,1,1,19,500,East,1
CLM103396,59,14.9,35744.46165157335,1542.62,16,89,Total Loss,Auto,Fire,0,1,7,500,North,1
CLM103397,35,15.8,9087.00988727845,4727.85,10,55,Minor,Health,Medical,1,4,3,2000,Central,1
CLM103398,47,6.4,7430.5,925.35,13,84,Minor,Life,Medical,0,4,5,500,South,0
CLM103399,42,10.5,14146.69,5479.9,8,40,Total Loss,Property,Medical,0,2,11,2500,North,0
CLM103400,36,12.6,31676.45,2305.56,13,32,Major,Property,Accident,0,4,11,2000,Central,0
CLM103401,25,16.5,5693.46,1392.7,3,80,Minor,Life,Fire,1,3,6,1500,West,0
CLM103402,45,15.3,5092.861474449048,3571.22,8,41,Total Loss,Auto,Theft,0,4,15,2000,East,1
CLM103403,25,19.8,13274.95,3994.62,8,5,Total Loss,Auto,Accident,1,3,6,1000,West,0
CLM103404,48,0.7,3912.9,1778.64,1,65,Total Loss,Health,Accident,0,0,2,2000,East,0
CLM103405,20,9.0,27105.38016857694,811.51,18,32,Moderate,Auto,Medical,1,4,12,500,West,1
CLM103406,20,5.5,8954.002405124678,3605.42,11,90,Total Loss,Life,Accident,0,0,19,1500,West,1
CLM103407,61,2.8,12013.310227936714,6196.45,13,47,Total Loss,Auto,Theft,1,1,8,1000,South,1
CLM103408,39,18.3,8641.92,7056.5,9,22,Moderate,Health,Accident,1,4,10,2000,South,0
CLM103409,34,20.0,14491.2,1231.61,10,70,Moderate,Life,Accident,0,1,6,1500,South,0
CLM103410,53,4.0,12822.34,4435.07,10,20,Major,Health,Medical,1,0,14,500,West,0
CLM103411,34,1.2,5210.29,2475.52,1,0,Total Loss,Property,Fire,0,1,0,1500,East,0
CLM103412,31,5.9,34262.18,3309.75,13,45,Minor,Property,Theft,1,0,1,1500,South,0
CLM103413,68,16.8,2746.02,7500.81,12,61,Moderate,Auto,Medical,1,2,0,1000,East,0
CLM103414,26,6.2,1604.01,3140.56,10,1,Moderate,Life,Accident,0,0,14,2500,East,0
CLM103415,47,1.6,14846.19,3240.09,13,74,Major,Life,Theft,1,2,3,500,North,0
CLM103416,38,1.5,2975.69,2070.47,14,81,Major,Life,Natural,0,1,3,1000,Central,0
CLM103417,29,8.8,11544.65,7700.14,9,43,Major,Health,Accident,1,0,13,1000,West,0
CLM103418,54,18.7,46477.63,3923.66,2,87,Total Loss,Life,Fire,1,2,4,1000,Central,0
CLM103419,49,6.1,18988.77,4777.94,12,82,Total Loss,Auto,Accident,1,0,0,2500,West,0
CLM103420,28,8.8,15413.7,3898.76,6,4,Total Loss,Property,Fire,1,3,14,2500,East,0
CLM103421,37,2.5,13828.12,2396.89,1,38,Moderate,Auto,Natural,1,3,6,2000,Central,0
CLM103422,52,10.1,3968.34,6578.09,0,65,Major,Property,Medical,1,1,15,2000,North,0
CLM103423,70,14.1,9501.63,713.53,8,80,Moderate,Property,Medical,1,3,13,500,Central,0
CLM103424,64,5.8,15750.442919601834,5676.83,11,82,Minor,Auto,Medical,1,4,14,500,Central,1
CLM103425,63,6.3,46887.85,4957.05,8,74,Total Loss,Property,Theft,1,2,14,2500,North,0
CLM103426,28,16.9,5162.42,1582.1,11,12,Moderate,Property,Fire,1,4,19,2500,North,0
CLM103427,69,0.7,10566.15,1744.29,2,31,Minor,Health,Accident,1,3,0,2500,South,0
CLM103428,25,12.9,120227.58986423582,5444.19,7,56,Moderate,Auto,Theft,0,1,18,1000,West,1
CLM103429,21,8.2,24351.31,2841.04,9,7,Minor,Auto,Theft,0,4,6,2500,East,0
CLM103430,44,6.3,51079.78,2493.04,11,73,Moderate,Auto,Accident,1,1,17,1000,Central,0
CLM103431,61,13.3,44940.86093307681,943.67,4,90,Moderate,Property,Natural,1,0,14,1000,Central,1
CLM103432,57,16.8,7092.18,6248.62,1,58,Total Loss,Life,Medical,0,4,12,500,East,0
CLM103433,55,11.4,27286.62,7120.04,12,10,Moderate,Life,Natural,1,0,18,1500,North,0
CLM103434,64,1.1,6168.15,6648.83,10,27,Moderate,Property,Natural,1,4,17,2000,North,0
CLM103435,47,9.5,3700.77,3995.26,5,38,Major,Life,Medical,1,2,3,2000,Central,0
CLM103436,61,9.5,19377.38,4504.67,2,25,Moderate,Life,Natural,1,1,17,500,Central,0
CLM103437,65,11.1,16281.32,2317.07,4,71,Total Loss,Property,Theft,1,0,3,500,East,0
CLM103438,65,13.6,92067.55432457049,1796.41,15,56,Moderate,Auto,Accident,0,3,15,2500,East,1
CLM103439,44,0.9,78532.64197322981,6672.51,16,57,Total Loss,Health,Theft,1,4,13,2500,West,1
CLM103440,38,10.3,30194.4,6487.58,4,45,Major,Auto,Theft,1,0,13,2500,North,0
CLM103441,69,12.0,1928.48,6330.2,9,27,Total Loss,Auto,Fire,1,4,6,1000,South,0
CLM103442,37,7.2,17382.6,3975.19,2,6,Major,Auto,Medical,1,4,12,1000,South,0
CLM103443,21,13.5,70108.03539901474,6983.81,8,66,Major,Health,Medical,0,4,13,2500,East,1
CLM103444,28,4.9,101256.81600686259,7446.74,2,82,Major,Auto,Theft,1,0,9,1000,West,1
CLM103445,30,6.7,8041.93,2962.58,5,21,Major,Life,Medical,0,0,12,500,Central,0
CLM103446,26,19.3,8233.438533153325,2185.21,8,49,Major,Health,Fire,1,4,5,2500,East,1
CLM103447,21,7.3,29753.01,3981.97,14,2,Total Loss,Life,Accident,0,3,10,2000,East,0
CLM103448,29,7.3,6729.16,1844.95,0,45,Major,Health,Natural,0,1,5,2000,East,0
CLM103449,26,12.1,14677.08,7130.02,12,49,Major,Life,Medical,1,4,10,1000,South,0
CLM103450,30,19.4,8411.86,3034.93,13,7,Major,Auto,Theft,1,3,18,2000,East,0
CLM103451,65,19.7,8720.65,4821.29,13,3,Major,Auto,Medical,1,1,16,2500,West,0
CLM103452,43,11.8,20777.54,4960.4,12,14,Major,Auto,Theft,1,4,2,2000,South,0
CLM103453,55,0.5,7728.92,4362.41,9,43,Minor,Life,Natural,0,1,0,500,West,0
CLM103454,59,18.1,36423.73643164132,1673.94,13,65,Moderate,Life,Medical,1,4,15,1000,South,1
CLM103455,30,11.6,1216.48,7932.5,10,75,Moderate,Property,Natural,1,0,11,2000,West,0
CLM103456,56,7.6,6887.81,1794.52,0,28,Major,Life,Theft,1,4,13,1000,North,0
CLM103457,45,16.7,6763.86,6136.31,4,72,Major,Health,Fire,1,4,17,500,North,0
CLM103458,36,8.3,21724.69,6435.22,4,61,Minor,Auto,Fire,0,4,2,2000,South,0
CLM103459,41,1.2,6665.35,1588.73,14,83,Major,Health,Accident,1,4,7,2500,North,0
CLM103460,36,16.5,16049.28,7498.73,1,33,Minor,Property,Theft,1,3,17,1500,Central,0
CLM103461,66,11.1,18496.51,4158.19,13,25,Moderate,Property,Theft,0,2,15,2000,West,0
CLM103462,30,7.1,17112.84,5216.62,13,84,Total Loss,Life,Theft,1,3,14,500,South,0
CLM103463,30,5.4,14868.39,5316.4,12,86,Moderate,Auto,Fire,0,3,1,1500,North,0
CLM103464,45,12.1,9006.73,4287.16,0,17,Total Loss,Health,Fire,1,0,15,2000,South,0
CLM103465,70,4.6,8009.43,1565.17,5,62,Total Loss,Property,Fire,0,4,9,1000,Central,0
CLM103466,19,6.8,13471.8,6138.15,14,51,Total Loss,Property,Medical,1,3,10,500,South,0
CLM103467,27,12.9,1987.34,4863.39,6,53,Major,Health,Medical,1,1,18,2000,South,0
CLM103468,39,17.7,56012.985183568635,1390.1,15,90,Minor,Property,Fire,0,4,18,500,East,1
CLM103469,30,10.9,27171.58,5752.41,10,41,Total Loss,Health,Natural,1,0,9,2500,East,0
CLM103470,26,15.3,7378.55,5770.72,8,53,Minor,Auto,Medical,0,0,16,1500,East,0
CLM103471,50,15.4,13549.0,4613.65,7,51,Moderate,Life,Medical,1,1,0,1500,East,0
CLM103472,31,13.5,41374.03,1179.12,9,12,Total Loss,Health,Medical,1,0,6,2500,West,0
CLM103473,65,5.3,5754.33,3144.83,2,31,Moderate,Auto,Medical,1,4,15,1500,Central,0
CLM103474,37,17.4,37506.120404987545,881.93,15,90,Minor,Health,Accident,0,2,10,1500,South,1
CLM103475,32,9.0,4633.699591482881,4081.97,3,90,Minor,Property,Medical,0,2,17,2500,Central,1
CLM103476,49,1.4,18634.41997213382,7298.35,16,78,Moderate,Auto,Natural,1,3,0,1000,South,1
CLM103477,50,5.3,33308.48,516.9,5,81,Minor,Health,Accident,1,0,1,1500,East,0
CLM103478,34,15.4,13034.7,2499.79,12,57,Moderate,Auto,Medical,0,4,1,1000,West,0
CLM103479,41,1.8,15366.57,6498.94,13,38,Minor,Health,Theft,1,1,5,500,South,0
CLM103480,47,3.4,36730.8,573.96,9,26,Major,Health,Accident,1,1,7,500,South,0
CLM103481,30,14.0,19847.98,576.3,1,77,Moderate,Auto,Medical,0,4,19,1500,North,0
CLM103482,64,17.9,18854.48,5081.14,9,53,Total Loss,Auto,Natural,1,4,13,500,West,0
CLM103483,65,12.9,22744.670620902245,6419.0,14,90,Total Loss,Auto,Fire,1,1,19,2500,West,1
CLM103484,33,4.8,16035.44,6323.79,8,71,Total Loss,Property,Medical,1,0,7,1500,West,0
CLM103485,19,1.5,25422.08,6346.84,7,72,Minor,Life,Theft,0,3,16,2500,Central,0
CLM103486,34,12.5,59115.91,3207.55,12,84,Moderate,Health,Natural,1,3,4,1000,East,0
CLM103487,49,1.4,24795.0,7120.43,10,42,Minor,Health,Accident,0,3,2,2000,North,0
CLM103488,60,12.4,19441.25,596.27,6,51,Total Loss,Auto,Natural,0,4,17,2000,Central,0
CLM103489,25,4.9,3184.84,2841.42,13,13,Major,Health,Medical,1,1,9,1500,East,0
CLM103490,69,18.1,26480.63,3028.91,5,7,Total Loss,Life,Theft,0,1,3,2500,South,0
CLM103491,20,9.8,20976.77,1741.78,1,34,Total Loss,Life,Natural,0,1,9,2000,North,0
CLM103492,29,4.9,59331.2700446812,3021.69,18,53,Total Loss,Health,Natural,1,1,17,1500,Central,1
CLM103493,37,17.1,12054.896909288938,4894.13,5,87,Major,Health,Fire,1,1,12,2000,North,1
CLM103494,33,5.5,36064.43,4402.09,9,77,Major,Auto,Fire,1,2,16,2000,East,0
CLM103495,31,6.5,2535.17,2895.71,6,51,Moderate,Life,Medical,1,4,13,500,Central,0
CLM103496,33,16.8,8884.432247552713,6119.96,15,90,Major,Health,Accident,1,4,18,1500,Central,1
CLM103497,70,6.5,37203.993616890926,5860.93,16,69,Moderate,Life,Accident,1,2,17,2000,North,1
CLM103498,66,8.5,17799.74,2605.22,5,7,Major,Health,Theft,0,3,7,1500,South,0
CLM103499,60,7.3,6638.4,2924.21,8,36,Moderate,Property,Medical,1,0,17,500,South,0
CLM103500,66,2.8,19135.77,2656.4,12,65,Total Loss,Life,Accident,0,4,15,1500,South,0
CLM103501,68,1.3,20169.453102473733,1466.38,16,90,Major,Property,Natural,1,4,10,500,East,1
CLM103502,71,14.6,1650.7954401859624,6145.86,8,90,Minor,Auto,Medical,1,2,16,2000,North,1
CLM103503,50,13.1,3661.91,847.07,11,77,Minor,Life,Natural,0,4,17,2000,East,0
CLM103504,47,6.0,98012.7546429562,1629.35,13,57,Moderate,Health,Theft,1,4,18,2000,East,1
CLM103505,29,6.3,4778.82,1289.78,5,72,Major,Health,Medical,1,3,17,500,South,0
CLM103506,32,18.9,7755.78253327197,6690.04,15,53,Major,Property,Theft,1,2,13,1000,South,1
CLM103507,35,19.8,18195.02,830.06,5,19,Minor,Life,Fire,1,4,16,500,South,0
CLM103508,45,9.7,17886.27886309254,5484.7,18,59,Major,Life,Theft,1,1,7,500,North,1
CLM103509,40,16.1,24888.04,833.56,7,11,Major,Life,Fire,1,2,14,2500,North,0
CLM103510,31,14.9,30647.31,6398.33,7,41,Moderate,Auto,Medical,1,3,16,2000,South,0
CLM103511,47,6.3,29060.96,7345.36,5,85,Total Loss,Life,Natural,1,0,10,2000,East,0
CLM103512,50,1.6,15108.55895262808,4151.32,9,62,Minor,Auto,Natural,1,4,5,2500,North,1
CLM103513,62,3.3,26153.467939362057,6534.06,11,65,Total Loss,Health,Natural,0,1,18,1000,Central,1
CLM103514,32,16.8,33528.87177800734,5798.08,4,86,Major,Property,Theft,1,1,15,1500,East,1
CLM103515,24,14.8,18024.17058856533,6467.26,11,90,Major,Property,Medical,0,0,11,2000,East,1
CLM103516,32,13.5,1629.52,6250.81,10,52,Moderate,Life,Medical,1,2,14,2000,West,0
CLM103517,69,3.0,11267.7,2040.26,14,39,Total Loss,Property,Fire,1,3,10,500,North,0
CLM103518,59,13.0,1193.52,4246.69,9,72,Total Loss,Life,Medical,1,4,6,1000,Central,0
CLM103519,63,15.6,46130.93,7703.11,9,38,Moderate,Health,Natural,1,4,9,1000,North,0
CLM103520,55,17.3,24894.88,3076.5,12,9,Total Loss,Health,Medical,0,4,18,1000,East,0
CLM103521,63,0.8,4198.08,7778.65,9,28,Moderate,Health,Fire,1,1,4,1000,North,0
CLM103522,73,13.8,6086.14,4873.71,4,39,Moderate,Property,Medical,1,2,16,2500,East,0
CLM103523,74,0.9,61976.34,3962.09,9,29,Major,Life,Medical,1,0,18,500,Central,0
CLM103524,71,14.3,8015.26,5433.18,13,1,Major,Auto,Natural,1,2,3,2500,East,0
CLM103525,61,12.9,23967.88,6618.79,8,81,Major,Health,Medical,1,3,0,2500,South,0
CLM103526,28,3.4,24578.161039788592,3456.56,9,59,Moderate,Health,Theft,1,3,13,1500,East,1
CLM103527,46,15.4,30937.09,747.16,6,46,Major,Auto,Fire,1,0,16,500,South,0
CLM103528,48,1.8,53824.941159717324,5816.05,15,50,Minor,Auto,Fire,0,1,13,1000,Central,1
CLM103529,42,16.6,1347.65,7671.25,14,87,Minor,Property,Fire,0,0,5,500,Central,0
CLM103530,69,5.6,6230.39,5187.4,1,77,Major,Health,Medical,1,3,4,1000,East,0
CLM103531,71,13.9,13246.42,1913.11,7,88,Moderate,Property,Theft,1,1,2,1500,South,0
CLM103532,41,18.5,40090.67,2361.82,2,88,Minor,Health,Fire,0,2,14,2000,East,0
CLM103533,74,7.1,2614.28,7323.13,14,31,Major,Property,Accident,0,3,6,2500,Central,0
CLM103534,36,10.3,14788.02,601.72,8,26,Minor,Property,Natural,1,1,10,1500,South,0
CLM103535,19,9.5,6396.84,4615.6,14,53,Minor,Auto,Accident,0,1,9,2500,West,0
CLM103536,39,3.6,34017.74,1690.08,5,55,Minor,Life,Accident,0,4,13,1000,West,0
CLM103537,37,12.0,22733.38,2620.73,8,30,Total Loss,Life,Fire,0,2,2,1000,Central,0
CLM103538,50,15.0,7923.46,2802.36,14,23,Minor,Life,Accident,1,1,13,1500,South,0
CLM103539,25,18.4,3742.68,2144.62,8,34,Major,Health,Accident,0,0,16,2000,East,0
CLM103540,42,17.1,1173.47,6442.64,6,29,Minor,Auto,Theft,1,2,3,2000,Central,0
CLM103541,63,10.4,23456.945492935698,2991.57,16,69,Major,Auto,Natural,1,2,5,2500,Central,1
CLM103542,26,14.5,8816.27,3091.14,11,63,Minor,Auto,Medical,1,3,19,1000,North,0
CLM103543,51,16.1,6669.72,3897.55,7,32,Minor,Health,Fire,0,2,4,1000,East,0
CLM103544,74,10.1,155202.83395590907,7267.21,5,65,Total Loss,Property,Fire,0,2,9,2000,East,1
CLM103545,40,2.8,10414.38,5661.3,4,32,Minor,Property,Accident,0,4,6,1000,West,0
CLM103546,22,9.0,21784.78,963.12,14,67,Major,Life,Medical,1,2,14,1000,North,0
CLM103547,72,16.9,3929.5,794.46,2,63,Total Loss,Life,Medical,1,1,17,1500,East,0
CLM103548,42,12.1,1203.2,4747.92,0,29,Total Loss,Health,Medical,0,0,0,2000,East,0
CLM103549,25,14.6,9108.0,7152.95,12,78,Minor,Health,Fire,1,4,3,2000,West,0
CLM103550,33,4.1,52113.105334857035,2924.39,9,44,Minor,Life,Fire,0,4,10,500,North,1
CLM103551,71,19.3,11596.49,2358.29,12,61,Moderate,Property,Theft,1,4,9,2000,North,0
CLM103552,65,8.4,34172.84,6111.43,11,29,Minor,Property,Fire,1,4,12,2000,South,0
CLM103553,62,13.2,9536.87,5015.69,14,11,Moderate,Auto,Fire,1,3,18,500,Central,0
CLM103554,69,0.9,6587.77,4737.71,8,66,Major,Life,Theft,1,4,9,1000,South,0
CLM103555,32,3.0,38162.77,1619.76,1,14,Minor,Life,Fire,0,3,17,1000,North,0
CLM103556,18,15.7,8833.41,1819.71,8,9,Minor,Property,Accident,1,3,8,2500,West,0
CLM103557,39,19.4,5713.43,2613.41,7,85,Moderate,Auto,Accident,1,2,8,1000,South,0
CLM103558,20,6.7,2541.48,2051.29,10,60,Moderate,Life,Theft,0,0,19,2000,West,0
CLM103559,55,1.2,24648.01,7785.84,8,22,Total Loss,Property,Theft,1,2,11,2500,North,0
CLM103560,71,7.5,27152.38,639.58,4,10,Total Loss,Property,Accident,1,3,13,2500,West,0
CLM103561,31,0.8,4047.1000590170383,5195.42,17,34,Minor,Property,Medical,1,2,1,1000,South,1
CLM103562,53,4.3,7662.6,4381.99,1,48,Major,Auto,Fire,1,1,9,2500,North,0
CLM103563,35,15.2,21787.0,2924.38,9,79,Total Loss,Auto,Natural,1,4,17,500,North,0
CLM103564,64,18.8,44888.01,7156.92,9,13,Total Loss,Property,Natural,1,4,5,2500,South,0
CLM103565,58,2.2,8117.85,5526.22,5,5,Total Loss,Auto,Theft,0,3,1,1500,Central,0
CLM103566,35,11.4,31842.14,7987.66,6,41,Moderate,Auto,Natural,1,2,16,500,South,0
CLM103567,20,5.5,8506.21,1764.92,2,16,Minor,Auto,Medical,1,1,17,2000,South,0
CLM103568,27,3.2,3967.52,1159.01,13,41,Moderate,Auto,Natural,0,1,17,1000,East,0
CLM103569,66,4.8,2120.886900592676,1545.48,7,30,Major,Health,Accident,1,1,13,1000,North,1
CLM103570,56,11.8,7011.22,2519.68,5,45,Moderate,Life,Theft,1,3,10,1500,East,0
CLM103571,64,1.8,8133.69,3625.9,7,83,Minor,Life,Natural,1,2,18,1000,East,0
CLM103572,18,9.0,77236.34308291978,6969.52,3,78,Moderate,Auto,Fire,1,1,15,2000,East,1
CLM103573,44,3.1,9558.189604294395,2626.94,9,39,Major,Property,Theft,0,1,7,2500,West,1
CLM103574,74,5.8,17571.069535570536,7364.32,17,90,Minor,Life,Medical,0,2,17,1000,South,1
CLM103575,44,4.2,1382.14,3971.81,0,38,Minor,Auto,Accident,1,2,2,2000,East,0
CLM103576,28,17.7,22629.63,5353.03,7,1,Minor,Life,Natural,1,4,3,500,West,0
CLM103577,66,14.3,38001.51,2483.06,1,67,Minor,Property,Accident,0,0,4,2000,West,0
CLM103578,22,17.4,5073.6,1670.1,7,51,Major,Auto,Medical,1,0,3,1500,North,0
CLM103579,24,8.0,9405.36,7020.93,2,87,Minor,Property,Natural,1,1,6,2000,South,0
CLM103580,36,6.6,2953.55,1321.3,7,81,Major,Life,Theft,0,2,19,1000,Central,0
CLM103581,74,7.9,24148.012582702417,6305.16,9,25,Major,Health,Theft,1,4,5,2500,South,1
CLM103582,73,0.9,3146.67,4857.38,0,36,Moderate,Property,Fire,1,3,16,2000,West,0
CLM103583,46,14.6,19372.346708949175,6958.53,9,90,Moderate,Auto,Medical,1,0,13,1500,South,1
CLM103584,32,7.3,20899.0,5883.64,12,71,Minor,Auto,Natural,1,0,4,500,North,0
CLM103585,52,6.6,13089.46,2612.48,6,21,Total Loss,Property,Accident,1,2,14,1500,South,0
CLM103586,64,12.2,5219.93,4808.21,5,51,Total Loss,Health,Accident,1,3,9,500,West,0
CLM103587,54,9.0,7549.6,598.05,14,4,Minor,Life,Natural,0,0,1,2000,West,0
CLM103588,72,19.6,16265.42,4064.14,0,1,Major,Life,Medical,1,4,11,2500,East,0
CLM103589,29,7.4,14365.03,1145.1,4,4,Moderate,Life,Medical,1,0,10,1500,West,0
CLM103590,47,12.5,6671.3993745999605,3717.09,6,65,Minor,Life,Accident,0,2,6,2500,North,1
CLM103591,37,6.6,28960.06,1322.09,0,18,Minor,Life,Natural,1,2,6,2000,West,0
CLM103592,54,19.8,10670.75,7666.1,5,3,Major,Auto,Natural,0,3,18,2500,South,0
CLM103593,20,9.2,3657.67,4423.01,7,86,Moderate,Auto,Accident,1,0,6,2500,Central,0
CLM103594,26,12.9,2965.76,7349.13,0,45,Total Loss,Property,Natural,1,3,13,1500,West,0
CLM103595,58,3.0,51524.47,667.75,1,82,Total Loss,Property,Natural,1,0,11,2000,North,0
CLM103596,56,14.8,5959.58,5282.4,14,25,Minor,Life,Theft,1,1,9,2500,North,0
CLM103597,43,5.7,36886.59,2802.16,4,49,Minor,Life,Theft,0,0,4,500,North,0
CLM103598,19,9.2,8929.38,3738.72,7,25,Minor,Life,Fire,1,2,6,1000,North,0
CLM103599,40,17.7,8314.49,7048.16,10,70,Minor,Health,Fire,1,2,5,500,South,0
CLM103600,40,19.4,19106.11,7850.16,3,31,Minor,Property,Medical,0,1,19,2500,East,0
CLM103601,38,8.8,1148.99,2348.69,14,43,Total Loss,Auto,Theft,1,0,1,2000,Central,0
CLM103602,33,16.8,7189.37,7611.9,13,25,Minor,Life,Theft,1,0,12,500,East,0
CLM103603,26,1.5,6406.93,5665.45,4,60,Moderate,Property,Theft,1,2,15,2000,East,0
CLM103604,30,17.0,31385.45,7635.6,9,87,Major,Health,Theft,1,1,7,500,East,0
CLM103605,45,12.8,12297.39,4717.75,4,50,Total Loss,Health,Medical,1,2,12,2000,South,0
CLM103606,44,10.0,21706.099809752865,7705.67,6,90,Major,Life,Accident,1,1,13,2500,Central,1
CLM103607,68,17.9,5640.31,7193.42,5,86,Major,Auto,Medical,1,2,4,1500,West,0
CLM103608,69,17.0,35484.07287284782,1464.44,10,50,Minor,Property,Accident,1,4,2,500,West,1
CLM103609,34,6.3,7461.874872825393,2830.92,17,36,Major,Auto,Fire,1,0,13,2000,Central,1
CLM103610,55,15.9,5239.52,2322.97,1,44,Moderate,Life,Theft,0,3,12,500,Central,0
CLM103611,53,2.4,6213.86,4790.74,13,30,Minor,Life,Accident,1,4,16,2000,North,0
CLM103612,18,16.5,15043.92,6521.0,9,69,Total Loss,Health,Medical,1,2,8,2000,East,0
CLM103613,35,13.7,8008.23,6195.59,13,44,Moderate,Health,Accident,1,1,6,1500,North,0
CLM103614,68,2.2,11571.72,5950.62,3,30,Total Loss,Property,Natural,1,3,17,2000,South,0
CLM103615,26,13.8,16766.13,3314.49,10,60,Minor,Life,Fire,0,1,10,500,South,0
CLM103616,30,11.8,47946.36,1547.28,3,47,Minor,Life,Fire,1,1,15,2500,Central,0
CLM103617,57,12.1,44637.92638024968,2079.38,13,78,Total Loss,Property,Theft,1,0,17,1000,South,1
CLM103618,72,6.2,8794.38,6062.58,14,59,Major,Auto,Theft,0,2,6,2000,Central,0
CLM103619,62,5.7,21691.29,1606.51,6,60,Total Loss,Health,Medical,1,0,3,1000,West,0
CLM103620,32,15.4,45844.52,2172.1,8,51,Moderate,Life,Accident,0,1,18,2500,East,0
CLM103621,60,5.5,11378.64,3684.14,14,51,Major,Life,Natural,1,0,10,1000,South,0
CLM103622,61,9.2,8927.13,1040.84,9,75,Minor,Auto,Fire,1,4,12,2000,North,0
CLM103623,63,14.0,4258.711757202262,2095.19,15,90,Moderate,Auto,Accident,1,1,5,500,South,1
CLM103624,21,2.1,34435.89,1623.26,1,61,Moderate,Auto,Natural,1,1,12,1500,East,0
CLM103625,50,12.1,5244.09,7634.91,5,25,Minor,Health,Accident,0,4,1,2000,South,0
CLM103626,41,12.0,1991.42,1936.44,1,66,Major,Property,Theft,1,1,13,2000,Central,0
CLM103627,53,13.8,32932.393378079185,6963.27,12,90,Minor,Life,Fire,0,3,12,1500,South,1
CLM103628,68,7.7,29052.27,1360.99,1,48,Moderate,Health,Natural,1,3,4,1500,West,0
CLM103629,58,9.3,8829.18,7022.55,5,87,Moderate,Auto,Theft,0,2,2,1500,West,0
CLM103630,27,6.9,23922.53,4995.75,7,43,Moderate,Life,Medical,1,2,3,1500,South,0
CLM103631,53,16.3,28154.6,6872.79,5,35,Minor,Life,Medical,0,0,13,1500,North,0
CLM103632,37,3.0,10088.14,7005.12,11,52,Total Loss,Health,Theft,0,0,17,2000,South,0
CLM103633,58,19.3,14408.95,4972.8,14,43,Moderate,Auto,Natural,1,4,10,1000,Central,0
CLM103634,62,12.9,12450.72,7382.71,2,21,Moderate,Auto,Natural,0,4,18,500,Central,0
CLM103635,61,17.8,43001.46,4890.86,4,1,Major,Property,Fire,1,1,1,2000,Central,0
CLM103636,28,8.8,43701.22646108691,5844.24,10,36,Total Loss,Auto,Theft,0,2,1,2500,North,1
CLM103637,29,7.0,39922.73,3620.6,0,15,Major,Health,Medical,1,2,2,2000,West,0
CLM103638,35,18.1,4727.11,7355.51,4,87,Moderate,Property,Theft,1,2,15,2000,Central,0
CLM103639,47,2.4,6571.11,6681.22,9,43,Total Loss,Property,Accident,1,2,0,1000,Central,0
CLM103640,61,2.8,2103.3,1750.35,11,64,Major,Property,Natural,1,0,9,1500,South,0
CLM103641,65,6.3,21300.094331255925,4822.91,10,90,Minor,Property,Accident,1,3,5,2500,West,1
CLM103642,54,19.2,32063.02,7226.2,6,70,Major,Property,Medical,1,4,16,1000,Central,0
CLM103643,37,12.8,6936.73,6447.98,14,68,Total Loss,Health,Natural,0,4,18,500,Central,0
CLM103644,42,11.3,3059.34,7719.15,11,60,Major,Life,Medical,0,2,11,2500,South,0
CLM103645,29,14.3,2063.52,2234.76,6,29,Total Loss,Auto,Medical,1,2,19,2500,South,0
CLM103646,38,8.6,9899.54,3255.95,1,41,Total Loss,Life,Medical,0,0,15,1000,East,0
CLM103647,42,15.3,3687.29,4303.94,13,73,Major,Life,Fire,1,0,1,2500,South,0
CLM103648,28,8.2,7372.11,2245.02,3,24,Major,Auto,Medical,1,4,14,2000,South,0
CLM103649,26,16.6,72654.66960112963,3455.34,2,90,Minor,Auto,Medical,1,2,18,2000,East,1
CLM103650,67,5.7,8268.78,4531.54,12,70,Major,Life,Accident,0,2,0,1500,Central,0
CLM103651,42,5.9,15119.16,1935.04,4,56,Total Loss,Auto,Accident,1,4,5,1000,South,0
CLM103652,52,10.7,21759.87496347525,2425.16,8,47,Moderate,Property,Accident,0,0,17,2000,North,1
CLM103653,69,8.9,20016.12,1436.32,3,49,Major,Auto,Natural,1,4,18,2500,East,0
CLM103654,49,13.1,3546.97,5850.36,9,74,Major,Auto,Fire,1,0,2,2500,East,0
CLM103655,66,7.6,38968.85,3211.64,11,9,Total Loss,Property,Natural,0,0,4,2000,Central,0
CLM103656,31,5.0,16476.9,2152.0,11,21,Moderate,Property,Fire,1,0,2,1000,South,0
CLM103657,18,9.7,5740.27,4304.93,6,40,Minor,Property,Fire,1,2,6,1000,North,0
CLM103658,34,11.4,2973.06,1011.87,5,46,Moderate,Auto,Theft,1,4,6,500,Central,0
CLM103659,42,3.3,5481.235430239438,7425.55,18,43,Total Loss,Property,Theft,1,0,0,1000,South,1
CLM103660,25,11.4,23894.59,2708.51,9,2,Total Loss,Property,Theft,0,3,12,2000,Central,0
CLM103661,22,6.7,14304.99,7148.48,2,87,Total Loss,Health,Fire,1,0,12,500,East,0
CLM103662,22,8.2,8188.89,4232.15,1,77,Total Loss,Health,Fire,1,0,14,2500,East,0
CLM103663,58,5.9,7072.25,6876.13,14,52,Moderate,Auto,Natural,0,0,18,2000,South,0
CLM103664,52,18.7,30043.94,2352.98,3,15,Moderate,Property,Fire,1,1,6,1500,Central,0
CLM103665,36,13.8,32163.15,1814.53,8,60,Moderate,Auto,Medical,1,3,16,1500,South,0
CLM103666,40,5.6,32643.820521483947,6870.59,15,57,Major,Health,Medical,1,2,9,1000,West,1
CLM103667,26,13.1,12152.22,2096.93,4,34,Total Loss,Health,Fire,0,4,18,500,South,0
CLM103668,71,17.0,26428.86,6096.47,0,1,Major,Property,Medical,1,4,17,500,West,0
CLM103669,47,8.3,21754.58,3084.38,10,60,Major,Auto,Fire,1,4,7,2500,East,0
CLM103670,67,16.7,8670.52,6111.45,2,55,Major,Health,Theft,0,2,7,1000,North,0
CLM103671,33,3.5,2295.44,7307.35,8,54,Minor,Life,Fire,1,0,8,500,East,0
CLM103672,50,16.5,22947.64,7862.29,6,17,Major,Property,Theft,1,3,12,2000,North,0
CLM103673,19,11.0,3771.49,3198.57,2,70,Total Loss,Auto,Accident,0,4,12,2500,Central,0
CLM103674,31,4.8,1247.69,3256.44,0,48,Major,Life,Medical,1,1,1,500,North,0
CLM103675,63,8.4,28801.59,7860.41,3,41,Total Loss,Property,Accident,0,1,6,1500,Central,0
CLM103676,18,19.8,13950.28,6961.46,8,6,Minor,Property,Medical,1,3,6,1500,West,0
CLM103677,43,15.8,34338.05,838.19,11,3,Moderate,Health,Accident,1,4,19,500,Central,0
CLM103678,42,11.7,20992.760851421463,4800.87,12,73,Total Loss,Auto,Fire,0,0,0,1500,South,1
CLM103679,33,2.7,40153.19,1859.34,4,79,Major,Health,Accident,1,4,13,2000,South,0
CLM103680,32,8.6,7553.68,7955.09,12,58,Total Loss,Life,Medical,1,0,5,2500,South,0
CLM103681,43,5.6,20338.71,1541.92,10,48,Major,Life,Natural,1,4,12,2000,East,0
CLM103682,64,1.9,6371.28,4695.11,13,59,Moderate,Life,Medical,1,1,0,1500,South,0
CLM103683,61,11.1,1017.47,5488.99,5,5,Total Loss,Life,Natural,0,2,19,500,Central,0
CLM103684,33,17.8,8164.36,7527.98,0,19,Major,Life,Fire,0,3,2,500,Central,0
CLM103685,31,13.7,21077.74,6854.44,6,30,Total Loss,Auto,Medical,0,0,14,2500,Central,0
CLM103686,46,5.4,5182.500904722856,2343.16,13,90,Moderate,Auto,Accident,0,2,17,1500,South,1
CLM103687,41,11.7,11541.96,4794.68,4,21,Moderate,Property,Fire,1,0,9,1500,West,0
CLM103688,64,18.9,4579.98,7651.8,6,84,Moderate,Property,Medical,1,3,14,1500,West,0
CLM103689,72,14.6,2163.33,6017.88,4,81,Total Loss,Auto,Fire,1,2,7,1000,East,0
CLM103690,32,13.9,34716.4628781975,5662.52,11,69,Total Loss,Property,Natural,1,2,4,500,Central,1
CLM103691,36,19.4,46538.2,6161.76,2,46,Major,Health,Fire,0,3,8,1500,Central,0
CLM103692,25,16.1,6581.27,2918.8,4,33,Moderate,Auto,Accident,1,3,0,2500,East,0
CLM103693,51,3.2,14035.59,5969.39,7,26,Major,Health,Medical,0,0,18,1000,Central,0
CLM103694,19,7.3,47057.93,2246.41,13,43,Total Loss,Life,Natural,0,2,7,1500,North,0
CLM103695,44,19.3,16768.06,3710.77,7,29,Minor,Life,Fire,1,3,4,500,East,0
CLM103696,27,10.0,50505.09644121552,7174.47,8,43,Moderate,Property,Theft,1,0,17,1000,Central,1
CLM103697,52,2.7,3957.18,642.28,10,26,Major,Auto,Natural,1,4,8,2000,East,0
CLM103698,40,9.4,27565.02500565357,3607.39,5,90,Moderate,Life,Natural,0,3,0,2500,North,1
CLM103699,66,14.1,7861.23,2501.16,1,22,Major,Property,Accident,1,2,18,500,North,0
CLM103700,25,20.0,10550.28,1989.42,10,42,Major,Health,Accident,0,4,13,2000,South,0
CLM103701,45,6.8,25203.69,6789.32,6,82,Minor,Auto,Fire,1,3,13,500,Central,0
CLM103702,40,10.5,10262.22,5723.74,2,53,Total Loss,Property,Theft,1,1,3,2500,North,0
CLM103703,21,17.7,3014.281532961125,1344.75,14,86,Moderate,Life,Natural,0,2,6,1500,North,1
CLM103704,31,7.4,75268.13817387496,4208.47,7,86,Total Loss,Health,Fire,0,2,19,2000,North,1
CLM103705,70,2.6,23954.03784303552,4001.79,12,90,Major,Health,Theft,0,0,10,2000,South,1
CLM103706,59,19.0,39753.22,1568.96,9,39,Total Loss,Property,Fire,0,1,1,1000,Central,0
CLM103707,46,10.0,13741.91,6498.22,7,59,Minor,Auto,Natural,0,3,17,1500,East,0
CLM103708,18,10.3,2082.7,3250.05,13,85,Total Loss,Property,Fire,1,1,9,2500,South,0
CLM103709,21,12.6,32757.970829995833,6214.53,7,43,Major,Life,Accident,0,3,0,1000,Central,1
CLM103710,49,0.6,13861.09,1940.47,12,9,Major,Auto,Accident,1,0,13,2000,North,0
CLM103711,50,18.7,4618.46,2863.05,13,9,Minor,Life,Medical,1,4,9,500,South,0
CLM103712,66,7.5,10552.33,1213.78,14,29,Moderate,Health,Theft,1,1,17,2500,West,0
CLM103713,43,8.2,10227.29,1576.09,4,9,Minor,Health,Natural,1,2,6,1000,West,0
CLM103714,34,3.9,34152.26783061453,7123.88,8,71,Moderate,Life,Theft,1,3,18,1500,North,1
CLM103715,56,7.9,5508.76,1318.34,0,35,Major,Life,Accident,0,1,3,500,Central,0
CLM103716,40,16.2,14075.08,1217.98,14,81,Total Loss,Health,Natural,0,3,13,1000,Central,0
CLM103717,49,16.1,5135.35,7552.83,13,43,Major,Property,Medical,1,1,8,2500,South,0
CLM103718,69,18.7,9870.92,5344.28,0,56,Minor,Property,Accident,0,2,3,500,West,0
CLM103719,32,8.4,2963.69,1256.87,13,42,Minor,Property,Accident,1,3,5,1000,Central,0
CLM103720,30,14.3,1570.21,7787.88,8,82,Total Loss,Life,Theft,1,3,1,1000,South,0
CLM103721,19,10.4,11958.189410166919,1603.25,10,51,Minor,Life,Fire,1,4,0,2500,South,1
CLM103722,36,16.2,12702.25263347943,6247.59,20,20,Major,Health,Theft,0,0,16,1500,West,1
CLM103723,41,14.4,8836.79,761.39,14,11,Total Loss,Auto,Accident,0,1,3,500,North,0
CLM103724,62,7.7,50045.68,5184.06,13,48,Moderate,Property,Theft,0,2,4,1000,South,0
CLM103725,41,7.1,34995.037958277346,4600.28,10,52,Minor,Property,Fire,1,4,17,2500,North,1
CLM103726,28,5.4,13083.88,2060.03,13,12,Moderate,Property,Medical,1,4,12,1000,West,0
CLM103727,39,11.7,43606.86,5323.6,0,67,Total Loss,Health,Natural,1,0,19,2500,South,0
CLM103728,32,19.3,39102.57,5127.9,14,71,Minor,Auto,Accident,0,2,10,2500,East,0
CLM103729,27,4.4,33326.96,6487.64,2,89,Total Loss,Auto,Theft,0,1,19,1000,West,0
CLM103730,58,2.4,2547.02,7069.06,12,33,Minor,Auto,Accident,1,3,0,2500,West,0
CLM103731,44,2.8,34047.546022312825,4325.79,7,35,Minor,Property,Natural,0,0,11,500,East,1
CLM103732,26,15.8,25761.63,4177.21,10,9,Minor,Life,Theft,1,3,12,2500,West,0
CLM103733,69,7.3,28079.48,5161.97,10,64,Total Loss,Property,Medical,0,4,3,1500,East,0
CLM103734,45,4.9,13937.95,5969.06,4,71,Total Loss,Auto,Natural,0,3,11,1500,East,0
CLM103735,18,7.4,1264.76,3171.28,13,73,Major,Health,Fire,1,1,5,2500,West,0
CLM103736,34,13.1,55580.16,4284.81,9,53,Major,Auto,Fire,0,1,12,500,East,0
CLM103737,48,11.2,10585.47,4888.28,11,42,Total Loss,Property,Accident,1,3,13,2000,East,0
CLM103738,61,15.0,8503.13,7912.84,13,58,Total Loss,Life,Fire,0,3,11,2000,West,0
CLM103739,27,7.1,8536.63,4907.84,4,88,Minor,Auto,Theft,1,0,19,500,East,0
CLM103740,54,9.3,26031.194450341067,2181.4,11,88,Major,Life,Fire,1,1,1,1500,North,1
CLM103741,46,2.5,11419.15369299752,4909.92,9,80,Major,Auto,Medical,0,3,11,2500,West,1
CLM103742,35,1.9,6947.59,6646.25,12,60,Total Loss,Life,Theft,0,2,5,1000,West,0
CLM103743,64,9.5,64357.52,6930.53,12,37,Major,Life,Accident,0,0,3,2500,North,0
CLM103744,55,6.4,7886.98,6501.88,2,7,Total Loss,Auto,Accident,1,0,0,2500,Central,0
CLM103745,56,12.4,12221.18,7161.57,6,64,Major,Health,Fire,1,0,7,2000,South,0
CLM103746,66,1.3,29287.19,3010.75,13,4,Moderate,Property,Fire,1,0,7,2500,East,0
CLM103747,23,2.9,12243.47,4306.78,12,89,Moderate,Property,Accident,0,3,11,2000,East,0
CLM103748,57,17.4,6883.5,6346.93,5,42,Major,Auto,Theft,1,4,3,1000,South,0
CLM103749,29,11.5,31973.101673090743,2483.37,12,72,Total Loss,Life,Natural,0,2,15,2500,East,1
CLM103750,70,14.4,7546.213438245086,3286.86,15,53,Moderate,Property,Accident,0,4,13,500,East,1
CLM103751,31,16.9,8158.544974392867,6733.67,11,30,Minor,Life,Medical,1,4,13,2500,North,1
CLM103752,61,9.5,18767.82,6275.64,9,33,Total Loss,Health,Theft,1,3,1,500,North,0
CLM103753,72,15.3,38417.2,7784.0,10,1,Moderate,Auto,Natural,0,0,16,2000,North,0
CLM103754,27,10.7,20401.8,7969.81,5,20,Minor,Health,Natural,0,0,7,2500,North,0
CLM103755,71,4.8,2163.15,2305.58,9,25,Moderate,Life,Theft,1,3,6,2000,West,0
CLM103756,37,7.1,8734.95,7253.37,8,75,Moderate,Life,Accident,1,3,12,500,East,0
CLM103757,32,10.1,1038.35,1208.87,13,72,Minor,Auto,Natural,1,1,10,2000,South,0
CLM103758,48,6.7,11737.24,5823.5,14,86,Minor,Life,Medical,0,0,18,1500,East,0
CLM103759,24,7.0,10372.383100677927,2150.75,8,18,Major,Auto,Theft,1,2,18,500,West,1
CLM103760,58,7.1,31390.97,2752.33,12,8,Moderate,Auto,Fire,0,1,9,2000,West,0
CLM103761,27,2.9,2652.83,7597.41,10,49,Minor,Health,Accident,1,4,10,2500,East,0
CLM103762,27,2.2,1021.52,2473.63,6,9,Major,Property,Theft,0,0,15,2000,East,0
CLM103763,65,1.4,9998.84,5548.83,10,57,Minor,Property,Medical,0,3,7,1000,North,0
CLM103764,56,2.7,3533.97,1835.96,13,9,Major,Life,Natural,1,3,1,500,West,0
CLM103765,45,7.2,21090.38,1200.42,0,77,Major,Property,Accident,1,3,13,2000,East,0
CLM103766,47,12.1,38873.7,3044.88,0,35,Minor,Life,Accident,0,0,16,1500,South,0
CLM103767,54,4.2,1642.64,5181.47,8,73,Minor,Property,Theft,1,2,16,1000,South,0
CLM103768,72,17.8,8552.34,2359.59,8,55,Moderate,Health,Theft,1,3,10,500,North,0
CLM103769,20,16.3,87239.43,2751.27,11,61,Moderate,Property,Medical,0,0,0,1000,North,0
CLM103770,67,10.7,20789.18,5815.47,10,36,Major,Life,Fire,1,4,18,2500,East,0
CLM103771,60,14.6,137428.19176359297,1270.97,16,65,Minor,Life,Theft,1,1,0,1500,South,1
CLM103772,32,7.6,3688.39,3851.79,2,47,Moderate,Property,Theft,0,0,3,2500,West,0
CLM103773,38,1.2,4753.26,7563.01,14,21,Major,Auto,Theft,1,0,6,2000,Central,0
CLM103774,69,18.1,3522.93,3477.29,10,86,Moderate,Health,Medical,1,3,19,1000,South,0
CLM103775,54,3.0,18517.18239260145,3756.51,15,90,Major,Auto,Natural,1,1,0,2500,West,1
CLM103776,73,19.0,39730.73482900978,6036.53,9,90,Moderate,Property,Fire,1,1,10,2000,South,1
CLM103777,29,11.7,3703.9,6342.59,8,74,Minor,Auto,Medical,1,3,12,1500,East,0
CLM103778,21,6.5,12142.44,6272.05,0,47,Total Loss,Property,Theft,0,2,2,2500,Central,0
CLM103779,64,10.2,14500.639529576767,7984.0,15,90,Total Loss,Life,Natural,1,0,7,1000,Central,1
CLM103780,26,10.3,27508.56,1035.88,13,83,Major,Auto,Theft,1,3,11,2500,East,0
CLM103781,56,1.0,1099.21,7866.9,2,36,Total Loss,Health,Medical,0,2,1,1500,East,0
CLM103782,59,7.4,4786.94,7626.42,12,40,Total Loss,Auto,Accident,1,3,0,2000,North,0
CLM103783,45,14.9,37313.41441354607,6891.04,9,19,Major,Life,Theft,0,4,19,2500,West,1
CLM103784,40,10.4,4547.212998133699,3905.94,17,90,Total Loss,Life,Natural,1,2,13,2500,West,1
CLM103785,62,5.3,10419.16,7031.77,3,51,Moderate,Life,Fire,1,2,14,500,North,0
CLM103786,57,7.0,9596.03,2156.24,7,16,Moderate,Auto,Accident,1,1,3,2000,West,0
CLM103787,61,17.3,29711.25,6437.42,14,89,Moderate,Life,Theft,0,0,19,500,Central,0
CLM103788,39,10.7,15728.33,1889.29,8,61,Minor,Life,Theft,1,3,6,500,South,0
CLM103789,41,10.8,30954.369221963192,6615.22,13,61,Moderate,Auto,Natural,1,3,0,1500,Central,1
CLM103790,68,19.2,46488.31,5108.97,10,19,Total Loss,Auto,Accident,1,0,4,1500,North,0
CLM103791,43,6.8,61564.11,1235.23,0,15,Total Loss,Property,Accident,0,0,13,1000,West,0
CLM103792,47,9.9,16893.53,7214.9,13,6,Moderate,Auto,Accident,1,1,5,2000,West,0
CLM103793,50,16.3,12072.21,4834.68,1,65,Minor,Life,Theft,0,0,6,2000,South,0
CLM103794,33,15.3,15044.34,5421.86,0,11,Moderate,Health,Accident,1,4,11,1500,South,0
CLM103795,39,5.7,8229.78,2626.33,8,42,Minor,Life,Theft,1,1,6,1500,South,0
CLM103796,66,3.4,66678.43,7037.27,3,39,Minor,Life,Theft,1,2,17,500,Central,0
CLM103797,74,14.2,19312.78,4589.01,9,0,Moderate,Life,Accident,1,0,15,1500,North,0
CLM103798,67,5.5,6158.64,3658.4,13,57,Minor,Auto,Medical,1,2,8,2500,North,0
CLM103799,60,18.5,1892.53,4507.11,7,2,Total Loss,Health,Fire,1,1,6,2000,North,0
CLM103800,35,3.0,1686.29,5774.85,4,7,Moderate,Life,Fire,1,4,13,1000,Central,0
CLM103801,24,6.7,8728.756524270564,5712.86,7,90,Total Loss,Auto,Medical,0,4,1,500,East,1
CLM103802,67,1.6,9941.617085600768,3181.83,7,90,Minor,Property,Accident,1,0,12,2500,West,1
CLM103803,43,14.2,25154.393006644117,3389.44,17,90,Major,Health,Theft,1,4,6,1500,Central,1
CLM103804,25,17.9,4628.13,4716.79,4,84,Moderate,Health,Natural,1,3,18,1000,North,0
CLM103805,23,12.9,42046.62568269193,7433.05,6,18,Major,Auto,Medical,0,1,1,1500,Central,1
CLM103806,47,18.8,4559.68,6090.73,5,25,Major,Property,Fire,0,4,5,2500,Central,0
CLM103807,56,3.0,4121.54,3428.11,13,84,Major,Life,Fire,1,1,11,1000,East,0
CLM103808,40,2.2,10558.22,3027.74,0,72,Major,Property,Theft,1,1,1,1500,South,0
CLM103809,49,16.8,33928.66,4427.28,7,16,Total Loss,Health,Fire,1,3,16,2500,North,0
CLM103810,39,17.2,10475.29,7024.94,12,65,Moderate,Auto,Fire,0,0,11,2500,Central,0
CLM103811,59,16.7,9012.66,565.09,3,50,Total Loss,Property,Theft,1,1,19,1000,South,0
CLM103812,60,16.1,13944.62,5828.65,5,46,Minor,Life,Accident,1,3,8,2500,West,0
CLM103813,74,7.6,5460.2,2708.84,1,39,Moderate,Property,Fire,1,4,13,1500,West,0
CLM103814,62,4.7,7541.26,2062.98,1,26,Moderate,Property,Accident,1,2,2,1000,West,0
CLM103815,26,18.6,4608.83,591.03,7,39,Total Loss,Auto,Natural,0,0,2,500,Central,0
CLM103816,48,6.5,13722.82,7224.43,13,0,Minor,Auto,Accident,1,2,15,2500,Central,0
CLM103817,24,8.3,51329.37159309879,7341.86,3,72,Major,Health,Theft,1,3,5,1500,East,1
CLM103818,26,14.1,51074.92345987715,960.63,10,23,Minor,Auto,Theft,0,1,7,1000,North,1
CLM103819,30,6.2,5411.9,4413.61,14,38,Total Loss,Property,Theft,0,3,12,500,South,0
CLM103820,20,16.5,23687.95,1644.31,9,17,Total Loss,Life,Fire,1,0,7,500,West,0
CLM103821,52,1.9,5434.78,6190.16,9,46,Total Loss,Health,Medical,1,0,7,2000,South,0
CLM103822,50,15.9,7821.4555790893855,5490.44,18,90,Major,Auto,Fire,1,4,6,2000,East,1
CLM103823,38,12.2,7457.33,2728.48,0,20,Moderate,Property,Accident,1,3,4,1000,West,0
CLM103824,48,11.7,14660.0,1377.2,14,27,Minor,Property,Natural,0,0,19,2500,South,0
CLM103825,69,9.4,3297.3,6734.15,8,0,Minor,Health,Natural,0,3,0,1500,North,0
CLM103826,51,5.9,16665.57,5556.89,0,13,Major,Health,Natural,0,4,12,2500,North,0
CLM103827,49,9.5,30824.06,551.15,3,19,Total Loss,Auto,Natural,0,4,7,1500,East,0
CLM103828,74,9.3,17080.117372899043,5209.04,15,90,Minor,Auto,Medical,1,3,10,1500,South,1
CLM103829,52,11.9,9973.19,6577.22,0,44,Moderate,Life,Natural,1,0,19,2000,East,0
CLM103830,32,6.0,4887.59,4930.76,8,60,Minor,Health,Fire,1,1,6,2000,East,0
CLM103831,73,2.0,19641.966033837285,3685.35,18,57,Total Loss,Health,Natural,0,1,18,2500,East,1
CLM103832,49,3.3,2929.3597281470707,4879.39,10,88,Minor,Property,Theft,0,4,6,1000,Central,1
CLM103833,23,14.1,47111.7,5147.84,4,51,Total Loss,Life,Accident,1,0,15,1500,North,0
CLM103834,62,0.9,9064.99,5300.26,5,67,Moderate,Auto,Fire,1,4,11,2000,Central,0
CLM103835,38,17.2,24329.23,7752.84,4,36,Major,Life,Medical,1,4,10,1000,Central,0
CLM103836,50,14.0,5924.834740152454,1839.86,5,90,Total Loss,Life,Fire,0,4,8,2000,North,1
CLM103837,49,15.5,26098.05,5173.2,11,30,Total Loss,Property,Theft,1,4,6,1500,East,0
CLM103838,69,16.8,65450.96817491864,1909.95,13,76,Minor,Health,Natural,1,3,19,500,South,1
CLM103839,36,2.9,19854.12,2074.68,14,52,Major,Health,Natural,1,3,13,2000,East,0
CLM103840,50,16.5,36027.91,5519.43,14,38,Total Loss,Health,Medical,0,0,3,1000,East,0
CLM103841,45,10.3,3744.37,7369.66,13,9,Minor,Auto,Accident,1,0,2,2500,Central,0
CLM103842,48,17.8,10707.75,1692.83,12,8,Moderate,Health,Natural,0,2,8,2500,South,0
CLM103843,38,17.8,15518.08,7718.49,11,12,Major,Life,Medical,1,1,4,1500,North,0
CLM103844,71,1.0,14602.27,2895.29,3,17,Minor,Life,Natural,1,3,2,500,West,0
CLM103845,51,8.0,30603.64,3434.86,13,11,Major,Health,Fire,1,0,0,2000,North,0
CLM103846,32,10.8,8405.551173736092,1652.61,14,90,Total Loss,Life,Medical,1,4,17,2000,South,1
CLM103847,31,13.7,3897.29,5118.77,7,86,Minor,Auto,Medical,1,3,12,500,North,0
CLM103848,36,6.1,5382.96,4973.15,7,4,Moderate,Health,Medical,0,1,3,1500,Central,0
CLM103849,60,5.4,34322.0,3817.02,8,6,Moderate,Auto,Natural,1,3,17,1500,South,0
CLM103850,32,7.9,43460.15,4070.69,2,14,Minor,Health,Medical,1,1,8,1000,West,0
CLM103851,23,10.3,13646.65,5172.32,9,66,Minor,Auto,Fire,0,2,6,1000,West,0
CLM103852,69,19.0,11438.42,4876.22,14,17,Major,Auto,Accident,1,0,14,1000,South,0
CLM103853,26,15.4,28860.238686331126,3306.98,9,74,Minor,Auto,Accident,0,1,12,1500,North,1
CLM103854,54,8.9,15368.71,7130.86,14,25,Major,Life,Theft,1,2,1,2000,West,0
CLM103855,37,1.6,3800.45,5507.45,2,37,Total Loss,Auto,Fire,0,3,10,2500,South,0
CLM103856,51,3.8,18395.08,2040.55,1,58,Minor,Property,Fire,1,0,3,1500,South,0
CLM103857,55,9.4,10031.81,2899.27,1,51,Total Loss,Auto,Medical,1,1,17,500,South,0
CLM103858,43,16.4,11927.95,6409.09,8,32,Moderate,Auto,Theft,0,1,2,2500,East,0
CLM103859,35,7.9,2814.323799285985,1283.94,5,59,Major,Auto,Fire,1,0,1,1500,North,1
CLM103860,45,11.0,59948.04856971852,6126.74,10,32,Major,Auto,Fire,1,3,11,1500,South,1
CLM103861,72,17.9,28066.1,3191.32,1,61,Moderate,Health,Fire,1,3,3,1000,South,0
CLM103862,68,18.3,15490.94,4637.68,8,58,Total Loss,Life,Natural,0,4,13,2000,East,0
CLM103863,26,4.7,21718.03,2604.19,6,1,Major,Life,Fire,1,3,15,2000,Central,0
CLM103864,49,1.4,12094.34,7898.42,2,63,Moderate,Life,Natural,0,0,3,2500,East,0
CLM103865,70,6.5,15448.9,7293.8,5,24,Moderate,Health,Fire,0,2,11,1500,South,0
CLM103866,73,14.1,8527.29,7463.37,6,40,Moderate,Auto,Accident,1,0,18,1000,North,0
CLM103867,23,19.0,24544.19,1885.82,13,18,Minor,Auto,Natural,1,1,18,500,East,0
CLM103868,31,2.0,10474.32,6812.68,11,37,Total Loss,Life,Natural,0,4,11,1500,South,0
CLM103869,45,1.1,18101.5,4515.48,5,24,Moderate,Property,Medical,0,4,14,1000,North,0
CLM103870,41,17.7,15570.29,5808.94,9,38,Total Loss,Auto,Fire,0,2,2,500,East,0
CLM103871,30,15.1,19175.77,2131.28,10,3,Major,Auto,Theft,1,1,18,500,West,0
CLM103872,60,19.8,24071.83,5839.88,9,2,Minor,Auto,Theft,1,3,14,2500,North,0
CLM103873,29,8.2,26650.636695540874,7357.0,10,57,Moderate,Health,Theft,1,3,19,2000,South,1
CLM103874,68,8.6,26154.99,2506.11,12,9,Moderate,Auto,Theft,1,3,6,2000,North,0
CLM103875,36,3.9,11315.15,2250.2,14,26,Moderate,Life,Accident,1,0,3,2500,North,0
CLM103876,38,2.8,48071.31,1283.11,7,89,Major,Auto,Theft,1,3,0,1500,South,0
CLM103877,44,11.8,59054.2352639413,2501.05,19,27,Minor,Life,Medical,1,1,8,1000,West,1
CLM103878,36,7.6,3815.59,4518.44,7,43,Total Loss,Property,Theft,1,4,6,2000,North,0
CLM103879,41,2.1,27542.73,6745.37,4,83,Total Loss,Health,Medical,0,0,4,2500,South,0
CLM103880,43,17.8,13030.63,2591.0,13,51,Total Loss,Property,Natural,0,3,8,2000,North,0
CLM103881,62,4.4,63465.99,5158.58,3,24,Total Loss,Auto,Fire,1,1,5,2000,Central,0
CLM103882,45,15.1,56410.504235486595,4096.93,14,90,Total Loss,Property,Theft,0,2,11,2000,West,1
CLM103883,63,6.0,2322.48,2664.34,4,64,Total Loss,Auto,Medical,0,1,12,1500,Central,0
CLM103884,73,16.4,20638.04303208446,4327.69,13,90,Total Loss,Life,Medical,0,4,0,2500,North,1
CLM103885,35,2.8,25170.598229900075,1759.72,17,26,Minor,Auto,Fire,1,1,14,2000,West,1
CLM103886,61,15.2,79088.83081620389,5296.83,13,77,Minor,Health,Natural,1,1,15,2000,South,1
CLM103887,53,2.4,20603.68,1367.47,5,76,Major,Property,Theft,0,0,1,2500,Central,0
CLM103888,59,9.2,7915.3,5982.35,2,84,Moderate,Auto,Medical,1,4,8,500,West,0
CLM103889,46,14.8,16895.17,1832.85,2,14,Minor,Life,Theft,1,3,9,1500,West,0
CLM103890,34,3.9,13902.59,7986.19,13,56,Moderate,Property,Accident,1,4,19,1500,North,0
CLM103891,21,6.1,3021.03,6677.54,0,73,Major,Health,Medical,1,2,15,1000,Central,0
CLM103892,61,17.4,5015.42,3078.8,14,63,Minor,Auto,Natural,0,4,14,1000,South,0
CLM103893,62,17.8,7258.26,3696.54,14,10,Major,Health,Fire,0,0,2,500,East,0
CLM103894,46,1.4,4262.71,2443.93,4,19,Minor,Life,Medical,1,3,1,1000,North,0
CLM103895,21,3.8,8088.834428583166,6253.36,8,51,Minor,Property,Accident,1,4,7,2000,West,1
CLM103896,27,2.8,1899.4,3355.45,7,9,Total Loss,Property,Fire,1,3,15,2000,Central,0
CLM103897,42,4.0,89037.25686267324,6163.89,12,66,Moderate,Property,Natural,1,0,8,1000,East,1
CLM103898,48,19.4,6115.05,638.01,8,57,Major,Life,Theft,1,1,2,1500,West,0
CLM103899,20,11.3,11662.3781985666,1517.16,10,89,Total Loss,Auto,Theft,1,2,16,500,Central,1
CLM103900,64,9.6,4464.39,3237.31,0,28,Minor,Auto,Medical,0,4,12,2000,Central,0
CLM103901,19,19.7,10676.71,1316.81,6,0,Minor,Auto,Fire,0,3,15,500,East,0
CLM103902,74,11.4,27785.96254185654,5008.46,14,76,Major,Health,Accident,1,4,4,1000,West,1
CLM103903,42,13.4,4503.24,881.24,8,20,Moderate,Life,Accident,1,0,4,2500,East,0
CLM103904,66,7.0,27390.18796618776,6948.22,5,28,Major,Property,Natural,1,1,2,500,South,1
CLM103905,23,8.0,20256.06,6209.81,10,66,Minor,Life,Fire,1,0,12,500,North,0
CLM103906,43,12.1,8022.24,2121.92,11,32,Total Loss,Life,Fire,1,3,7,1000,North,0
CLM103907,25,1.9,14208.49,4128.44,6,37,Major,Life,Theft,0,4,7,1000,South,0
CLM103908,52,5.5,11466.42,3888.6,8,18,Total Loss,Property,Natural,0,3,16,2000,West,0
CLM103909,44,4.3,4263.92,5936.48,0,3,Moderate,Property,Natural,1,0,14,2500,East,0
CLM103910,42,0.8,20640.61,3511.32,11,75,Moderate,Health,Natural,1,4,3,2500,North,0
CLM103911,35,11.0,25250.94,747.01,9,88,Total Loss,Life,Fire,0,3,17,500,South,0
CLM103912,71,11.4,16695.7,2553.02,8,80,Moderate,Auto,Theft,1,4,6,2500,Central,0
CLM103913,18,8.0,17504.449439457792,3996.47,5,90,Total Loss,Health,Natural,1,2,9,1000,North,1
CLM103914,65,5.7,95729.66011629635,7808.69,15,81,Total Loss,Property,Theft,1,0,0,1000,North,1
CLM103915,56,13.2,10114.41,7108.69,7,11,Total Loss,Property,Natural,1,0,3,1000,South,0
CLM103916,20,3.1,5636.21,1860.55,2,78,Moderate,Health,Fire,1,2,10,500,East,0
CLM103917,72,10.6,8869.68,5924.57,1,16,Total Loss,Auto,Theft,1,1,14,1500,North,0
CLM103918,21,15.5,18668.49,7526.19,12,0,Moderate,Life,Medical,1,3,14,1000,East,0
CLM103919,58,3.7,67815.29298209994,565.94,14,27,Total Loss,Life,Natural,1,1,2,2500,South,1
CLM103920,54,15.2,18720.89151742419,5907.09,11,21,Total Loss,Auto,Fire,0,4,18,2500,Central,1
CLM103921,68,15.3,4971.68,3945.0,7,3,Moderate,Life,Theft,1,3,19,1000,North,0
CLM103922,32,1.7,15772.28,5601.77,2,65,Total Loss,Property,Accident,1,3,13,1500,East,0
CLM103923,25,0.9,39115.51,5041.92,12,89,Total Loss,Health,Fire,0,3,2,500,East,0
CLM103924,55,19.5,8329.020553141714,7884.99,14,80,Moderate,Auto,Fire,0,2,7,1000,West,1
CLM103925,67,4.3,25369.75,2666.12,10,49,Minor,Health,Accident,0,0,9,500,East,0
CLM103926,36,16.5,10711.35,6396.07,10,59,Major,Life,Accident,0,2,8,1500,East,0
CLM103927,73,11.5,25105.05,2259.8,5,51,Moderate,Life,Medical,1,2,14,1000,South,0
CLM103928,64,5.7,11564.37,3767.06,9,47,Total Loss,Property,Medical,1,2,8,1000,East,0
CLM103929,43,3.0,8106.03,7815.36,8,38,Major,Property,Medical,0,1,3,1000,West,0
CLM103930,56,10.2,33788.0998561317,6246.02,15,90,Major,Life,Fire,1,2,11,2000,Central,1
CLM103931,27,8.4,35633.17,2868.66,12,59,Total Loss,Life,Fire,1,0,18,1000,West,0
CLM103932,55,14.1,6790.49,5145.27,5,29,Total Loss,Property,Fire,0,3,0,1000,Central,0
CLM103933,31,18.1,10263.59,872.69,7,85,Minor,Property,Medical,1,1,13,1500,North,0
CLM103934,66,16.2,4908.8,2497.96,1,26,Total Loss,Auto,Theft,1,2,9,1500,Central,0
CLM103935,58,5.9,4039.26,5887.93,0,82,Major,Property,Fire,1,2,0,2000,Central,0
CLM103936,36,17.6,23568.75,4775.7,9,73,Total Loss,Auto,Fire,0,3,3,1000,West,0
CLM103937,47,16.8,4359.61,4022.55,9,54,Major,Auto,Fire,1,3,9,2500,South,0
CLM103938,22,18.6,24648.62,5681.57,1,69,Moderate,Health,Medical,1,1,2,500,South,0
CLM103939,72,9.4,9411.19,3488.44,11,25,Moderate,Property,Natural,1,0,15,1000,Central,0
CLM103940,48,15.5,80621.65,696.17,3,41,Major,Auto,Medical,1,1,17,2000,West,0
CLM103941,24,12.0,11644.289843007273,3807.7,15,90,Moderate,Health,Natural,1,3,11,2500,South,1
CLM103942,36,6.6,2463.83,7265.97,8,66,Minor,Health,Medical,1,0,18,1500,South,0
CLM103943,48,19.9,2176.45,6924.61,6,51,Major,Property,Theft,1,2,8,500,West,0
CLM103944,69,1.2,28065.2,3567.48,8,5,Major,Property,Theft,1,2,19,2000,Central,0
CLM103945,56,3.7,9637.83,666.66,8,9,Total Loss,Health,Fire,1,4,4,1500,North,0
CLM103946,41,17.9,1046.94,5272.3,8,37,Minor,Auto,Medical,1,3,4,1000,West,0
CLM103947,51,1.7,32164.21,6058.96,7,76,Total Loss,Property,Natural,0,4,7,2000,West,0
CLM103948,74,17.8,32423.93,2706.83,5,11,Minor,Health,Natural,1,1,6,1000,West,0
CLM103949,40,14.4,25630.71,4074.98,13,45,Minor,Health,Theft,1,1,18,2000,Central,0
CLM103950,65,1.2,5281.64,7938.93,10,48,Minor,Auto,Fire,1,0,17,2000,Central,0
CLM103951,62,8.9,16604.587891508658,4822.57,16,82,Major,Life,Natural,0,3,14,1000,West,1
CLM103952,57,15.2,64122.425768531,3133.06,12,90,Moderate,Auto,Medical,1,0,0,2000,South,1
CLM103953,23,11.9,11081.15,5206.17,14,68,Moderate,Health,Fire,1,0,6,1500,North,0
CLM103954,55,18.7,3505.46,1850.17,1,42,Total Loss,Auto,Medical,1,1,18,1500,East,0
CLM103955,58,17.4,11489.348330711899,1994.39,17,90,Total Loss,Property,Medical,1,1,4,500,West,1
CLM103956,53,7.0,122819.91080264199,7436.94,5,53,Moderate,Health,Theft,1,3,7,500,West,1
CLM103957,44,2.2,3455.67,2294.0,12,85,Moderate,Auto,Medical,1,1,4,2000,Central,0
CLM103958,28,18.9,20423.83,2830.92,4,77,Minor,Auto,Accident,1,3,4,1500,Central,0
CLM103959,22,10.6,10751.84,4578.33,7,73,Total Loss,Auto,Fire,1,4,4,1000,East,0
CLM103960,74,2.0,21710.75,7247.69,2,10,Total Loss,Auto,Accident,0,2,10,2000,Central,0
CLM103961,34,16.4,17231.34,6360.87,6,34,Total Loss,Health,Medical,1,4,6,1000,Central,0
CLM103962,69,17.4,9674.99,828.38,4,22,Total Loss,Auto,Medical,0,1,1,2500,South,0
CLM103963,24,13.0,7552.27,5697.72,11,71,Moderate,Property,Theft,0,2,16,500,North,0
CLM103964,44,9.2,22058.28,4280.46,9,20,Moderate,Life,Theft,1,2,10,2000,South,0
CLM103965,64,13.4,6854.39,4066.65,12,36,Major,Life,Theft,0,0,19,2000,West,0
CLM103966,74,14.3,24251.37,5686.69,7,27,Major,Life,Theft,1,2,4,1000,South,0
CLM103967,32,17.9,18084.16,1971.74,5,57,Moderate,Property,Natural,1,3,6,500,East,0
CLM103968,63,19.1,13929.49,7861.16,5,52,Minor,Life,Theft,1,1,0,1000,South,0
CLM103969,30,10.5,7902.01,5339.8,6,27,Moderate,Health,Medical,0,1,8,1000,Central,0
CLM103970,28,16.1,11181.141476282488,3242.42,10,73,Minor,Health,Medical,0,0,10,500,East,1
CLM103971,62,19.3,19589.84,5001.52,3,84,Total Loss,Property,Fire,1,0,11,2500,East,0
CLM103972,43,3.4,2436.92,2123.53,9,72,Major,Property,Accident,1,1,9,1500,West,0
CLM103973,39,0.9,53871.98,5253.81,11,60,Minor,Health,Natural,0,0,19,1500,West,0
CLM103974,45,17.4,58769.5,711.63,9,78,Total Loss,Property,Natural,1,2,10,2500,Central,0
CLM103975,41,4.3,7732.252118172311,3058.86,11,64,Moderate,Property,Fire,0,2,0,500,North,1
CLM103976,46,1.3,2646.14,6106.38,14,54,Major,Health,Fire,1,3,19,2000,East,0
CLM103977,26,3.6,8983.72,6559.83,12,36,Moderate,Health,Theft,1,0,4,500,Central,0
CLM103978,59,8.0,50732.15,2396.9,7,46,Total Loss,Auto,Fire,0,1,14,1000,West,0
CLM103979,21,4.8,8670.16,4545.57,5,35,Total Loss,Auto,Natural,1,4,9,500,West,0
CLM103980,66,6.5,13783.170265838207,4463.7,15,61,Moderate,Life,Accident,1,1,11,1500,North,1
CLM103981,63,19.5,36718.72242085364,3660.92,18,36,Total Loss,Property,Accident,1,4,13,2000,East,1
CLM103982,73,14.2,3953.57,2213.25,7,22,Total Loss,Health,Natural,0,4,18,2500,East,0
CLM103983,35,14.4,7772.4,5774.21,6,4,Minor,Life,Theft,0,3,9,500,Central,0
CLM103984,60,2.3,11388.447882441229,2392.71,5,90,Moderate,Auto,Accident,1,4,11,2000,North,1
CLM103985,33,14.8,23388.785451558902,7332.69,5,29,Moderate,Property,Accident,1,2,17,2000,South,1
CLM103986,50,14.9,3664.54,4463.76,6,41,Major,Life,Theft,1,2,18,1500,Central,0
CLM103987,46,13.4,12934.39,7028.59,8,46,Minor,Property,Accident,0,3,3,1000,East,0
CLM103988,56,5.0,30231.1,2680.57,1,86,Minor,Life,Medical,1,1,18,2000,Central,0
CLM103989,27,8.7,18140.323676297234,6553.09,19,48,Total Loss,Property,Natural,1,1,13,2000,Central,1
CLM103990,26,17.0,18256.32,1352.48,4,12,Major,Property,Accident,0,1,7,500,Central,0
CLM103991,48,13.6,2173.45,6251.23,8,24,Major,Health,Accident,0,1,3,2500,Central,0
CLM103992,45,14.8,9940.46,3402.09,8,6,Minor,Property,Theft,1,2,15,500,East,0
CLM103993,74,12.0,2495.53,4024.93,5,65,Major,Auto,Accident,1,2,11,1500,North,0
CLM103994,20,9.3,14724.19,1751.05,6,79,Minor,Health,Theft,0,3,17,2000,North,0
CLM103995,71,15.3,5949.54,639.71,8,57,Major,Property,Natural,1,3,11,1000,West,0
CLM103996,72,1.8,6079.7,5496.48,13,65,Minor,Auto,Medical,1,3,17,2000,West,0
CLM103997,31,13.6,2198.1,4907.89,13,35,Minor,Auto,Fire,1,1,3,1000,South,0
CLM103998,42,19.9,6571.13,5168.21,9,1,Total Loss,Life,Natural,0,1,15,1000,North,0
CLM103999,32,15.7,11598.87,2412.51,7,37,Total Loss,Health,Accident,1,2,17,1000,Central,0
CLM104000,19,6.2,14179.87,2294.58,13,73,Major,Health,Medical,0,2,18,2500,West,0
CLM104001,41,5.9,5021.04040287679,6727.22,12,51,Total Loss,Life,Fire,0,0,15,500,Central,1
CLM104002,31,13.5,16810.0,6209.4,5,26,Moderate,Life,Fire,0,0,2,1500,South,0
CLM104003,65,18.0,11067.14,3025.93,5,14,Moderate,Life,Accident,0,1,16,2500,North,0
CLM104004,24,11.8,12547.44,5283.54,6,84,Major,Health,Fire,0,2,2,2500,East,0
CLM104005,53,10.8,27828.17,6711.13,6,11,Minor,Auto,Fire,1,1,12,1000,South,0
CLM104006,67,3.6,7283.42,7166.22,1,42,Total Loss,Auto,Natural,1,4,5,2500,East,0
CLM104007,41,14.5,3868.34,543.55,8,56,Major,Property,Natural,0,0,18,1500,North,0
CLM104008,44,14.2,13038.08,6600.97,3,85,Moderate,Health,Fire,1,3,8,1500,East,0
CLM104009,54,19.4,44512.31,3127.94,12,47,Minor,Health,Theft,1,1,18,2000,North,0
CLM104010,55,6.4,11943.11,5887.84,12,60,Total Loss,Life,Accident,0,4,10,2500,Central,0
CLM104011,47,15.3,27749.03,3285.51,9,81,Minor,Health,Theft,0,3,2,2000,South,0
CLM104012,44,9.0,22222.39,5046.87,8,43,Minor,Health,Theft,1,4,14,1500,Central,0
CLM104013,56,11.4,11957.47,5350.87,14,51,Total Loss,Auto,Fire,1,2,15,2500,North,0
CLM104014,32,16.4,16642.9,3537.45,14,61,Total Loss,Health,Accident,1,2,2,1000,North,0
CLM104015,43,4.8,8830.33,4345.89,11,1,Moderate,Auto,Theft,1,2,4,1000,Central,0
CLM104016,18,7.2,27751.111326094677,5947.35,16,90,Moderate,Auto,Natural,0,3,6,2500,Central,1
CLM104017,73,15.6,33015.384401647694,4072.29,18,43,Minor,Health,Natural,1,3,8,2000,Central,1
CLM104018,21,11.6,19522.17,604.85,9,81,Minor,Auto,Accident,0,2,0,2000,South,0
CLM104019,46,2.3,8914.02,596.78,2,72,Moderate,Life,Theft,0,3,18,1000,South,0
CLM104020,74,8.9,2576.53,5459.83,4,71,Moderate,Auto,Medical,1,2,13,2000,North,0
CLM104021,18,11.9,24317.82,6854.28,4,32,Minor,Health,Medical,1,1,14,1000,West,0
CLM104022,60,18.2,18320.74,6389.55,6,4,Major,Life,Accident,0,2,2,500,Central,0
CLM104023,67,4.2,89700.66877558998,2828.0,18,90,Major,Life,Accident,0,0,3,1000,East,1
CLM104024,63,16.2,9398.04,4033.46,3,57,Major,Health,Medical,1,1,16,500,East,0
CLM104025,39,3.0,5956.441989806713,2256.21,16,90,Total Loss,Property,Theft,1,2,13,2500,East,1
CLM104026,28,5.2,2945.12,7918.62,14,10,Moderate,Auto,Theft,1,0,6,500,Central,0
CLM104027,27,5.2,23263.21,2453.8,12,83,Major,Auto,Fire,0,2,7,1500,West,0
CLM104028,34,17.6,2052.43,3621.96,11,22,Major,Property,Accident,0,1,15,2000,West,0
CLM104029,53,4.4,36761.18,5608.47,3,44,Moderate,Life,Theft,1,2,15,500,South,0
CLM104030,73,15.8,5961.98,7070.13,12,26,Total Loss,Property,Medical,1,3,13,1500,West,0
CLM104031,64,9.5,35371.57,886.07,14,78,Major,Health,Medical,0,2,16,1500,East,0
CLM104032,43,20.0,23275.61,2757.65,12,55,Total Loss,Property,Natural,1,1,4,2000,East,0
CLM104033,65,16.9,52525.366571036895,4767.39,6,90,Total Loss,Life,Theft,0,4,8,1000,Central,1
CLM104034,38,14.9,4612.73,5137.35,5,79,Minor,Health,Fire,1,2,2,1500,South,0
CLM104035,30,17.5,39735.74211661665,1025.21,7,59,Moderate,Health,Fire,0,3,4,500,North,1
CLM104036,26,12.9,7129.271413924732,5480.59,14,48,Minor,Health,Accident,1,1,19,2000,South,1
CLM104037,28,17.0,4389.98,4460.48,14,50,Major,Auto,Natural,1,0,17,500,North,0
CLM104038,28,5.6,6563.83,6707.21,9,60,Minor,Auto,Medical,1,4,9,1000,South,0
CLM104039,23,2.4,21253.06,2166.42,9,22,Moderate,Health,Medical,1,2,0,2000,West,0
CLM104040,18,12.5,3357.286319731216,1962.7,6,53,Total Loss,Property,Accident,1,1,16,1500,South,1
CLM104041,71,9.0,36013.81,6450.03,13,37,Total Loss,Auto,Fire,1,3,7,500,Central,0
CLM104042,23,8.8,2101.53,5779.02,14,71,Major,Life,Fire,0,3,19,500,North,0
CLM104043,30,10.8,8085.86,6437.55,14,55,Moderate,Auto,Medical,1,1,16,1500,West,0
CLM104044,39,7.5,2268.5,6364.51,10,38,Total Loss,Property,Accident,0,3,17,1500,West,0
CLM104045,73,12.7,22977.98,1280.01,8,75,Major,Auto,Theft,1,4,4,1000,South,0
CLM104046,48,1.1,3285.3,2589.37,3,81,Moderate,Property,Natural,1,0,6,1000,West,0
CLM104047,39,19.4,33410.67,2450.64,0,82,Moderate,Property,Fire,0,3,4,1500,East,0
CLM104048,54,18.5,32112.909978264073,7509.4,16,90,Minor,Auto,Fire,1,3,9,2000,East,1
CLM104049,64,18.7,45484.69,4156.0,10,27,Total Loss,Property,Fire,1,0,5,1500,East,0
CLM104050,44,7.6,18322.43874178155,1332.93,11,90,Moderate,Property,Theft,0,4,6,1500,South,1
CLM104051,67,10.9,10085.73,2671.83,4,20,Total Loss,Life,Theft,0,4,2,2500,North,0
CLM104052,69,19.1,38812.489798283525,7039.26,14,88,Total Loss,Health,Natural,0,4,9,2000,South,1
CLM104053,31,18.1,27749.13,6853.0,12,22,Moderate,Health,Fire,1,3,5,2000,Central,0
CLM104054,64,15.9,9206.05,7252.55,11,20,Total Loss,Auto,Medical,1,3,1,1000,West,0
CLM104055,22,8.4,34444.56,3413.97,12,74,Minor,Property,Fire,1,4,1,1000,East,0
CLM104056,53,11.5,4451.8276964459565,5310.06,15,30,Major,Auto,Natural,0,3,5,1000,South,1
CLM104057,49,16.0,19500.24,2586.3,6,61,Major,Auto,Natural,1,2,17,500,South,0
CLM104058,51,5.8,18727.97764942817,1856.19,7,85,Moderate,Health,Medical,1,3,9,2000,West,1
CLM104059,24,12.7,3956.0596772445206,664.26,10,90,Minor,Property,Theft,1,4,6,2500,South,1
CLM104060,59,16.6,8332.65,2175.81,11,4,Major,Auto,Medical,1,1,16,1000,East,0
CLM104061,65,14.3,32830.93,5032.81,9,45,Minor,Auto,Natural,0,4,3,1000,West,0
CLM104062,27,9.8,60086.19,7281.58,8,63,Moderate,Health,Medical,0,1,11,1000,North,0
CLM104063,67,11.9,8483.45,1500.65,9,81,Minor,Health,Fire,1,3,7,1000,East,0
CLM104064,34,19.8,79109.32148868922,7385.09,18,72,Moderate,Health,Natural,0,3,8,1000,Central,1
CLM104065,47,12.2,11689.67,3090.39,0,43,Major,Auto,Theft,1,1,9,500,Central,0
CLM104066,38,15.8,19935.42,3701.21,11,88,Major,Property,Theft,0,4,18,2500,West,0
CLM104067,30,14.7,4065.1580082550267,3237.34,16,52,Major,Health,Medical,1,0,8,2000,East,1
CLM104068,18,14.2,13223.35,3564.56,4,67,Major,Health,Medical,1,0,3,2500,East,0
CLM104069,18,14.5,4970.190529155733,2443.95,11,62,Total Loss,Property,Medical,0,4,15,1500,East,1
CLM104070,64,9.4,5692.29,5739.54,9,53,Minor,Auto,Fire,0,3,0,2000,Central,0
CLM104071,50,9.7,13548.83,6186.37,6,67,Minor,Auto,Theft,0,1,9,1000,West,0
CLM104072,55,9.6,25688.71,6673.35,13,88,Minor,Property,Natural,1,1,15,1500,Central,0
CLM104073,42,1.1,13345.2,3059.67,13,76,Moderate,Health,Natural,1,4,4,1500,South,0
CLM104074,43,5.2,42278.04,6234.7,3,41,Major,Life,Theft,1,4,2,1500,North,0
CLM104075,30,3.5,25937.24,5282.57,6,45,Major,Property,Medical,0,2,3,1500,Central,0
CLM104076,45,17.8,3548.31,7684.37,0,24,Total Loss,Life,Accident,0,1,9,1000,West,0
CLM104077,50,5.9,8388.86,3685.89,5,66,Total Loss,Auto,Medical,0,2,1,1500,Central,0
CLM104078,54,3.2,17561.25,7942.32,8,34,Major,Auto,Theft,0,3,19,2500,South,0
CLM104079,58,2.8,42807.87,6052.96,2,72,Minor,Life,Fire,1,1,5,1000,South,0
CLM104080,47,14.1,66991.7,6322.08,3,77,Minor,Health,Medical,1,4,13,1500,South,0
CLM104081,74,0.6,22607.23,692.79,7,21,Major,Life,Natural,0,4,4,1500,South,0
CLM104082,66,9.7,13791.62,4230.49,11,8,Moderate,Health,Fire,0,3,18,2500,North,0
CLM104083,65,2.8,22196.33,4462.53,4,23,Minor,Property,Theft,1,0,19,500,East,0
CLM104084,25,17.1,5787.31,804.5,4,22,Major,Auto,Accident,1,2,14,500,South,0
CLM104085,66,19.2,6002.81,2840.98,14,60,Major,Auto,Medical,1,4,16,2500,North,0
CLM104086,64,19.2,16934.9,7667.33,0,36,Total Loss,Life,Fire,1,1,11,500,Central,0
CLM104087,73,9.1,31816.62,3695.84,5,44,Total Loss,Property,Fire,1,1,12,2000,South,0
CLM104088,18,13.1,93570.95559027878,1900.26,20,24,Major,Life,Natural,1,1,19,2000,Central,1
CLM104089,29,12.2,7263.09,4350.04,1,56,Moderate,Life,Medical,0,3,15,2000,Central,0
CLM104090,22,7.3,24885.29,753.24,0,13,Major,Life,Accident,1,0,14,500,West,0
CLM104091,41,9.2,29610.67,4369.92,5,51,Minor,Health,Fire,1,2,10,2000,North,0
CLM104092,23,1.8,15639.55,4957.01,4,83,Moderate,Auto,Natural,1,1,4,2000,North,0
CLM104093,42,16.0,11961.230649416835,3182.71,15,51,Moderate,Auto,Medical,1,1,17,500,South,1
CLM104094,18,5.2,15477.83,6219.32,4,26,Total Loss,Life,Medical,0,4,12,2500,South,0
CLM104095,42,9.5,14172.25,1517.86,8,16,Major,Health,Accident,0,0,10,1000,South,0
CLM104096,18,9.9,14991.09,7086.38,11,89,Total Loss,Auto,Natural,0,4,9,2000,North,0
CLM104097,49,11.4,15484.59,7665.84,14,40,Minor,Health,Accident,1,3,14,500,Central,0
CLM104098,59,16.4,29165.47,509.26,9,3,Total Loss,Property,Fire,1,3,6,1000,Central,0
CLM104099,59,14.0,3796.42,6820.41,9,2,Minor,Health,Theft,1,2,11,1000,South,0
CLM104100,20,13.4,7866.24,4295.79,12,18,Major,Health,Theft,1,3,17,1500,Central,0
CLM104101,66,10.8,14228.4,3960.54,2,40,Major,Property,Accident,1,2,5,1000,South,0
CLM104102,36,2.4,5997.05,2290.09,0,39,Total Loss,Auto,Accident,0,4,8,2000,East,0
CLM104103,60,8.3,58355.46,3854.94,13,57,Total Loss,Auto,Theft,0,1,15,2500,Central,0
CLM104104,46,19.2,5580.57,7628.2,13,38,Total Loss,Health,Fire,1,1,7,2000,North,0
CLM104105,67,19.9,10512.67,2080.91,7,6,Minor,Health,Accident,0,0,11,1500,West,0
CLM104106,19,14.7,92939.9784580859,1842.81,17,72,Moderate,Property,Fire,1,3,18,1000,North,1
CLM104107,26,4.9,2251.76,2314.22,11,82,Moderate,Property,Fire,1,0,15,1500,North,0
CLM104108,73,2.5,61924.784615190285,4638.76,9,90,Total Loss,Auto,Natural,1,0,3,2000,West,1
CLM104109,34,8.6,13694.77,7477.25,10,19,Total Loss,Auto,Fire,1,1,19,2000,South,0
CLM104110,63,17.2,1484.78,4804.11,4,75,Major,Property,Medical,0,3,15,2000,Central,0
CLM104111,53,14.6,35982.2,2326.12,7,28,Total Loss,Health,Theft,1,1,6,2500,North,0
CLM104112,34,17.7,1599.79,3803.39,7,83,Major,Property,Theft,1,0,12,2000,Central,0
CLM104113,66,12.5,11860.83,3428.0,10,67,Minor,Auto,Accident,1,3,11,2000,West,0
CLM104114,29,3.0,1754.11,849.27,1,65,Minor,Health,Accident,1,1,0,1000,West,0
CLM104115,37,2.7,2107.93,4329.81,2,46,Minor,Life,Natural,0,2,10,2500,Central,0
CLM104116,67,1.4,66946.71830179561,1445.05,13,43,Minor,Life,Natural,0,2,16,1000,Central,1
CLM104117,20,11.6,22775.33,6816.83,9,5,Total Loss,Property,Medical,1,4,5,1500,West,0
CLM104118,60,5.2,4289.91,4617.22,0,17,Total Loss,Auto,Accident,0,4,1,500,South,0
CLM104119,74,14.8,15532.24,6834.55,14,52,Major,Health,Theft,1,3,2,1000,Central,0
CLM104120,67,13.9,24747.75,7670.34,2,21,Total Loss,Life,Medical,1,4,1,2500,East,0
CLM104121,21,6.7,34053.41,7573.91,11,67,Major,Health,Accident,1,3,17,1000,East,0
CLM104122,34,3.9,10475.33,1253.22,3,74,Minor,Health,Medical,1,0,12,500,Central,0
CLM104123,67,2.5,93464.09100309246,7586.13,15,72,Major,Health,Fire,1,2,18,1000,North,1
CLM104124,54,14.9,11634.58,6468.1,6,74,Major,Health,Fire,1,3,6,500,West,0
CLM104125,63,9.3,18482.25,6332.44,8,8,Total Loss,Property,Medical,1,0,15,2500,South,0
CLM104126,59,6.8,58969.48,1175.96,11,30,Minor,Health,Accident,1,2,15,1000,East,0
CLM104127,32,17.2,14518.68418883987,1846.36,10,73,Moderate,Life,Fire,1,1,9,2500,East,1
CLM104128,50,12.1,3768.24,7813.73,11,74,Total Loss,Life,Fire,0,0,6,2500,North,0
CLM104129,33,10.6,7278.68,2100.28,0,16,Total Loss,Property,Medical,0,1,19,1500,Central,0
CLM104130,28,15.0,3694.06,1767.9,1,50,Moderate,Life,Fire,1,4,15,1500,North,0
CLM104131,72,16.4,6014.54,3217.64,9,65,Minor,Health,Theft,0,3,9,1000,South,0
CLM104132,37,13.9,21379.33,7350.17,1,23,Moderate,Life,Fire,1,2,13,1000,Central,0
CLM104133,55,9.1,10737.64,4071.45,8,14,Major,Auto,Medical,1,4,8,2500,East,0
CLM104134,41,7.9,8051.05,7404.38,9,27,Moderate,Health,Fire,1,0,3,1500,East,0
CLM104135,71,15.5,7900.18,3007.54,6,2,Minor,Property,Fire,1,4,11,1000,West,0
CLM104136,33,10.6,4244.94,2198.96,1,28,Minor,Auto,Natural,1,1,16,1000,South,0
CLM104137,47,14.2,9897.12,4214.02,0,51,Moderate,Life,Medical,0,1,7,1000,East,0
CLM104138,51,17.9,15697.87,5116.08,4,53,Total Loss,Auto,Medical,0,3,3,1500,North,0
CLM104139,18,18.4,3247.61,3436.24,11,57,Moderate,Life,Natural,0,4,7,1000,East,0
CLM104140,41,5.9,55075.17,3095.23,0,44,Major,Life,Natural,0,2,8,2500,North,0
CLM104141,41,4.2,9785.42,2135.44,8,76,Moderate,Life,Theft,0,1,11,1000,North,0
CLM104142,26,5.6,45336.4,2562.55,2,49,Moderate,Property,Fire,1,0,15,2000,Central,0
CLM104143,39,15.2,6675.932086770515,5548.38,5,50,Moderate,Auto,Accident,0,4,7,500,Central,1
CLM104144,29,7.7,37668.56298693825,3274.05,20,76,Major,Property,Accident,1,2,14,2500,East,1
CLM104145,34,3.9,15420.81,1098.18,12,52,Moderate,Life,Natural,1,2,16,1000,East,0
CLM104146,42,2.4,26727.32,1536.17,5,30,Total Loss,Health,Medical,1,2,12,2000,North,0
CLM104147,45,6.9,14769.8,3292.84,2,70,Major,Health,Medical,1,2,13,1500,Central,0
CLM104148,32,3.2,50386.48,7433.77,4,47,Total Loss,Property,Theft,0,1,14,2500,East,0
CLM104149,47,3.5,15789.91,3342.73,9,89,Major,Health,Accident,0,3,8,2500,Central,0
CLM104150,68,13.8,24029.16,954.82,13,30,Minor,Auto,Medical,0,4,11,1000,South,0
CLM104151,44,0.9,32504.68,3634.96,7,3,Minor,Health,Theft,1,1,18,1500,North,0
CLM104152,39,2.8,19807.08,5516.13,9,34,Major,Health,Theft,1,3,8,1000,Central,0
CLM104153,27,17.0,12142.52,4951.97,1,66,Major,Life,Natural,1,2,12,2000,East,0
CLM104154,48,17.0,5778.66,2591.02,11,63,Major,Auto,Accident,0,0,17,500,North,0
CLM104155,44,6.9,29912.93,5660.67,12,82,Minor,Auto,Theft,1,2,3,1500,West,0
CLM104156,29,2.2,10825.59,5229.68,4,8,Major,Health,Theft,0,3,19,500,North,0
CLM104157,63,14.2,39459.31166494815,1791.3,15,80,Minor,Life,Theft,1,3,0,2000,South,1
CLM104158,48,7.5,6403.913639718903,1716.09,10,90,Minor,Health,Accident,1,0,19,2500,North,1
CLM104159,49,1.4,11317.96,4603.87,0,55,Major,Health,Natural,1,1,2,2000,Central,0
CLM104160,49,3.6,18967.76,5445.79,9,55,Major,Property,Fire,1,0,10,500,Central,0
CLM104161,58,3.2,14158.64,7714.33,9,82,Major,Life,Medical,0,2,1,1500,East,0
CLM104162,62,12.0,9928.19,3664.48,13,25,Minor,Property,Accident,1,4,5,1000,East,0
CLM104163,52,18.0,4792.98,6237.04,10,59,Moderate,Health,Accident,1,1,2,500,North,0
CLM104164,70,16.0,6558.79,1373.91,12,76,Major,Health,Accident,1,4,9,1500,North,0
CLM104165,63,11.2,19090.84,7172.07,11,85,Moderate,Life,Fire,1,4,8,500,North,0
CLM104166,38,8.7,4807.73,5248.31,12,71,Moderate,Auto,Medical,0,1,13,2500,Central,0
CLM104167,27,12.6,15582.07,5217.73,11,87,Moderate,Health,Medical,0,2,15,2500,Central,0
CLM104168,33,9.2,14364.38,1568.32,3,89,Total Loss,Health,Theft,1,3,17,1000,West,0
CLM104169,24,5.3,53808.57,796.88,4,47,Moderate,Property,Theft,1,2,3,2500,West,0
CLM104170,21,13.7,1940.61,5760.87,13,57,Moderate,Property,Natural,0,3,17,2000,West,0
CLM104171,44,17.5,8069.3666287943,1377.92,11,90,Minor,Life,Accident,0,3,1,1000,East,1
CLM104172,69,7.8,11580.83,1452.28,11,57,Total Loss,Property,Natural,1,1,9,500,Central,0
CLM104173,72,16.9,12233.38,1906.25,13,2,Minor,Auto,Accident,1,1,11,2000,North,0
CLM104174,42,8.9,4382.968047538411,1233.1,17,22,Minor,Health,Medical,0,0,6,1500,North,1
CLM104175,48,8.3,51777.55872652864,5190.44,8,77,Moderate,Property,Natural,1,4,15,500,West,1
CLM104176,28,1.1,11239.74,3665.04,11,61,Minor,Auto,Medical,0,4,16,2500,East,0
CLM104177,65,14.1,15044.645650668557,2495.72,6,14,Major,Health,Theft,1,4,13,500,East,1
CLM104178,37,16.2,6759.67,3805.62,11,32,Moderate,Health,Medical,0,4,17,2500,West,0
CLM104179,53,13.4,30643.23,6831.05,2,11,Major,Auto,Fire,1,0,0,2000,North,0
CLM104180,71,3.5,4286.02,7453.1,14,47,Moderate,Health,Natural,1,3,1,2000,East,0
CLM104181,71,2.5,3622.76,4156.07,10,75,Moderate,Auto,Accident,1,0,13,2000,South,0
CLM104182,72,11.7,4596.31,4750.65,4,52,Moderate,Auto,Medical,1,1,5,1000,West,0
CLM104183,34,8.3,15713.34,2429.0,6,73,Total Loss,Property,Natural,1,2,14,2500,North,0
CLM104184,62,8.9,25984.64,4352.0,1,40,Moderate,Life,Accident,0,3,3,500,South,0
CLM104185,28,19.4,7029.09,6110.9,12,81,Major,Auto,Natural,1,3,8,500,Central,0
CLM104186,47,14.6,3857.64,4191.03,14,57,Moderate,Property,Natural,1,0,14,500,North,0
CLM104187,52,8.5,4520.54,2765.55,13,67,Moderate,Health,Fire,1,1,4,1000,South,0
CLM104188,58,0.9,15481.58,4865.26,6,22,Minor,Property,Medical,1,1,5,1000,Central,0
CLM104189,55,1.2,5236.14,7599.92,5,84,Moderate,Auto,Fire,0,3,10,2500,East,0
CLM104190,39,13.9,32467.78,7159.88,13,35,Moderate,Property,Theft,1,0,12,1000,North,0
CLM104191,70,16.8,4510.6968403643195,6269.32,10,90,Moderate,Life,Natural,1,4,11,2000,North,1
CLM104192,60,14.3,1493.56,2571.57,6,86,Moderate,Health,Medical,0,3,6,500,East,0
CLM104193,65,8.4,2387.95,2311.7,8,20,Moderate,Property,Theft,1,4,19,2000,North,0
CLM104194,68,1.1,29027.32,6789.03,6,71,Moderate,Health,Theft,1,2,11,1000,West,0
CLM104195,44,19.4,16800.12,1859.88,13,54,Total Loss,Auto,Fire,0,1,9,500,South,0
CLM104196,54,19.7,48460.36,5042.08,11,55,Major,Life,Theft,1,3,2,1500,Central,0
CLM104197,63,11.2,7148.8,3791.97,12,12,Total Loss,Life,Accident,0,2,1,2000,Central,0
CLM104198,66,1.9,4586.77,4009.9,5,21,Major,Property,Accident,1,4,19,1500,South,0
CLM104199,52,11.0,13382.2,3909.08,9,6,Total Loss,Health,Accident,1,3,0,2500,West,0
CLM104200,21,17.9,32312.52100459217,7249.63,11,38,Moderate,Health,Theft,1,2,5,2000,North,1
CLM104201,33,13.8,14411.48,1153.21,6,60,Total Loss,Property,Natural,1,3,12,500,East,0
CLM104202,33,14.5,7404.94,6371.76,5,4,Major,Property,Medical,0,2,9,500,East,0
CLM104203,38,2.2,1909.4859790702105,6762.6,8,60,Minor,Property,Accident,0,2,12,1500,North,1
CLM104204,43,2.6,1534.9,7571.58,6,61,Minor,Property,Accident,1,4,4,500,Central,0
CLM104205,74,3.0,17351.92,3894.5,11,54,Moderate,Life,Accident,1,1,7,2000,South,0
CLM104206,53,18.1,12111.7,4250.49,7,25,Moderate,Property,Fire,1,0,10,1000,South,0
CLM104207,36,10.8,26806.49,7709.71,7,9,Major,Health,Fire,1,2,18,1000,Central,0
CLM104208,34,15.9,6358.91,3938.38,11,10,Minor,Auto,Accident,1,1,18,500,South,0
CLM104209,62,2.7,26349.33,4276.61,11,39,Moderate,Health,Accident,1,0,3,2500,Central,0
CLM104210,43,18.6,9313.6,2991.91,3,10,Total Loss,Property,Fire,1,4,9,2000,West,0
CLM104211,39,16.5,2525.48,737.21,9,3,Total Loss,Life,Medical,1,3,8,2500,North,0
CLM104212,72,4.9,58190.52,3747.91,8,1,Minor,Property,Natural,1,1,6,1500,Central,0
CLM104213,73,17.5,11759.63,5413.18,2,76,Major,Auto,Medical,1,3,17,500,West,0
CLM104214,45,5.6,15892.66,5674.59,8,38,Moderate,Property,Natural,1,3,8,1500,Central,0
CLM104215,18,4.5,37946.141995015365,548.81,9,90,Moderate,Auto,Theft,1,0,5,2500,West,1
CLM104216,61,5.7,7750.95,6507.9,12,22,Moderate,Property,Theft,0,1,5,2000,West,0
CLM104217,53,18.2,21646.84,4193.12,6,44,Minor,Life,Medical,1,2,12,2500,West,0
CLM104218,60,18.4,31634.09,4405.59,3,73,Total Loss,Health,Fire,1,0,16,1000,North,0
CLM104219,54,6.9,8345.43,7713.08,4,76,Major,Auto,Accident,1,1,14,2500,Central,0
CLM104220,19,14.3,17050.41,2633.46,12,41,Minor,Health,Theft,1,2,8,2500,Central,0
CLM104221,34,13.7,22228.05,6212.39,14,41,Minor,Property,Fire,0,3,5,2500,Central,0
CLM104222,57,16.2,9565.392464167959,4810.82,5,55,Moderate,Health,Fire,1,4,16,2500,West,1
CLM104223,55,6.3,14652.220008603483,5755.99,6,25,Total Loss,Life,Natural,1,4,4,2000,South,1
CLM104224,38,10.4,2727.73,3633.63,11,66,Major,Life,Theft,1,0,2,500,South,0
CLM104225,26,13.5,14827.41,2594.06,7,59,Major,Health,Medical,1,2,15,2000,Central,0
CLM104226,30,1.0,25212.06,4595.94,13,3,Moderate,Health,Fire,1,2,1,1500,South,0
CLM104227,28,7.8,15156.42,3312.06,6,15,Major,Life,Medical,1,4,19,1000,South,0
CLM104228,33,14.1,3972.81,2171.83,6,40,Total Loss,Auto,Medical,0,2,2,500,South,0
CLM104229,33,5.4,12857.05,6794.27,7,5,Moderate,Auto,Theft,1,1,8,1000,West,0
CLM104230,19,19.2,28021.16,4068.74,12,41,Moderate,Life,Medical,1,1,18,1000,Central,0
CLM104231,59,1.1,6408.63,6854.87,0,56,Total Loss,Life,Medical,0,4,13,500,Central,0
CLM104232,61,19.2,27815.15,4055.24,11,27,Major,Auto,Accident,0,3,13,500,East,0
CLM104233,25,4.7,41441.65587542641,4675.98,13,32,Total Loss,Health,Medical,1,3,16,1500,East,1
CLM104234,60,1.5,1329.71,7964.6,9,75,Major,Health,Accident,1,3,7,2000,South,0
CLM104235,59,6.2,5105.8,7636.28,11,41,Major,Property,Theft,0,4,16,500,Central,0
CLM104236,30,15.8,12744.19,2537.67,13,11,Major,Auto,Medical,1,0,16,1500,South,0
CLM104237,74,15.2,19967.38,7014.92,13,88,Total Loss,Life,Fire,0,2,6,2500,West,0
CLM104238,34,4.6,32870.42,3428.03,4,63,Total Loss,Property,Medical,1,1,8,500,Central,0
CLM104239,56,4.3,16368.26,1034.37,7,57,Minor,Health,Accident,1,1,3,2000,West,0
CLM104240,41,13.0,8178.87,4818.36,8,50,Total Loss,Auto,Fire,0,0,9,2500,West,0
CLM104241,20,9.4,4061.65,7827.89,12,28,Moderate,Property,Theft,1,2,3,2500,Central,0
CLM104242,47,15.9,22408.99,7807.35,1,18,Moderate,Health,Natural,1,3,4,2500,South,0
CLM104243,69,1.0,4474.85,1448.49,2,85,Moderate,Life,Natural,1,1,1,2500,East,0
CLM104244,30,12.4,18832.84,6284.27,5,87,Moderate,Health,Accident,1,3,14,1000,South,0
CLM104245,36,14.7,7736.871854657329,6521.25,12,69,Minor,Health,Theft,1,3,8,2000,East,1
CLM104246,24,19.9,2432.04,3265.59,13,53,Total Loss,Auto,Theft,1,4,8,1500,North,0
CLM104247,26,13.7,5337.25,5439.46,9,79,Total Loss,Life,Medical,1,4,0,500,East,0
CLM104248,36,5.0,6030.62,4161.2,9,65,Major,Auto,Natural,0,2,11,1500,Central,0
CLM104249,62,2.6,40724.915325165166,2209.2,13,90,Total Loss,Life,Medical,1,1,12,1000,East,1
CLM104250,71,13.0,3631.08,6209.48,13,12,Major,Property,Theft,1,4,19,2500,North,0
CLM104251,57,10.7,40954.81,2470.65,12,64,Major,Health,Accident,0,2,12,500,East,0
CLM104252,39,18.0,13123.71,3053.36,5,11,Moderate,Auto,Accident,1,0,13,2000,South,0
CLM104253,35,14.7,11127.6,1925.14,4,70,Minor,Life,Fire,1,3,9,500,East,0
CLM104254,40,10.4,9555.84,5894.53,13,13,Minor,Auto,Accident,1,1,16,500,Central,0
CLM104255,19,8.4,13541.46,3940.43,12,41,Total Loss,Health,Natural,0,1,16,1500,Central,0
CLM104256,67,8.4,3472.3142810970517,3825.3,9,90,Major,Health,Fire,0,2,13,2500,West,1
CLM104257,67,4.9,70207.68,5034.22,11,47,Moderate,Property,Natural,0,4,16,2000,South,0
CLM104258,28,0.8,13230.55,1679.48,3,23,Major,Life,Medical,1,3,18,500,South,0
CLM104259,48,11.7,1537.44,7236.15,12,64,Moderate,Life,Medical,1,3,2,1000,East,0
CLM104260,50,4.6,14373.15,3988.32,12,16,Major,Property,Accident,0,1,3,1000,East,0
CLM104261,31,4.6,23297.334223524107,3248.95,13,60,Total Loss,Property,Fire,0,1,10,2500,Central,1
CLM104262,33,2.9,1364.97,1450.18,6,27,Total Loss,Life,Natural,1,3,15,500,West,0
CLM104263,28,4.2,39740.19,1759.66,2,32,Major,Life,Natural,1,0,12,2500,North,0
CLM104264,50,1.1,1159.35,7402.7,3,23,Minor,Auto,Theft,1,2,17,500,East,0
CLM104265,24,13.6,13936.69,3924.63,2,69,Moderate,Life,Accident,1,0,10,2000,South,0
CLM104266,48,8.3,49970.16,5916.38,14,84,Minor,Auto,Medical,1,4,10,1000,East,0
CLM104267,65,11.4,5069.35,1103.87,14,3,Minor,Auto,Theft,1,0,8,1500,West,0
CLM104268,63,12.9,15919.79003423615,5325.98,3,52,Major,Auto,Medical,1,0,1,2500,South,1
CLM104269,64,19.5,2435.8152164260487,7411.39,8,43,Moderate,Auto,Medical,1,4,2,2000,West,1
CLM104270,31,1.8,2029.82,2749.73,6,35,Moderate,Health,Natural,1,2,13,1000,South,0
CLM104271,45,8.6,3104.232287930112,4843.55,8,90,Total Loss,Property,Medical,1,3,15,2000,East,1
CLM104272,70,5.3,26944.98,7551.64,4,72,Major,Property,Fire,1,0,7,1500,West,0
CLM104273,60,9.8,28185.95,5894.92,7,30,Major,Life,Medical,0,2,15,500,Central,0
CLM104274,33,18.4,20457.78,967.44,8,3,Major,Property,Fire,1,4,3,500,South,0
CLM104275,36,14.6,7525.22,3340.53,6,83,Total Loss,Property,Medical,0,2,8,2000,West,0
CLM104276,34,13.4,26826.88,1143.3,9,7,Total Loss,Health,Theft,0,0,3,2000,West,0
CLM104277,43,9.1,12640.58,6959.88,13,26,Moderate,Auto,Natural,1,3,12,2500,North,0
CLM104278,23,13.6,6442.77,5162.47,0,35,Total Loss,Auto,Theft,1,4,1,2000,North,0
CLM104279,60,1.1,9624.51,7672.86,10,8,Major,Auto,Natural,0,4,17,500,East,0
CLM104280,66,11.9,2020.45,648.17,13,42,Major,Property,Theft,0,0,4,2000,Central,0
CLM104281,26,11.3,44481.45,3673.16,2,23,Minor,Property,Accident,1,2,16,1000,Central,0
CLM104282,67,7.3,15478.92,1282.73,10,36,Total Loss,Life,Medical,0,3,9,1000,West,0
CLM104283,34,4.4,20708.72,3128.66,4,40,Major,Health,Medical,1,4,3,500,West,0
CLM104284,48,16.2,17932.21,1714.15,2,25,Major,Health,Accident,1,0,5,2000,West,0
CLM104285,29,1.6,17528.01,2965.95,14,3,Moderate,Life,Accident,1,0,9,2000,South,0
CLM104286,40,1.9,2820.7291756475324,6644.47,5,39,Total Loss,Life,Fire,1,1,16,2000,East,1
CLM104287,71,9.1,12178.34,1705.24,1,19,Major,Life,Theft,1,1,4,1000,East,0
CLM104288,71,5.4,26865.18,4052.49,7,44,Moderate,Auto,Medical,1,2,6,500,North,0
CLM104289,22,15.0,4635.836495059905,7411.87,9,90,Minor,Auto,Fire,0,0,4,2500,West,1
CLM104290,60,12.9,47910.07,7990.84,12,68,Minor,Auto,Medical,1,2,7,1000,West,0
CLM104291,53,15.6,9278.87,2379.81,9,51,Moderate,Auto,Accident,1,2,0,500,South,0
CLM104292,53,6.8,6135.15,7516.76,2,63,Total Loss,Life,Fire,1,3,1,500,West,0
CLM104293,20,14.9,24627.25572508513,2460.42,7,37,Major,Life,Fire,1,1,15,2500,West,1
CLM104294,41,17.3,25232.91,3601.46,13,79,Total Loss,Life,Fire,1,2,7,1500,East,0
CLM104295,72,7.2,10658.36,7084.43,12,71,Moderate,Auto,Theft,1,3,14,2500,West,0
CLM104296,74,7.1,16539.03,6396.32,2,75,Major,Auto,Fire,0,3,10,2500,South,0
CLM104297,34,18.0,11394.64,6931.16,12,24,Major,Property,Medical,1,1,15,500,South,0
CLM104298,56,1.5,15965.45,6501.93,3,66,Major,Life,Theft,0,1,6,1500,Central,0
CLM104299,43,7.3,3228.04,2262.96,7,25,Total Loss,Health,Medical,1,0,16,1500,Central,0
CLM104300,21,2.8,1591.46,4690.96,8,80,Total Loss,Health,Fire,1,2,2,2000,North,0
CLM104301,72,1.1,8359.634257478623,3389.38,11,63,Moderate,Property,Fire,1,3,14,2500,South,1
CLM104302,62,2.7,6049.68,3947.83,8,51,Minor,Auto,Medical,0,0,3,2500,South,0
CLM104303,29,8.9,5382.5,1654.67,13,62,Moderate,Life,Natural,1,2,2,1500,East,0
CLM104304,18,13.9,41035.787379411915,2868.26,11,90,Major,Auto,Fire,1,2,10,1500,Central,1
CLM104305,38,6.1,10129.04,6932.35,6,44,Moderate,Auto,Fire,0,0,1,1500,North,0
CLM104306,36,17.1,1593.78,7231.69,6,57,Minor,Health,Theft,0,3,6,500,East,0
CLM104307,38,9.0,1532.32,5076.15,7,37,Moderate,Health,Medical,0,0,14,500,East,0
CLM104308,69,19.4,7032.941892675987,4237.0,16,59,Minor,Life,Fire,1,2,13,500,Central,1
CLM104309,35,19.1,7533.02,5846.3,9,45,Minor,Life,Medical,1,0,6,2500,East,0
CLM104310,60,15.6,1093.03,5066.4,11,70,Major,Auto,Theft,1,0,16,1500,Central,0
CLM104311,69,18.7,23577.368065378563,7877.56,15,38,Minor,Auto,Medical,1,2,9,500,South,1
CLM104312,20,14.3,7710.01,1925.67,2,5,Total Loss,Property,Medical,1,1,17,2000,South,0
CLM104313,66,18.0,24861.22344654022,3867.84,10,28,Moderate,Auto,Theft,1,3,13,1500,Central,1
CLM104314,61,5.1,45552.31205477303,7386.8,4,59,Moderate,Property,Fire,1,2,5,1500,West,1
CLM104315,49,7.2,5334.7,7360.53,12,78,Total Loss,Auto,Medical,0,1,18,1500,West,0
CLM104316,27,15.2,3563.31,4215.1,14,89,Total Loss,Auto,Natural,1,0,9,500,North,0
CLM104317,57,8.8,5887.06,1511.07,5,32,Major,Auto,Fire,0,1,16,1000,West,0
CLM104318,32,16.8,1026.47,6612.18,1,78,Moderate,Life,Theft,0,2,18,2000,North,0
CLM104319,22,17.6,2917.72,4888.74,6,61,Total Loss,Life,Accident,1,2,19,2000,Central,0
CLM104320,21,6.3,21844.32,6298.75,12,62,Major,Life,Natural,1,0,16,1000,Central,0
CLM104321,45,16.6,14297.699839618432,3968.93,7,74,Moderate,Property,Fire,1,2,13,2000,Central,1
CLM104322,70,3.5,78508.37,2029.13,10,38,Moderate,Property,Theft,1,4,6,500,North,0
CLM104323,69,7.0,3755.81,679.92,9,59,Total Loss,Life,Natural,0,1,18,1500,East,0
CLM104324,68,10.6,69396.09249389802,4693.54,7,90,Minor,Property,Fire,1,4,6,1000,North,1
CLM104325,70,4.9,37197.38511272779,1707.85,11,90,Minor,Life,Accident,1,4,11,1500,East,1
CLM104326,21,11.8,6832.04,1903.53,1,23,Total Loss,Health,Fire,1,1,5,2000,South,0
CLM104327,32,11.8,12608.094368489643,3772.29,5,65,Minor,Life,Accident,1,2,7,2500,South,1
CLM104328,34,4.5,13436.28,3815.58,4,32,Moderate,Health,Accident,1,1,8,2000,East,0
CLM104329,61,16.0,65789.85875179504,2557.9,11,88,Major,Auto,Medical,1,0,17,2000,East,1
CLM104330,20,12.8,8320.97,1489.42,14,73,Major,Property,Theft,1,4,9,1000,West,0
CLM104331,27,6.7,1946.97,7587.15,8,6,Total Loss,Property,Medical,0,4,15,1500,East,0
CLM104332,64,5.0,8036.12,1487.3,6,45,Major,Life,Accident,1,2,16,1000,East,0
CLM104333,59,17.6,4484.9,3130.79,13,61,Total Loss,Auto,Theft,0,1,0,500,Central,0
CLM104334,73,16.8,43004.21,2786.51,8,0,Minor,Auto,Theft,0,3,6,1500,North,0
CLM104335,40,5.0,18923.92,6997.53,3,78,Moderate,Auto,Theft,1,2,8,500,East,0
CLM104336,35,1.2,1782.55,3575.47,2,64,Minor,Auto,Natural,1,2,11,500,Central,0
CLM104337,18,16.2,10842.804619322322,1430.33,12,63,Total Loss,Property,Fire,1,2,0,1000,East,1
CLM104338,52,12.5,1772.81,576.96,3,83,Moderate,Life,Accident,1,1,9,2000,West,0
CLM104339,70,2.5,27580.82,5914.62,14,54,Moderate,Life,Theft,1,2,9,2500,East,0
CLM104340,48,12.0,36514.28,5858.76,6,65,Moderate,Health,Natural,0,0,9,2000,East,0
CLM104341,61,9.3,2786.48,3633.38,7,66,Minor,Property,Natural,1,0,6,2000,Central,0
CLM104342,18,15.6,25592.67251002162,1447.31,4,90,Moderate,Health,Accident,1,4,14,1500,East,1
CLM104343,20,4.6,64215.02521360179,3287.25,10,80,Minor,Auto,Medical,0,4,9,1000,Central,1
CLM104344,20,9.3,3353.52,4924.12,4,62,Minor,Life,Natural,1,1,15,1500,North,0
CLM104345,54,3.5,6177.63,5779.57,12,53,Moderate,Health,Accident,0,3,15,2500,Central,0
CLM104346,36,19.2,6442.0,1086.8,8,51,Total Loss,Property,Natural,1,4,19,1000,North,0
CLM104347,46,15.7,1457.79,4672.31,12,53,Moderate,Life,Accident,1,4,0,2000,East,0
CLM104348,42,14.9,2855.22149702584,2570.93,18,90,Moderate,Property,Theft,1,4,10,500,North,1
CLM104349,50,14.0,46798.14,5129.5,14,36,Minor,Life,Medical,1,4,18,2000,South,0
CLM104350,53,8.8,13697.71,5361.05,12,11,Moderate,Property,Natural,0,2,17,2000,South,0
CLM104351,46,18.5,6493.27,7329.53,2,58,Total Loss,Property,Natural,1,4,2,1000,Central,0
CLM104352,43,1.9,8138.51,3577.84,11,19,Moderate,Life,Natural,0,1,14,2000,West,0
CLM104353,21,16.2,30272.819561946886,4531.93,8,90,Total Loss,Property,Fire,1,2,5,2500,East,1
CLM104354,66,4.7,7847.84,2511.61,14,85,Major,Property,Fire,1,2,9,2000,South,0
CLM104355,31,6.8,4876.91,2649.18,9,31,Major,Auto,Theft,0,1,2,500,West,0
CLM104356,67,10.6,2611.06,845.25,11,70,Major,Life,Natural,1,3,9,1000,Central,0
CLM104357,44,15.8,20580.84,2645.52,4,85,Moderate,Health,Medical,1,4,15,2500,North,0
CLM104358,50,16.9,3987.1,978.72,1,43,Minor,Life,Fire,1,0,3,1000,East,0
CLM104359,39,11.9,2082.89,7729.37,1,65,Total Loss,Life,Accident,1,3,0,500,North,0
CLM104360,65,8.4,9351.85,5181.97,3,77,Major,Auto,Accident,1,4,17,1500,East,0
CLM104361,20,19.0,1605.63,1798.61,11,54,Total Loss,Health,Accident,1,0,3,2500,South,0
CLM104362,40,5.3,51285.28,1375.75,3,15,Minor,Health,Theft,1,2,4,500,West,0
CLM104363,38,16.2,15804.44,3275.92,14,87,Total Loss,Health,Natural,1,2,3,1500,Central,0
CLM104364,58,12.4,3485.45,2807.35,6,70,Total Loss,Property,Natural,1,2,18,500,East,0
CLM104365,40,7.8,3839.36,2594.41,13,67,Major,Property,Fire,1,4,19,1500,South,0
CLM104366,21,0.5,13653.57,4011.47,11,51,Total Loss,Property,Accident,0,1,18,1500,Central,0
CLM104367,38,9.2,7614.03,7346.55,13,36,Major,Health,Theft,0,2,2,1000,East,0
CLM104368,54,5.9,23326.02,4760.38,0,45,Minor,Life,Medical,1,2,19,2000,South,0
CLM104369,60,2.5,12838.48,4409.24,10,40,Major,Life,Natural,0,2,12,2000,Central,0
CLM104370,48,2.0,9519.77,6549.11,5,4,Total Loss,Health,Natural,0,4,19,500,North,0
CLM104371,38,7.3,50444.56,530.18,10,65,Minor,Health,Theft,0,0,17,1500,West,0
CLM104372,43,12.5,8432.38,1980.39,12,4,Moderate,Auto,Fire,1,3,5,2000,West,0
CLM104373,58,16.8,8677.67,4221.39,8,62,Moderate,Property,Theft,0,2,19,500,North,0
CLM104374,52,4.1,17439.0,5789.82,1,2,Minor,Property,Fire,0,3,5,500,West,0
CLM104375,55,8.8,25869.86,4137.71,11,7,Minor,Property,Natural,1,1,5,2500,West,0
CLM104376,41,8.1,15761.12,1727.87,4,25,Total Loss,Auto,Fire,1,1,16,1000,East,0
CLM104377,28,10.5,34944.11758582088,7474.87,12,90,Moderate,Auto,Fire,1,1,16,1000,South,1
CLM104378,58,16.3,8000.49,2964.99,14,52,Minor,Auto,Fire,1,2,4,1500,North,0
CLM104379,46,11.3,10794.39,6411.62,10,75,Moderate,Health,Fire,1,3,16,2000,South,0
CLM104380,64,17.0,4291.66,7185.6,9,83,Moderate,Auto,Accident,1,0,8,1500,West,0
CLM104381,72,10.6,18103.07,3098.37,3,28,Total Loss,Life,Accident,0,4,19,2000,South,0
CLM104382,20,12.3,4754.87,6839.84,3,13,Minor,Health,Accident,1,3,1,2000,Central,0
CLM104383,18,9.0,1018.86,5830.8,7,4,Major,Health,Accident,1,4,18,2000,North,0
CLM104384,69,16.6,65849.81765479853,7282.11,19,49,Minor,Property,Theft,0,3,8,2000,North,1
CLM104385,71,18.5,6479.58,2384.83,5,67,Moderate,Property,Medical,1,2,7,2000,North,0
CLM104386,36,13.0,10754.598673744049,7484.58,11,59,Major,Auto,Fire,1,0,18,2500,East,1
CLM104387,63,16.5,5682.63,989.8,10,2,Major,Life,Theft,1,2,12,2500,South,0
CLM104388,66,1.7,7017.19,6452.53,11,29,Moderate,Health,Accident,1,1,3,2000,South,0
CLM104389,39,18.2,10652.4,3767.49,8,8,Major,Health,Fire,0,0,5,500,East,0
CLM104390,31,4.2,2078.11,1834.17,12,0,Major,Health,Medical,1,3,3,500,North,0
CLM104391,66,5.5,1811.67,1095.52,2,22,Minor,Property,Fire,1,2,10,1000,East,0
CLM104392,74,1.5,6198.98,3421.61,10,66,Moderate,Property,Natural,1,4,9,2000,East,0
CLM104393,31,19.3,6259.67,3419.93,1,31,Total Loss,Life,Natural,1,2,15,500,West,0
CLM104394,61,17.1,6777.529525461371,2224.68,8,90,Major,Property,Theft,0,2,17,1000,North,1
CLM104395,33,18.3,15992.089285317134,2116.37,20,15,Moderate,Life,Medical,1,3,18,500,Central,1
CLM104396,50,17.0,6011.73,3496.36,7,76,Minor,Property,Theft,0,3,11,1000,West,0
CLM104397,30,9.9,1396.02,3575.85,12,48,Minor,Life,Fire,1,1,13,1500,North,0
CLM104398,55,18.5,33536.66,3817.74,8,14,Minor,Property,Medical,1,0,17,500,North,0
CLM104399,66,19.4,33575.86,7015.7,9,57,Major,Property,Theft,0,2,19,2000,North,0
CLM104400,29,10.3,4520.32,5084.41,4,52,Total Loss,Auto,Fire,0,4,0,2000,South,0
CLM104401,72,3.9,3666.68,653.25,7,29,Minor,Auto,Accident,1,3,12,2500,North,0
CLM104402,68,13.3,12887.64,4393.24,13,75,Total Loss,Auto,Fire,1,3,2,1500,North,0
CLM104403,55,19.5,15944.36,6218.38,10,39,Moderate,Life,Theft,0,1,13,1500,Central,0
CLM104404,56,17.5,87468.35824018455,923.11,13,72,Minor,Life,Medical,1,0,17,500,North,1
CLM104405,50,17.3,8106.52,3669.56,11,62,Major,Life,Medical,1,1,18,1000,East,0
CLM104406,50,18.7,29909.638973456764,3884.08,19,66,Minor,Life,Accident,1,3,0,2500,North,1
CLM104407,46,17.9,32578.29,7655.15,11,67,Major,Auto,Theft,0,4,14,1500,North,0
CLM104408,22,15.6,9966.29,4067.63,12,6,Moderate,Health,Accident,1,1,15,1500,North,0
CLM104409,23,14.5,2957.54,6124.25,8,46,Total Loss,Property,Natural,1,2,9,2000,South,0
CLM104410,48,5.7,8108.9,2771.77,3,42,Total Loss,Property,Fire,0,3,19,2000,West,0
CLM104411,33,12.6,3202.58,6344.8,14,15,Total Loss,Life,Natural,1,3,3,1000,South,0
CLM104412,48,10.7,1251.69,2919.97,12,21,Minor,Auto,Natural,1,1,10,500,Central,0
CLM104413,42,17.3,21887.89,3725.18,9,62,Minor,Health,Accident,1,4,15,1000,Central,0
CLM104414,65,10.1,5085.47,4096.12,2,45,Moderate,Auto,Accident,1,1,4,500,East,0
CLM104415,63,3.0,1030.14,7447.72,8,44,Total Loss,Property,Fire,1,4,18,2500,East,0
CLM104416,50,0.6,31886.63,900.9,7,40,Moderate,Life,Accident,1,3,10,1500,Central,0
CLM104417,30,13.7,9799.11,1976.5,14,24,Major,Life,Accident,1,1,17,1000,West,0
CLM104418,69,11.2,5094.07,5793.07,6,49,Minor,Auto,Accident,0,0,14,500,West,0
CLM104419,27,7.0,5573.24,4831.83,0,66,Total Loss,Life,Accident,0,1,1,2500,Central,0
CLM104420,41,3.8,5127.17,2386.49,1,51,Minor,Health,Accident,0,1,12,1000,North,0
CLM104421,27,9.6,11451.28061603926,2669.01,12,90,Total Loss,Property,Natural,1,0,11,1500,South,1
CLM104422,58,2.5,28604.12,3254.82,4,30,Total Loss,Health,Natural,0,0,13,2500,South,0
CLM104423,48,7.1,3800.94,3877.6,0,36,Minor,Auto,Fire,0,2,0,2000,North,0
CLM104424,30,7.9,13378.07,6635.2,8,21,Minor,Property,Medical,0,0,11,1500,West,0
CLM104425,20,9.6,2207.1,603.62,0,26,Moderate,Health,Fire,1,4,12,2000,South,0
CLM104426,67,9.6,45793.08,7235.15,7,1,Minor,Health,Theft,1,2,2,2500,South,0
CLM104427,69,5.5,14869.15,3597.7,4,21,Minor,Health,Fire,1,4,2,2500,East,0
CLM104428,51,17.1,36019.27,2228.73,13,52,Minor,Property,Fire,1,2,0,2000,West,0
CLM104429,66,7.4,8609.42,4313.1,10,16,Major,Property,Accident,0,2,10,500,Central,0
CLM104430,45,5.0,25964.12,5447.53,11,55,Major,Life,Accident,1,4,3,2500,Central,0
CLM104431,36,3.9,29826.77,835.64,5,83,Major,Auto,Accident,0,3,10,1000,North,0
CLM104432,40,6.8,19207.79,5868.33,0,87,Moderate,Life,Medical,1,3,1,1000,South,0
CLM104433,62,1.8,4251.0865658333305,6205.71,6,58,Moderate,Auto,Accident,1,1,18,2500,Central,1
CLM104434,49,1.1,1243.16,1746.37,6,42,Total Loss,Property,Theft,1,3,11,2000,North,0
CLM104435,30,12.3,3768.94,1759.11,1,71,Moderate,Health,Natural,0,1,12,2000,East,0
CLM104436,50,12.6,2885.09,2028.38,4,52,Minor,Life,Theft,0,3,16,1500,West,0
CLM104437,51,10.8,20372.27,6474.72,10,4,Total Loss,Property,Medical,0,1,18,2000,South,0
CLM104438,50,15.4,22231.566156585497,2540.02,12,33,Minor,Property,Accident,1,1,3,500,South,1
CLM104439,73,1.3,12196.66,6469.52,4,58,Total Loss,Property,Fire,0,0,5,500,North,0
CLM104440,22,18.8,12153.430430673598,4553.93,16,19,Moderate,Life,Natural,1,1,2,1000,South,1
CLM104441,73,2.4,9845.006483549272,6253.78,6,68,Major,Property,Medical,0,4,10,2500,West,1
CLM104442,20,13.6,4470.43,4652.55,10,66,Minor,Auto,Theft,1,4,11,1000,Central,0
CLM104443,24,3.1,8669.31,3018.27,12,83,Total Loss,Auto,Accident,1,1,11,2500,North,0
CLM104444,41,17.7,21214.37,7330.36,5,72,Major,Health,Medical,0,4,17,1000,West,0
CLM104445,39,10.5,9926.022348133878,5864.72,13,29,Minor,Life,Medical,1,3,13,2500,South,1
CLM104446,62,2.1,18990.4,4130.41,9,57,Minor,Life,Fire,1,4,10,2500,Central,0
CLM104447,40,12.5,11144.7,5280.71,13,46,Major,Life,Fire,1,0,16,1000,West,0
CLM104448,47,0.7,33499.96,5118.83,10,4,Moderate,Life,Fire,1,4,15,1500,Central,0
CLM104449,35,15.6,4977.36,3185.87,9,60,Major,Life,Theft,1,3,2,500,Central,0
CLM104450,49,13.2,9990.94,3678.29,10,55,Moderate,Property,Fire,1,3,3,2000,North,0
CLM104451,73,4.6,2524.92,2886.93,7,34,Total Loss,Property,Medical,1,1,7,500,South,0
CLM104452,70,7.8,11819.76215970367,7996.39,18,49,Moderate,Auto,Medical,1,2,10,2000,East,1
CLM104453,24,0.7,25966.680522535156,4850.48,5,55,Total Loss,Life,Medical,0,3,12,2500,East,1
CLM104454,50,14.0,54025.07067233095,1190.41,16,90,Total Loss,Life,Natural,1,1,11,1000,East,1
CLM104455,22,6.8,4311.14,4393.3,3,63,Total Loss,Life,Natural,1,1,4,1000,West,0
CLM104456,66,11.6,4690.28,874.71,9,78,Total Loss,Auto,Theft,1,4,15,2000,East,0
CLM104457,45,19.2,15977.89,2664.89,3,10,Minor,Life,Fire,0,4,0,1000,South,0
CLM104458,25,6.3,8230.12,3844.71,1,61,Total Loss,Life,Medical,0,1,8,1000,East,0
CLM104459,32,19.8,10869.45,4507.03,14,79,Minor,Property,Fire,1,0,13,1000,Central,0
CLM104460,69,12.8,28130.67,7821.36,6,46,Minor,Auto,Medical,1,1,7,500,Central,0
CLM104461,21,5.2,11369.73,7866.66,11,69,Total Loss,Property,Natural,0,4,2,1000,Central,0
CLM104462,51,9.0,40914.82184183289,1235.52,10,90,Moderate,Health,Medical,0,3,6,1500,East,1
CLM104463,22,14.9,17040.54,4536.0,3,57,Moderate,Life,Theft,1,0,3,2000,South,0
CLM104464,50,9.2,25414.94,6628.32,14,9,Major,Health,Accident,0,2,14,500,South,0
CLM104465,74,1.8,16247.45,2282.85,14,15,Minor,Life,Medical,1,3,11,500,East,0
CLM104466,22,3.8,2005.08,6129.22,12,11,Minor,Health,Theft,0,4,8,2500,South,0
CLM104467,55,15.9,7282.2,7089.64,11,70,Moderate,Property,Natural,0,3,17,2500,East,0
CLM104468,51,13.1,146961.77084971705,5468.66,14,90,Minor,Auto,Natural,0,3,12,1000,South,1
CLM104469,43,11.6,6682.258228812751,2957.78,8,68,Moderate,Health,Accident,0,4,2,500,North,1
CLM104470,18,3.8,27809.506807629394,7423.49,8,31,Major,Property,Fire,1,3,6,500,North,1
CLM104471,21,16.8,82816.5721765696,7126.4,13,76,Total Loss,Health,Fire,0,1,18,1000,South,1
CLM104472,56,19.2,14248.59,5868.69,8,69,Total Loss,Health,Medical,0,0,7,2000,Central,0
CLM104473,71,1.3,7984.68,3227.51,3,61,Total Loss,Auto,Natural,1,4,10,500,North,0
CLM104474,43,2.0,2254.45,6439.22,8,82,Major,Property,Theft,0,0,4,2500,West,0
CLM104475,50,17.8,7733.38,2870.82,0,71,Minor,Auto,Accident,0,1,15,1000,East,0
CLM104476,50,16.4,4014.63,2397.15,10,61,Major,Life,Fire,0,4,2,500,West,0
CLM104477,25,12.5,49610.23,4362.6,8,49,Minor,Auto,Medical,1,1,0,2500,South,0
CLM104478,37,18.9,19830.67,7978.51,14,76,Minor,Auto,Medical,1,2,9,1500,South,0
CLM104479,33,13.1,21757.45,6532.41,0,53,Total Loss,Health,Natural,1,2,9,500,Central,0
CLM104480,38,4.7,9589.7,5973.45,14,53,Moderate,Health,Theft,1,2,15,1000,North,0
CLM104481,62,14.7,2747.41,3890.1,6,27,Moderate,Health,Theft,1,0,10,2500,North,0
CLM104482,72,13.1,5653.34,2839.63,5,50,Total Loss,Property,Fire,1,2,18,500,West,0
CLM104483,73,19.7,5510.72,6919.26,6,73,Minor,Auto,Medical,1,2,19,2500,North,0
CLM104484,43,4.7,11005.74,4758.0,8,32,Major,Life,Natural,0,1,12,1000,South,0
CLM104485,40,12.2,10270.03,6599.41,9,0,Total Loss,Health,Theft,1,3,14,500,Central,0
CLM104486,35,15.7,9521.74,4158.15,3,84,Total Loss,Life,Medical,1,3,9,1000,East,0
CLM104487,48,7.1,11277.01,6154.68,11,68,Major,Auto,Theft,0,2,3,2000,West,0
CLM104488,69,7.9,66168.75,7008.06,8,0,Minor,Auto,Accident,0,3,18,500,West,0
CLM104489,59,17.8,6314.89,3435.43,2,54,Total Loss,Auto,Theft,1,2,14,500,East,0
CLM104490,29,8.4,15328.17,601.77,9,84,Total Loss,Life,Theft,0,2,5,2500,South,0
CLM104491,18,12.7,5106.84,2411.95,10,88,Minor,Life,Medical,1,0,16,500,West,0
CLM104492,59,17.8,10427.43,7361.86,10,83,Major,Life,Theft,0,4,12,2000,North,0
CLM104493,26,4.6,4348.08,5656.57,8,44,Major,Auto,Theft,1,3,19,2500,North,0
CLM104494,20,19.6,13253.21,6029.14,12,72,Moderate,Auto,Accident,0,2,16,2500,North,0
CLM104495,68,14.2,5618.51,2939.66,0,79,Moderate,Health,Theft,1,3,14,1500,Central,0
CLM104496,43,10.2,1562.24,5759.55,13,39,Major,Property,Theft,1,0,6,500,East,0
CLM104497,26,8.9,26332.99,5347.12,4,60,Moderate,Life,Medical,1,0,10,1500,South,0
CLM104498,59,19.1,3058.88,1837.8,14,35,Moderate,Property,Natural,1,2,17,2000,North,0
CLM104499,68,4.5,7883.91,7765.18,9,23,Minor,Life,Accident,1,3,19,500,North,0
CLM104500,33,6.6,10727.7,3155.19,4,79,Total Loss,Life,Theft,1,3,18,1500,Central,0
CLM104501,41,6.5,9497.19,2969.65,0,13,Moderate,Property,Natural,0,3,7,1500,North,0
CLM104502,67,6.1,20401.12,3268.71,0,87,Moderate,Property,Medical,0,0,17,2500,Central,0
CLM104503,31,9.6,14623.97,1187.9,2,74,Minor,Life,Accident,1,1,9,1500,East,0
CLM104504,20,19.8,6251.26,5187.23,8,0,Major,Auto,Medical,0,1,17,1500,West,0
CLM104505,51,17.8,1796.31,2289.68,6,46,Moderate,Health,Natural,1,3,16,500,North,0
CLM104506,50,6.9,22889.11,6524.85,5,75,Total Loss,Life,Accident,1,3,8,500,North,0
CLM104507,67,8.7,7520.18,3456.17,8,20,Moderate,Health,Theft,1,4,2,2500,East,0
CLM104508,41,13.6,34071.64,3939.19,3,72,Total Loss,Auto,Natural,1,2,14,500,West,0
CLM104509,26,0.8,15663.602460780668,5348.17,5,58,Major,Auto,Medical,1,0,11,2000,Central,1
CLM104510,30,16.5,19969.57,6214.03,2,2,Moderate,Health,Accident,0,4,16,2500,West,0
CLM104511,19,17.7,43092.73,2233.36,4,15,Total Loss,Life,Natural,1,3,5,2000,North,0
CLM104512,24,17.2,16796.8,7747.21,4,67,Total Loss,Health,Natural,0,1,8,500,East,0
CLM104513,65,7.8,9003.46,5167.41,11,25,Total Loss,Life,Medical,1,1,9,500,South,0
CLM104514,38,9.5,13569.1,542.29,13,53,Major,Property,Medical,1,4,2,2500,East,0
CLM104515,36,0.7,12760.7,3617.17,9,12,Total Loss,Life,Theft,1,1,5,1500,Central,0
CLM104516,42,8.3,14185.65,3776.13,6,60,Minor,Property,Theft,1,1,12,1000,Central,0
CLM104517,64,9.5,8187.03509306445,6568.74,13,50,Major,Property,Natural,0,2,13,1000,North,1
CLM104518,39,18.2,18985.27,2788.55,14,82,Total Loss,Health,Medical,1,3,3,500,East,0
CLM104519,28,17.9,3350.57,2984.2,5,26,Major,Property,Natural,1,4,9,2000,South,0
CLM104520,50,19.3,3493.1094194514344,1028.71,8,18,Major,Health,Fire,0,0,18,2500,East,1
CLM104521,49,17.8,15703.65,2626.6,6,9,Minor,Health,Medical,0,0,15,1500,Central,0
CLM104522,38,0.7,6395.10580914997,5877.21,16,90,Total Loss,Auto,Fire,0,3,6,500,East,1
CLM104523,56,13.0,23072.01,5260.68,1,88,Major,Health,Fire,1,0,4,2000,North,0
CLM104524,37,1.8,67566.35938105696,1110.46,15,45,Major,Auto,Medical,1,1,11,500,Central,1
CLM104525,25,5.8,44434.72,1360.2,11,14,Total Loss,Auto,Theft,0,2,14,1000,East,0
CLM104526,59,11.8,17380.97,3326.94,8,46,Minor,Health,Natural,1,4,0,500,East,0
CLM104527,54,14.2,18600.135420433962,6078.18,8,37,Moderate,Life,Accident,1,4,5,2000,North,1
CLM104528,26,13.3,7514.48,6746.89,1,15,Total Loss,Life,Accident,0,1,18,1000,North,0
CLM104529,42,1.5,11127.4,609.68,9,80,Moderate,Health,Medical,0,3,4,500,East,0
CLM104530,42,2.5,4167.34,2967.58,1,59,Total Loss,Property,Theft,1,2,8,1000,South,0
CLM104531,50,3.0,7425.39,3681.96,12,79,Total Loss,Health,Theft,1,0,6,2500,Central,0
CLM104532,19,2.3,19984.03,7333.5,5,81,Major,Property,Theft,1,4,8,2000,East,0
CLM104533,36,4.0,4677.44,4260.55,10,48,Total Loss,Life,Accident,1,4,15,2000,North,0
CLM104534,63,13.9,5599.25,2522.76,6,3,Minor,Property,Fire,0,3,4,2500,Central,0
CLM104535,37,16.7,21754.16,3425.35,8,65,Minor,Health,Accident,0,2,9,2000,North,0
CLM104536,59,8.5,3937.23,3773.26,14,48,Total Loss,Property,Theft,0,0,14,2000,Central,0
CLM104537,58,14.0,5233.21,5524.97,3,30,Major,Auto,Accident,0,4,14,500,East,0
CLM104538,59,4.4,1265.55,808.16,7,65,Major,Auto,Accident,1,4,12,1500,West,0
CLM104539,46,19.5,20097.25,3420.89,13,53,Moderate,Health,Natural,1,0,19,500,West,0
CLM104540,23,7.3,15431.23,5349.16,9,1,Total Loss,Health,Medical,0,2,17,2500,Central,0
CLM104541,34,17.0,18781.46,2624.92,14,60,Moderate,Health,Fire,1,2,6,2500,North,0
CLM104542,42,18.9,4618.23,4938.13,12,14,Major,Life,Natural,0,2,7,1500,North,0
CLM104543,55,17.4,18441.33,3179.59,1,59,Minor,Life,Medical,1,4,7,500,North,0
CLM104544,21,1.8,14609.1,6190.41,5,42,Major,Life,Theft,1,1,10,500,East,0
CLM104545,47,13.2,23287.53649891881,954.48,5,56,Minor,Auto,Natural,1,4,8,500,Central,1
CLM104546,37,2.8,9639.15,7384.71,7,84,Moderate,Property,Medical,1,3,5,1000,East,0
CLM104547,20,0.6,13587.19,1787.09,8,29,Major,Auto,Natural,1,3,19,1000,West,0
CLM104548,40,1.5,11197.31,1689.1,1,62,Minor,Property,Accident,1,4,1,500,West,0
CLM104549,68,18.4,16401.13,6804.82,6,23,Moderate,Property,Accident,1,4,4,1000,North,0
CLM104550,35,18.2,7050.64548650653,7019.62,12,54,Major,Health,Natural,1,0,3,500,North,1
CLM104551,43,4.9,12671.1,1197.3,7,13,Total Loss,Health,Natural,1,2,19,2500,Central,0
CLM104552,73,11.2,9975.18,7315.39,12,27,Major,Life,Fire,1,0,14,500,West,0
CLM104553,53,19.1,22824.456702845197,2549.73,7,40,Moderate,Health,Theft,1,3,6,1000,Central,1
CLM104554,25,10.2,10505.7,5139.66,10,55,Major,Auto,Accident,1,3,0,1500,West,0
CLM104555,34,8.2,32989.09,1014.45,12,33,Moderate,Auto,Natural,1,1,18,2500,South,0
CLM104556,48,9.9,26608.03,3354.96,2,77,Minor,Auto,Medical,0,2,17,2000,Central,0
CLM104557,54,15.9,15896.36,3880.43,0,88,Major,Health,Theft,1,2,1,1500,South,0
CLM104558,62,9.8,34977.29006288544,4998.7,8,39,Moderate,Health,Medical,1,3,12,1500,East,1
CLM104559,74,15.8,3349.7688681414384,4439.54,5,82,Moderate,Property,Theft,1,0,13,2000,West,1
CLM104560,50,8.9,21438.18,3961.2,1,60,Total Loss,Property,Medical,1,4,2,2500,South,0
CLM104561,44,5.4,10987.79,7697.3,5,60,Minor,Health,Accident,0,2,15,2000,East,0
CLM104562,62,6.9,19034.13163428506,1887.67,12,68,Total Loss,Auto,Natural,1,4,13,2500,Central,1
CLM104563,21,2.0,3258.45,1684.96,9,19,Total Loss,Health,Natural,0,3,14,2500,South,0
CLM104564,39,10.2,2172.81,5850.64,6,41,Major,Life,Fire,1,1,2,2500,South,0
CLM104565,43,3.4,4163.007940934171,1059.14,18,31,Moderate,Life,Natural,1,3,1,1500,East,1
CLM104566,49,16.3,3647.41,4121.69,7,78,Moderate,Auto,Accident,1,4,2,2500,South,0
CLM104567,41,8.7,1459.11,4130.4,12,72,Moderate,Life,Theft,0,3,8,2000,East,0
CLM104568,63,15.4,20787.51,2825.19,13,67,Major,Health,Theft,1,2,7,1500,West,0
CLM104569,52,19.1,8009.387784508583,7478.33,4,43,Major,Health,Natural,0,4,18,2500,West,1
CLM104570,54,17.1,7900.57,2619.08,13,86,Minor,Property,Medical,1,4,19,1000,West,0
CLM104571,49,19.1,26950.05,2663.31,10,69,Total Loss,Life,Natural,0,1,19,1000,South,0
CLM104572,24,11.6,2826.71,2257.25,11,75,Minor,Life,Theft,1,2,14,2500,South,0
CLM104573,50,3.7,28081.25,1593.41,9,46,Minor,Life,Fire,1,0,11,1000,North,0
CLM104574,48,18.7,16305.63,3230.08,12,50,Major,Life,Theft,0,1,13,500,North,0
CLM104575,72,17.4,7278.93,5606.65,5,57,Moderate,Auto,Medical,0,2,17,1500,East,0
CLM104576,29,17.4,2880.17,6066.22,12,21,Major,Auto,Medical,1,0,1,500,South,0
CLM104577,28,14.0,2439.29,6600.64,5,23,Major,Health,Fire,0,4,10,1500,East,0
CLM104578,41,12.7,21037.85827403799,1981.58,11,59,Major,Life,Medical,0,1,0,2000,Central,1
CLM104579,25,0.8,3268.31,767.25,11,62,Minor,Property,Natural,1,4,18,1000,South,0
CLM104580,49,15.1,15182.007169581748,7810.14,2,74,Moderate,Health,Natural,1,4,13,1000,Central,1
CLM104581,74,2.3,1816.14,607.49,1,18,Major,Health,Theft,0,4,8,1000,South,0
CLM104582,55,5.6,14558.34,7705.09,12,23,Minor,Auto,Accident,1,2,2,2500,West,0
CLM104583,39,11.3,3354.65,6716.11,8,63,Major,Health,Natural,1,0,13,1500,East,0
CLM104584,51,9.3,22203.89,7340.56,7,19,Total Loss,Property,Natural,1,2,19,2500,North,0
CLM104585,36,0.8,14058.238766372484,3403.89,17,47,Moderate,Life,Fire,1,4,2,1000,West,1
CLM104586,69,16.6,24990.57,1979.01,12,57,Minor,Health,Natural,1,1,3,2000,North,0
CLM104587,37,17.6,4158.63,5048.48,3,43,Total Loss,Property,Theft,1,4,1,1000,South,0
CLM104588,73,13.8,20167.87,6059.38,5,64,Major,Auto,Fire,1,0,1,2500,Central,0
CLM104589,31,11.1,7076.16,1481.46,1,45,Total Loss,Auto,Natural,0,2,14,1000,Central,0
CLM104590,50,19.2,14124.35,6482.16,11,53,Total Loss,Life,Theft,0,0,12,500,West,0
CLM104591,27,2.8,1591.44,2064.45,4,38,Minor,Health,Fire,1,2,19,500,North,0
CLM104592,33,14.9,11255.21,4187.58,1,6,Moderate,Property,Accident,1,0,10,2500,East,0
CLM104593,21,3.0,3414.65,6923.62,14,53,Moderate,Auto,Theft,1,0,13,500,East,0
CLM104594,44,7.9,10992.33,1950.68,12,42,Minor,Property,Natural,1,2,16,1500,East,0
CLM104595,45,11.9,3286.07,2314.13,4,19,Major,Auto,Fire,1,2,14,1500,North,0
CLM104596,60,14.9,9619.51,970.78,6,83,Total Loss,Auto,Accident,0,2,13,2500,Central,0
CLM104597,33,0.6,2758.47,1599.61,6,24,Moderate,Life,Theft,0,3,18,500,Central,0
CLM104598,69,5.6,4725.99,1598.94,8,42,Moderate,Property,Accident,1,0,1,1500,West,0
CLM104599,50,11.0,14560.95,2025.71,2,84,Total Loss,Property,Theft,1,3,3,500,North,0
CLM104600,65,10.9,57364.21,2646.5,11,72,Major,Property,Natural,0,3,7,1000,South,0
CLM104601,36,12.9,9945.34,6612.38,3,26,Total Loss,Auto,Theft,1,4,11,500,South,0
CLM104602,38,6.4,48738.70736115814,7368.23,14,40,Minor,Life,Natural,1,3,12,500,East,1
CLM104603,39,11.0,12629.18,3547.1,13,35,Minor,Property,Theft,1,3,17,2500,Central,0
CLM104604,26,4.2,11348.03,1461.57,7,65,Major,Health,Fire,0,2,16,1000,Central,0
CLM104605,26,4.1,5303.535254178037,2178.57,13,40,Moderate,Property,Theft,1,2,12,1500,North,1
CLM104606,26,11.7,8507.489627225455,6021.54,8,90,Moderate,Auto,Theft,1,1,11,1500,North,1
CLM104607,44,13.9,33191.12,5580.69,7,78,Major,Life,Medical,0,0,6,500,West,0
CLM104608,34,2.8,19040.19344058203,7754.05,11,73,Major,Property,Medical,1,3,15,2000,North,1
CLM104609,61,2.9,15291.69,608.67,11,20,Minor,Property,Theft,0,3,13,2000,West,0
CLM104610,74,11.5,12269.06,6130.69,3,49,Minor,Property,Medical,1,0,4,1500,East,0
CLM104611,62,5.8,8143.52,4293.45,4,15,Major,Health,Natural,1,2,10,500,East,0
CLM104612,25,8.2,8360.85,7270.2,8,65,Moderate,Auto,Medical,1,2,7,500,Central,0
CLM104613,33,8.3,13160.9,4821.25,6,25,Total Loss,Health,Theft,1,0,8,1000,Central,0
CLM104614,35,4.0,3282.27,3850.01,13,43,Total Loss,Health,Accident,0,0,17,2500,Central,0
CLM104615,50,0.5,8347.2,5493.88,3,28,Total Loss,Auto,Accident,1,2,7,2000,South,0
CLM104616,18,17.1,19497.942353076945,6751.43,11,75,Minor,Auto,Theft,1,0,6,500,West,1
CLM104617,29,14.4,146697.82562380913,2618.74,17,90,Major,Property,Theft,1,2,7,1500,East,1
CLM104618,23,14.0,7495.35,1306.45,0,48,Moderate,Auto,Accident,0,0,14,2000,West,0
CLM104619,58,11.2,29191.036071839106,3747.64,3,25,Minor,Property,Fire,0,2,18,2500,South,1
CLM104620,72,14.2,8312.44410274693,2108.9,10,46,Major,Health,Medical,1,1,3,500,South,1
CLM104621,22,18.7,2015.86,3721.56,14,8,Major,Property,Fire,1,2,6,2000,East,0
CLM104622,33,13.5,31782.3,7932.86,7,76,Total Loss,Auto,Natural,0,2,3,500,East,0
CLM104623,35,5.7,20680.88,4805.92,14,31,Total Loss,Property,Accident,1,3,14,2500,Central,0
CLM104624,66,11.6,20162.577100569073,5702.0,17,78,Moderate,Health,Accident,0,2,1,1000,South,1
CLM104625,35,9.1,11535.18,5584.46,0,58,Moderate,Auto,Fire,1,0,11,2000,Central,0
CLM104626,18,11.4,3188.3,6655.26,12,31,Total Loss,Auto,Natural,1,4,5,2500,East,0
CLM104627,36,10.6,19421.95,7580.96,14,83,Total Loss,Life,Fire,1,0,5,1000,South,0
CLM104628,71,17.2,2093.89,5441.14,10,42,Major,Property,Natural,0,3,13,1000,South,0
CLM104629,25,13.2,22222.45,4070.71,1,82,Moderate,Property,Theft,1,0,5,2500,North,0
CLM104630,20,4.2,12872.53,2883.73,12,58,Major,Property,Theft,0,1,0,1500,South,0
CLM104631,42,1.7,5903.63,3202.06,3,29,Moderate,Health,Accident,0,4,5,2500,Central,0
CLM104632,22,8.8,73891.32407105969,3008.6,6,27,Moderate,Health,Theft,1,4,17,500,North,1
CLM104633,72,0.8,181304.43601460435,2933.49,4,90,Minor,Auto,Fire,0,3,15,1500,South,1
CLM104634,57,6.7,5402.47,5709.69,4,25,Total Loss,Auto,Natural,1,4,0,1000,North,0
CLM104635,36,7.7,45048.19832011578,4907.82,13,27,Minor,Health,Accident,0,2,18,2000,South,1
CLM104636,35,7.8,21804.4,2014.96,5,33,Moderate,Property,Theft,0,3,17,1000,West,0
CLM104637,67,19.6,21626.76,7772.2,14,40,Major,Property,Accident,0,1,1,2000,Central,0
CLM104638,70,6.4,48280.74,3707.94,5,85,Moderate,Health,Accident,1,4,18,2000,Central,0
CLM104639,48,5.7,30116.400030624638,4745.65,8,46,Minor,Property,Natural,0,4,16,2500,North,1
CLM104640,50,3.0,50987.41160305226,5769.51,8,90,Total Loss,Health,Fire,1,3,17,2500,West,1
CLM104641,64,10.5,27048.62,5102.58,2,54,Major,Property,Fire,1,4,3,1000,North,0
CLM104642,35,3.5,29777.32490733214,2832.89,16,79,Moderate,Property,Medical,1,4,17,2500,North,1
CLM104643,74,12.5,10850.24,6482.8,5,84,Moderate,Life,Fire,1,1,4,1000,East,0
CLM104644,56,3.5,6755.29,1326.15,5,35,Total Loss,Auto,Theft,1,1,11,2500,North,0
CLM104645,33,11.7,23768.32,4767.47,4,39,Moderate,Property,Medical,1,3,14,2500,South,0
CLM104646,33,16.6,18384.79,2549.88,5,22,Moderate,Property,Medical,0,4,14,2000,East,0
CLM104647,64,1.3,9998.68,5118.22,10,25,Total Loss,Health,Medical,1,0,2,1500,East,0
CLM104648,55,8.7,22343.31487279624,2134.95,7,47,Minor,Life,Medical,1,3,2,2500,North,1
CLM104649,58,9.5,2130.39,6291.5,12,78,Minor,Life,Fire,0,1,10,2500,East,0
CLM104650,24,15.9,1097.84,2206.52,0,33,Minor,Health,Medical,0,0,19,1000,Central,0
CLM104651,31,9.6,12290.08,7177.94,5,85,Minor,Health,Theft,1,4,13,2000,East,0
CLM104652,60,11.6,9106.21,6961.66,4,27,Major,Health,Theft,0,3,6,2000,East,0
CLM104653,70,15.9,71797.81244430217,3217.95,12,74,Major,Property,Accident,1,3,17,1500,South,1
CLM104654,65,11.4,12734.73,3393.65,8,63,Total Loss,Health,Theft,0,1,5,1500,Central,0
CLM104655,42,7.5,42399.48,5761.28,13,70,Total Loss,Auto,Accident,1,2,5,1500,East,0
CLM104656,49,2.2,12577.818891926148,1177.8,9,87,Total Loss,Health,Theft,0,2,10,2500,South,1
CLM104657,55,14.7,70304.78,1106.9,12,61,Major,Property,Medical,1,2,2,1000,Central,0
CLM104658,39,17.5,6305.6,1522.43,11,41,Moderate,Auto,Natural,0,3,13,500,East,0
CLM104659,33,19.4,16426.11,4718.57,11,23,Major,Property,Medical,1,1,11,1000,North,0
CLM104660,69,18.6,11452.92,1617.52,9,34,Minor,Auto,Fire,1,1,13,2000,East,0
CLM104661,46,16.0,7684.38,2582.13,3,76,Minor,Auto,Accident,1,2,14,1500,Central,0
CLM104662,33,13.0,3250.3,5351.84,2,54,Moderate,Auto,Natural,0,0,8,500,East,0
CLM104663,29,15.7,8638.888979850719,617.18,12,82,Total Loss,Property,Theft,1,2,18,2000,Central,1
CLM104664,34,8.9,45592.40852657089,1851.77,16,90,Major,Auto,Medical,1,3,11,1500,North,1
CLM104665,54,12.1,8113.58,7474.48,0,58,Moderate,Life,Accident,1,0,6,500,East,0
CLM104666,44,7.3,49777.95,5476.83,6,82,Moderate,Life,Accident,1,1,16,1000,Central,0
CLM104667,42,6.9,19023.040170061486,2791.63,8,53,Major,Property,Theft,0,4,13,2000,South,1
CLM104668,30,15.3,62587.5,839.78,3,84,Moderate,Life,Accident,0,0,14,2500,East,0
CLM104669,25,9.4,4449.19,4895.37,8,60,Total Loss,Auto,Theft,1,1,13,500,North,0
CLM104670,73,4.6,2627.39,2171.5,6,79,Major,Health,Theft,0,0,18,500,South,0
CLM104671,22,4.4,13627.3223954606,7701.32,14,56,Major,Health,Medical,1,2,18,1000,East,1
CLM104672,29,17.3,33518.82,5652.21,12,68,Moderate,Auto,Accident,1,0,13,1000,Central,0
CLM104673,58,13.7,12067.52,7805.93,7,59,Total Loss,Life,Fire,1,0,7,2000,West,0
CLM104674,20,11.1,3186.66,6866.74,3,5,Total Loss,Auto,Fire,0,0,12,2500,South,0
CLM104675,52,8.3,8875.545664666362,4122.71,13,90,Minor,Health,Medical,1,3,3,1500,Central,1
CLM104676,50,8.9,6593.39,5521.72,11,10,Major,Health,Medical,1,3,11,500,South,0
CLM104677,74,1.6,29074.50504449467,6590.8,12,37,Minor,Property,Theft,1,2,0,500,East,1
CLM104678,39,9.4,7060.52,4836.34,7,78,Total Loss,Health,Fire,0,4,4,2000,North,0
CLM104679,67,16.0,21618.69,961.16,3,50,Total Loss,Property,Accident,1,3,3,1500,North,0
CLM104680,73,8.1,15368.16,4028.35,14,18,Minor,Life,Fire,0,4,15,1500,South,0
CLM104681,61,8.0,32051.13,1479.3,0,49,Major,Auto,Medical,0,3,18,1500,West,0
CLM104682,26,0.8,20553.563237317478,5861.35,13,90,Minor,Property,Medical,1,1,19,2000,East,1
CLM104683,58,9.4,7033.52,5604.72,14,2,Total Loss,Auto,Theft,1,1,18,500,Central,0
CLM104684,35,1.0,84876.51,7946.81,7,2,Total Loss,Property,Accident,1,0,2,1000,East,0
CLM104685,67,11.6,7592.31,5216.07,0,30,Moderate,Life,Medical,1,4,15,500,West,0
CLM104686,46,10.4,9395.06,6501.03,12,46,Moderate,Life,Accident,0,0,6,1000,Central,0
CLM104687,56,16.9,25842.22,2512.16,11,7,Minor,Property,Fire,1,0,4,1000,West,0
CLM104688,44,11.8,2392.2,3050.18,2,16,Moderate,Property,Theft,1,3,19,2000,East,0
CLM104689,53,6.8,20274.752313027962,7377.68,9,83,Total Loss,Life,Fire,1,3,0,1500,East,1
CLM104690,62,10.6,2344.11,6163.94,2,59,Major,Auto,Medical,0,0,10,2000,South,0
CLM104691,34,14.1,3250.24,5414.52,12,74,Major,Life,Medical,1,3,16,1000,West,0
CLM104692,73,2.3,1069.77,2405.21,7,20,Minor,Auto,Accident,1,1,11,500,North,0
CLM104693,51,12.6,1143.85,5739.33,4,69,Moderate,Property,Medical,1,1,17,1000,West,0
CLM104694,63,18.4,8177.5,7150.73,2,20,Minor,Auto,Accident,1,4,1,2000,West,0
CLM104695,20,6.3,64411.60351056972,2230.98,7,90,Moderate,Property,Natural,0,1,9,500,Central,1
CLM104696,22,12.7,14264.77,5795.93,4,54,Major,Auto,Medical,0,0,18,1500,Central,0
CLM104697,31,16.5,16114.34,3452.7,7,27,Moderate,Property,Fire,1,2,15,2000,South,0
CLM104698,20,10.5,11986.09,1390.76,11,80,Moderate,Health,Fire,1,3,7,2500,North,0
CLM104699,40,14.5,74491.81663935591,6225.96,11,90,Minor,Health,Accident,1,0,1,1000,East,1
CLM104700,56,6.6,32851.37,1753.53,5,74,Major,Life,Natural,0,3,4,1500,North,0
CLM104701,47,6.5,29430.89,2396.72,9,45,Moderate,Life,Medical,1,4,3,1500,North,0
CLM104702,67,13.5,26080.24,6372.07,2,43,Major,Property,Theft,1,0,3,500,North,0
CLM104703,62,14.3,4026.48,6066.0,1,88,Moderate,Auto,Theft,1,0,0,2000,South,0
CLM104704,40,18.8,14516.46,2406.37,10,24,Major,Property,Fire,1,0,14,1000,South,0
CLM104705,44,4.9,14089.97,7557.23,2,70,Moderate,Health,Medical,1,4,12,2500,North,0
CLM104706,71,9.6,12259.86,2114.64,8,48,Total Loss,Health,Theft,0,0,16,1000,East,0
CLM104707,27,5.4,10832.36,7952.17,6,45,Major,Property,Accident,1,3,5,2000,East,0
CLM104708,42,2.1,6102.755032316481,6034.25,21,90,Total Loss,Health,Medical,0,2,19,1500,East,1
CLM104709,30,8.4,2616.51,3443.81,10,62,Total Loss,Life,Fire,1,0,12,2500,South,0
CLM104710,33,7.8,35884.98,1477.62,10,76,Total Loss,Property,Natural,1,4,11,500,Central,0
CLM104711,58,5.8,15921.34,2903.82,8,87,Moderate,Life,Accident,1,4,11,2000,East,0
CLM104712,51,6.3,5563.62,1953.04,12,11,Major,Life,Accident,0,0,19,1000,Central,0
CLM104713,72,7.5,5912.99,5163.8,14,77,Moderate,Life,Medical,0,4,9,2000,North,0
CLM104714,54,19.8,15131.62,3176.41,5,56,Moderate,Health,Natural,1,1,1,500,East,0
CLM104715,39,15.8,8836.77,2712.55,7,72,Major,Auto,Accident,1,4,14,1000,North,0
CLM104716,34,1.9,9732.79,6178.5,9,63,Minor,Auto,Natural,1,2,18,2500,North,0
CLM104717,40,17.5,5175.63892417154,2229.5,14,57,Moderate,Auto,Fire,1,1,3,1000,West,1
CLM104718,71,12.8,3240.37,4901.67,8,3,Total Loss,Life,Accident,1,3,13,1000,North,0
CLM104719,53,17.9,21525.161734159406,1959.47,5,85,Moderate,Property,Theft,1,1,0,500,North,1
CLM104720,66,7.2,19043.92,5860.99,6,82,Minor,Life,Fire,1,2,0,1000,South,0
CLM104721,26,9.6,1738.25,5188.41,8,64,Total Loss,Life,Fire,0,1,17,2000,North,0
CLM104722,69,18.0,7109.55,6486.15,1,5,Moderate,Property,Accident,1,0,14,1500,East,0
CLM104723,19,5.8,18815.19,1013.73,11,64,Major,Auto,Theft,0,4,10,500,South,0
CLM104724,49,18.4,24556.92,2075.79,6,88,Total Loss,Auto,Natural,1,0,17,500,West,0
CLM104725,73,16.7,4164.9,1658.45,4,21,Minor,Auto,Theft,1,0,9,500,West,0
CLM104726,67,19.6,52751.429243668485,1929.21,12,31,Moderate,Life,Fire,1,0,3,2000,North,1
CLM104727,70,6.8,95824.24570385682,1272.61,8,90,Major,Life,Accident,1,1,13,2000,Central,1
CLM104728,39,5.1,36597.07,4715.61,0,28,Total Loss,Health,Theft,0,3,17,2000,West,0
CLM104729,60,7.0,24365.22,4950.74,10,66,Total Loss,Auto,Theft,1,4,0,2000,West,0
CLM104730,30,19.1,19688.95,6826.17,12,16,Major,Life,Fire,1,1,6,1000,West,0
CLM104731,25,7.0,5020.9,3633.04,14,1,Minor,Health,Natural,1,0,3,500,East,0
CLM104732,18,11.5,16072.86,4492.89,9,31,Total Loss,Life,Theft,0,2,3,500,Central,0
CLM104733,34,8.4,48543.032464219126,7934.78,10,43,Minor,Life,Theft,0,2,17,2500,North,1
CLM104734,29,8.2,8833.89,4488.84,14,57,Minor,Auto,Medical,0,0,8,1500,North,0
CLM104735,21,4.3,11189.12,4801.82,5,52,Major,Property,Fire,0,3,1,1000,South,0
CLM104736,70,11.0,18763.95,7969.38,12,85,Total Loss,Life,Medical,0,4,4,1500,East,0
CLM104737,30,17.1,46580.08,7955.97,7,46,Moderate,Life,Fire,0,1,5,1000,Central,0
CLM104738,48,1.5,6249.88,3680.23,2,3,Major,Life,Fire,1,3,2,1000,South,0
CLM104739,58,17.8,5242.67,5262.1,7,37,Major,Auto,Medical,1,2,18,1000,Central,0
CLM104740,24,13.5,14812.27,4106.02,7,12,Minor,Life,Natural,1,0,4,500,West,0
CLM104741,40,12.5,3102.72,5905.37,11,60,Moderate,Health,Natural,0,1,8,1500,Central,0
CLM104742,41,12.7,14103.24,7537.9,0,86,Major,Auto,Fire,1,3,19,1500,South,0
CLM104743,22,6.3,5889.175231260674,2822.44,8,90,Minor,Health,Medical,1,3,5,2000,East,1
CLM104744,22,8.6,11117.35,6641.56,6,76,Total Loss,Auto,Theft,1,3,4,1500,East,0
CLM104745,34,16.1,15530.13,5411.37,12,83,Minor,Life,Fire,1,1,5,2000,West,0
CLM104746,47,6.5,2090.33,2601.39,13,32,Moderate,Life,Fire,0,4,14,2500,North,0
CLM104747,26,9.7,4478.09,6479.75,10,37,Moderate,Health,Accident,1,1,10,2000,South,0
CLM104748,23,0.9,7127.97,3703.5,0,28,Minor,Health,Natural,1,0,17,1000,North,0
CLM104749,42,14.8,18800.901822899308,1402.98,5,78,Total Loss,Auto,Medical,1,1,18,500,West,1
CLM104750,36,8.6,17910.02,7950.62,2,31,Moderate,Auto,Theft,1,3,11,1000,Central,0
CLM104751,33,10.7,12294.14,3692.35,5,10,Moderate,Property,Theft,1,4,11,2500,Central,0
CLM104752,38,2.7,8221.64,4561.64,4,17,Total Loss,Property,Fire,1,4,6,500,West,0
CLM104753,19,19.8,9986.01,6559.71,11,44,Major,Property,Theft,1,0,15,2500,East,0
CLM104754,27,6.4,3313.6851167559707,7706.57,17,59,Moderate,Life,Theft,1,0,11,1000,South,1
CLM104755,33,12.9,49192.30480877859,7046.66,19,43,Minor,Health,Fire,1,2,3,500,West,1
CLM104756,54,11.8,1628.04,4437.9,6,19,Total Loss,Health,Natural,1,2,9,2500,West,0
CLM104757,32,15.8,27519.25,4592.72,2,6,Moderate,Property,Accident,1,2,16,2000,South,0
CLM104758,30,6.2,12680.46,2606.65,10,70,Major,Property,Natural,0,1,14,1500,East,0
CLM104759,30,15.2,20153.341444962312,3971.02,6,40,Moderate,Auto,Natural,1,4,7,1000,East,1
CLM104760,49,8.0,19290.29,7601.29,10,42,Major,Property,Accident,0,0,13,2000,South,0
CLM104761,62,8.5,56631.58443240495,5952.06,16,37,Moderate,Health,Fire,0,2,17,2500,North,1
CLM104762,64,13.6,43877.73,589.08,2,28,Moderate,Auto,Natural,0,0,7,2500,Central,0
CLM104763,63,15.8,12758.22,1373.8,7,31,Minor,Property,Medical,0,2,13,500,South,0
CLM104764,25,13.5,3449.4,7428.58,4,44,Total Loss,Life,Medical,0,1,15,2000,East,0
CLM104765,60,18.0,88507.32681634786,6865.39,19,90,Total Loss,Property,Accident,0,1,18,2500,North,1
CLM104766,35,6.1,4215.660505686837,4146.23,7,90,Minor,Life,Medical,1,3,6,500,West,1
CLM104767,73,18.1,25702.2,5127.34,13,58,Total Loss,Property,Fire,0,0,16,1500,West,0
CLM104768,53,3.1,18111.29,2672.35,7,2,Total Loss,Auto,Theft,0,3,4,1500,West,0
CLM104769,43,13.4,36265.23,6446.23,5,38,Total Loss,Life,Fire,1,1,12,500,Central,0
CLM104770,27,11.2,35163.0,5024.88,14,50,Moderate,Life,Accident,1,1,17,2000,East,0
CLM104771,48,10.1,1819.28,5711.19,2,7,Moderate,Auto,Theft,0,0,17,500,North,0
CLM104772,50,6.6,15102.85,3311.82,13,45,Major,Life,Medical,1,3,18,500,East,0
CLM104773,46,10.3,5022.891946013947,3728.29,11,81,Major,Auto,Natural,1,3,17,2000,Central,1
CLM104774,22,3.7,2225.78,2057.62,0,5,Total Loss,Property,Medical,0,3,19,1500,Central,0
CLM104775,30,7.7,15917.45939312528,7610.39,7,73,Total Loss,Auto,Fire,1,0,19,2500,South,1
CLM104776,18,2.4,2540.42,7599.18,14,40,Total Loss,Auto,Fire,1,0,16,1500,East,0
CLM104777,40,11.7,20523.92,6633.13,13,78,Minor,Auto,Accident,1,0,3,2000,West,0
CLM104778,57,2.4,53077.86,7516.66,11,53,Moderate,Auto,Natural,0,4,16,1000,South,0
CLM104779,20,3.6,13645.01,5489.96,12,75,Total Loss,Health,Natural,0,1,18,2000,East,0
CLM104780,20,2.2,5021.5,2259.89,13,40,Total Loss,Life,Theft,0,4,7,1500,South,0
CLM104781,24,7.9,28792.37,6201.58,8,47,Moderate,Property,Theft,0,4,19,1500,South,0
CLM104782,53,16.9,29770.39,2939.57,11,69,Major,Auto,Fire,0,1,0,2000,North,0
CLM104783,52,18.2,20795.58,3803.61,6,26,Total Loss,Health,Accident,1,2,6,2000,South,0
CLM104784,32,1.9,15322.83,2557.63,14,46,Total Loss,Health,Fire,1,2,7,2000,Central,0
CLM104785,57,12.9,31350.73,3677.16,10,76,Total Loss,Property,Natural,1,2,4,1500,West,0
CLM104786,20,13.8,8938.811607795187,5594.88,18,48,Total Loss,Life,Natural,0,0,8,500,North,1
CLM104787,46,10.9,119912.45094980649,1329.58,9,87,Moderate,Property,Fire,0,0,6,1000,South,1
CLM104788,47,13.5,45119.56,1289.05,5,13,Moderate,Auto,Natural,1,3,3,500,North,0
CLM104789,56,5.1,31834.98,5628.28,10,60,Moderate,Life,Theft,1,3,7,1500,West,0
CLM104790,35,10.0,5328.48,6346.86,4,66,Major,Life,Natural,1,4,1,500,West,0
CLM104791,28,8.1,53396.23258664082,4636.0,19,90,Total Loss,Property,Theft,1,3,4,2000,North,1
CLM104792,60,2.2,11326.52,1862.31,11,24,Major,Property,Medical,0,0,2,2500,East,0
CLM104793,66,12.7,14555.44,3730.68,5,64,Major,Life,Accident,0,4,4,2000,West,0
CLM104794,55,10.2,28545.14,6186.32,6,23,Moderate,Property,Accident,1,3,0,1000,Central,0
CLM104795,57,5.9,1450.44,5643.0,8,52,Total Loss,Life,Natural,1,3,6,2000,Central,0
CLM104796,18,9.7,7763.43,1323.99,7,72,Total Loss,Property,Accident,0,2,9,2500,South,0
CLM104797,46,15.6,26367.32,7768.6,4,49,Major,Life,Medical,0,0,15,1500,East,0
CLM104798,27,16.1,26226.48,2175.23,14,0,Minor,Auto,Natural,1,4,0,500,East,0
CLM104799,45,13.2,29326.16,2152.92,6,38,Minor,Health,Theft,0,1,16,2000,South,0
CLM104800,74,9.6,3780.78,3948.93,7,73,Total Loss,Property,Medical,1,3,3,500,West,0
CLM104801,48,11.7,19356.85,2954.32,0,43,Total Loss,Life,Medical,0,0,15,1000,North,0
CLM104802,36,8.0,7844.712922784418,7879.89,10,34,Major,Health,Accident,1,4,8,500,East,1
CLM104803,20,3.0,24063.6,1073.67,10,67,Major,Health,Theft,1,0,7,1000,East,0
CLM104804,53,8.0,14182.459436077046,2798.29,12,90,Moderate,Health,Fire,1,0,18,1000,West,1
CLM104805,60,10.8,21080.73,3370.42,10,79,Major,Property,Medical,1,4,16,2000,North,0
CLM104806,32,12.2,10104.59,4200.94,11,64,Major,Property,Accident,1,2,9,2500,Central,0
CLM104807,50,18.7,149770.84958626624,623.05,16,90,Minor,Auto,Medical,1,2,16,500,East,1
CLM104808,58,15.7,14008.72,1117.72,1,87,Minor,Property,Theft,0,3,15,1000,West,0
CLM104809,60,3.5,32464.973349262404,2433.57,4,36,Minor,Property,Theft,0,2,8,1000,East,1
CLM104810,68,3.9,7886.87,4655.02,11,49,Minor,Property,Natural,1,3,4,1000,Central,0
CLM104811,62,2.5,56116.33745856972,6258.29,8,28,Major,Health,Fire,0,3,1,1500,South,1
CLM104812,43,14.9,11244.56,5648.72,2,65,Total Loss,Auto,Fire,0,4,13,500,West,0
CLM104813,33,14.3,1273.48,4752.69,0,68,Minor,Health,Accident,1,0,16,500,North,0
CLM104814,53,19.7,15069.67,3479.25,14,38,Moderate,Auto,Fire,1,1,12,1000,South,0
CLM104815,50,10.7,73381.78476824294,7030.21,14,54,Moderate,Property,Theft,1,1,12,500,North,1
CLM104816,37,16.6,13875.701638373666,3948.29,12,90,Major,Life,Fire,1,2,12,500,Central,1
CLM104817,30,11.7,13851.235828601917,2744.4,8,78,Moderate,Property,Accident,0,4,17,1500,North,1
CLM104818,50,17.5,26029.605824708233,5220.01,17,60,Minor,Health,Medical,0,1,0,1000,East,1
CLM104819,22,14.6,26554.52,5690.86,0,23,Total Loss,Health,Fire,1,0,3,500,Central,0
CLM104820,54,13.0,5307.64,3488.53,1,14,Total Loss,Health,Fire,1,3,4,2500,South,0
CLM104821,31,11.5,41381.76,711.07,8,75,Minor,Auto,Theft,1,3,10,1000,East,0
CLM104822,44,14.6,40339.24,1205.99,3,19,Moderate,Health,Theft,1,4,1,500,East,0
CLM104823,40,8.7,4357.22,6841.99,2,3,Major,Life,Medical,1,2,1,1500,Central,0
CLM104824,31,2.4,5593.48,924.11,7,57,Total Loss,Life,Natural,1,0,15,2500,North,0
CLM104825,57,1.3,19089.56,4940.15,3,76,Minor,Property,Fire,1,2,2,2000,North,0
CLM104826,21,9.8,46465.14,1877.82,6,60,Minor,Auto,Theft,0,2,5,2000,South,0
CLM104827,56,12.2,19562.05,2216.95,14,9,Moderate,Auto,Natural,1,4,19,2500,Central,0
CLM104828,69,2.0,9829.11,2550.0,12,40,Major,Property,Fire,1,3,3,2000,South,0
CLM104829,36,6.1,3776.91,787.19,13,52,Major,Health,Fire,1,2,4,2500,West,0
CLM104830,64,6.8,10270.87,1829.26,13,86,Moderate,Health,Natural,1,2,6,500,Central,0
CLM104831,71,11.5,15000.32,5378.75,13,70,Minor,Property,Theft,1,0,6,2000,West,0
CLM104832,21,5.9,7028.49,4240.38,4,75,Moderate,Property,Medical,0,3,16,2000,South,0
CLM104833,47,2.4,11708.14,6479.97,4,47,Moderate,Property,Fire,0,2,5,2500,West,0
CLM104834,36,3.7,3092.62,959.32,10,14,Moderate,Property,Accident,1,1,3,500,West,0
CLM104835,48,3.9,10027.35,7166.74,5,6,Minor,Auto,Accident,0,1,1,500,East,0
CLM104836,48,16.9,2427.45,7972.99,11,71,Total Loss,Auto,Accident,0,3,5,1000,East,0
CLM104837,26,6.0,1755.02,618.05,12,70,Minor,Health,Medical,1,3,6,1000,South,0
CLM104838,70,14.4,30198.85,7757.3,3,42,Total Loss,Auto,Fire,1,4,1,500,South,0
CLM104839,30,11.6,4442.74,2268.97,1,3,Total Loss,Auto,Theft,1,2,17,2500,North,0
CLM104840,31,19.6,27835.554976948388,5694.07,8,63,Moderate,Auto,Theft,0,1,9,1500,West,1
CLM104841,72,5.8,10187.638284580724,2693.63,19,90,Major,Property,Medical,0,1,6,1500,North,1
CLM104842,63,3.6,5567.9,4413.6,4,58,Moderate,Auto,Fire,0,3,8,1000,North,0
CLM104843,71,1.5,7725.73,4328.14,2,40,Minor,Health,Natural,1,3,18,2000,Central,0
CLM104844,27,5.2,3326.6,3208.29,3,60,Major,Auto,Natural,1,0,18,1500,North,0
CLM104845,65,13.8,1705.78,5881.6,2,29,Major,Property,Fire,0,0,1,2000,North,0
CLM104846,48,2.2,77621.3711363136,4997.27,4,35,Minor,Auto,Fire,0,3,11,2000,West,1
CLM104847,54,5.3,1178.55,4312.08,3,29,Minor,Life,Theft,0,0,18,500,North,0
CLM104848,40,17.2,1949.23,7871.29,1,6,Moderate,Health,Medical,1,3,5,1500,West,0
CLM104849,44,11.9,25526.89,7550.07,3,51,Minor,Auto,Medical,0,3,0,1500,West,0
CLM104850,23,1.9,14954.660776130137,7665.77,13,75,Total Loss,Health,Theft,0,4,14,2000,North,1
CLM104851,43,1.4,20246.34,7109.93,10,22,Total Loss,Property,Accident,0,0,18,2000,West,0
CLM104852,19,1.7,3371.33,2413.67,1,36,Major,Health,Natural,1,2,13,500,South,0
CLM104853,62,18.9,5063.0,3124.82,13,70,Moderate,Life,Fire,0,2,12,2500,South,0
CLM104854,30,17.1,13756.72,2232.91,9,52,Moderate,Life,Natural,0,4,4,1500,West,0
CLM104855,68,17.0,68159.36,7896.33,7,44,Major,Health,Natural,0,2,1,1500,South,0
CLM104856,67,18.5,2144.22,1644.96,9,48,Minor,Property,Medical,1,2,14,500,Central,0
CLM104857,36,10.4,24520.350445007534,3248.84,11,71,Moderate,Health,Theft,1,4,15,500,East,1
CLM104858,18,5.3,4212.094926840549,1992.83,14,90,Major,Auto,Accident,1,1,6,2500,South,1
CLM104859,57,8.3,10939.318587480047,2175.9,12,84,Major,Auto,Accident,1,4,5,2000,North,1
CLM104860,49,14.5,36703.5,2353.16,10,24,Total Loss,Health,Theft,1,4,16,1500,South,0
CLM104861,39,17.6,4177.556141282159,5297.53,10,39,Major,Auto,Natural,1,0,0,2000,Central,1
CLM104862,65,9.0,30158.55,1070.37,9,11,Minor,Auto,Theft,0,2,5,1500,Central,0
CLM104863,46,10.9,3936.63,4793.97,5,22,Minor,Property,Theft,0,2,5,500,Central,0
CLM104864,19,18.7,30684.16,6644.65,12,16,Minor,Health,Fire,1,1,3,500,South,0
CLM104865,57,2.6,12583.57,6248.93,11,43,Minor,Auto,Fire,1,4,7,500,East,0
CLM104866,55,17.3,32581.45,1633.79,13,70,Major,Health,Natural,1,3,8,2500,North,0
CLM104867,65,3.6,3467.88,7360.49,9,23,Moderate,Health,Medical,1,1,9,1500,East,0
CLM104868,72,9.9,22534.57,6275.68,3,70,Major,Auto,Accident,1,1,7,500,South,0
CLM104869,28,4.8,40965.655477719185,539.77,17,90,Moderate,Property,Fire,0,2,1,2500,East,1
CLM104870,34,12.3,12743.89,6030.3,5,52,Moderate,Property,Natural,0,2,19,2000,West,0
CLM104871,72,11.4,25957.41,6030.66,0,86,Moderate,Life,Theft,1,2,16,2500,North,0
CLM104872,68,7.9,16673.63,4226.12,5,73,Total Loss,Health,Fire,1,2,0,2500,West,0
CLM104873,60,17.3,32439.29,844.87,5,15,Minor,Life,Theft,1,1,13,1000,West,0
CLM104874,25,13.4,8196.26,4849.29,1,24,Total Loss,Property,Theft,1,4,4,2000,East,0
CLM104875,39,14.6,14371.16,6243.1,11,65,Major,Auto,Fire,1,2,8,1000,West,0
CLM104876,21,3.4,31672.8,2531.56,9,49,Total Loss,Auto,Natural,1,0,19,1500,North,0
CLM104877,28,17.7,4627.52,5503.01,9,68,Moderate,Property,Accident,0,1,16,2500,West,0
CLM104878,25,3.8,10975.43,3154.45,8,77,Major,Property,Natural,1,3,5,2500,South,0
CLM104879,26,4.8,124395.06338443552,4803.91,17,50,Minor,Health,Medical,0,3,0,2500,North,1
CLM104880,43,3.0,10625.46,3384.24,5,5,Moderate,Life,Medical,1,4,17,2500,South,0
CLM104881,19,9.1,5371.93,2778.21,11,63,Minor,Life,Accident,0,1,10,1000,South,0
CLM104882,33,17.8,20295.70550338295,6919.36,20,44,Total Loss,Property,Medical,1,1,3,1500,Central,1
CLM104883,48,5.4,33453.32,6153.79,10,8,Minor,Health,Theft,1,1,19,1000,Central,0
CLM104884,23,7.8,47477.46,3090.87,12,5,Major,Auto,Medical,1,0,5,2500,South,0
CLM104885,70,17.0,97446.25040079582,3759.74,9,27,Moderate,Property,Fire,0,0,7,1500,West,1
CLM104886,38,12.5,19006.8,5687.78,1,39,Minor,Life,Theft,0,2,18,2000,South,0
CLM104887,43,15.2,11688.07,6583.09,1,75,Total Loss,Health,Natural,0,3,14,1000,South,0
CLM104888,36,4.7,4026.03,5632.56,1,44,Major,Health,Accident,1,0,18,500,Central,0
CLM104889,45,14.5,2972.5,4556.99,9,81,Moderate,Health,Fire,1,3,1,2000,East,0
CLM104890,25,4.9,1924.41,7657.89,12,42,Total Loss,Life,Fire,1,1,3,2000,East,0
CLM104891,31,19.8,1268.11,6306.08,10,45,Moderate,Health,Accident,0,0,3,2500,East,0
CLM104892,41,11.4,32570.37,1366.94,8,62,Minor,Auto,Medical,1,3,11,2500,South,0
CLM104893,65,14.1,25839.01,4686.04,2,0,Total Loss,Life,Accident,1,0,17,2000,South,0
CLM104894,61,2.8,13583.74,3571.67,12,58,Total Loss,Property,Accident,0,1,11,1000,West,0
CLM104895,54,5.4,100951.62,6462.02,3,62,Minor,Health,Medical,0,1,18,1500,Central,0
CLM104896,73,3.2,46880.74,834.97,0,78,Total Loss,Life,Natural,0,1,14,1000,South,0
CLM104897,43,8.1,16967.9,3580.43,0,17,Total Loss,Property,Accident,0,2,9,1000,North,0
CLM104898,48,6.0,10370.4,2887.07,3,85,Total Loss,Property,Medical,1,3,6,2000,North,0
CLM104899,73,14.8,5858.3477098433095,1558.89,20,90,Minor,Auto,Fire,0,2,1,1000,Central,1
CLM104900,68,2.6,11872.47,3341.03,1,64,Minor,Property,Accident,0,4,12,1500,North,0
CLM104901,49,15.2,3575.06,5546.0,7,19,Moderate,Auto,Accident,1,4,15,2000,North,0
CLM104902,67,1.4,8623.72,3212.58,12,55,Minor,Life,Natural,1,0,7,1000,Central,0
CLM104903,58,4.4,43878.24,4850.05,3,53,Total Loss,Auto,Natural,0,0,0,2500,South,0
CLM104904,19,15.9,14910.267627827743,4946.09,6,58,Minor,Life,Fire,1,0,16,1000,South,1
CLM104905,42,15.0,3487.05,4903.33,2,53,Total Loss,Life,Natural,0,2,14,2000,West,0
CLM104906,69,9.8,30235.364087244343,4471.49,12,90,Total Loss,Health,Fire,1,1,13,2000,South,1
CLM104907,61,1.5,14833.28,1377.41,11,15,Total Loss,Auto,Accident,1,0,6,2500,North,0
CLM104908,19,12.4,4231.43,2138.42,12,19,Minor,Life,Medical,1,0,18,2000,North,0
CLM104909,59,8.4,4283.29,6500.5,5,46,Total Loss,Health,Natural,1,4,9,500,West,0
CLM104910,18,6.7,182324.68319672666,4267.74,9,40,Moderate,Auto,Fire,1,1,19,2000,Central,1
CLM104911,53,13.0,5181.45,5795.57,5,22,Major,Auto,Natural,1,2,10,1000,North,0
CLM104912,74,9.0,28320.18,4774.32,7,74,Major,Property,Natural,1,1,19,1500,South,0
CLM104913,29,2.3,10532.34,790.18,7,32,Moderate,Health,Theft,1,4,4,1000,South,0
CLM104914,26,18.4,9563.66,6471.6,8,39,Major,Property,Accident,1,2,6,2000,South,0
CLM104915,53,15.7,9549.065198594737,982.43,7,42,Moderate,Life,Natural,1,3,11,500,North,1
CLM104916,58,1.6,23296.75,7573.81,9,44,Minor,Auto,Medical,0,0,1,1000,East,0
CLM104917,45,10.7,32886.79,2115.33,7,40,Major,Life,Theft,1,2,6,1500,North,0
CLM104918,55,2.1,5539.45,4343.05,4,7,Moderate,Health,Fire,1,4,4,1000,North,0
CLM104919,50,16.8,2498.91,976.91,2,80,Moderate,Auto,Fire,1,1,11,2500,East,0
CLM104920,59,12.5,6669.93499928797,7211.99,16,90,Total Loss,Life,Medical,1,2,3,500,East,1
CLM104921,63,3.9,24611.32,7849.55,9,49,Minor,Auto,Medical,1,4,18,2000,South,0
CLM104922,39,0.9,9585.91,1597.19,2,30,Moderate,Property,Accident,1,2,2,1000,South,0
CLM104923,42,1.1,6780.395538421914,2718.4,12,33,Major,Health,Medical,1,0,16,1000,South,1
CLM104924,35,10.4,7239.28,619.06,7,65,Total Loss,Health,Fire,1,1,3,1000,North,0
CLM104925,23,14.8,11830.47,6402.24,9,55,Total Loss,Health,Accident,1,1,8,1000,Central,0
CLM104926,35,2.9,29663.38,2835.98,1,4,Total Loss,Auto,Medical,1,2,1,1500,West,0
CLM104927,69,4.8,16397.58,4916.28,11,80,Minor,Life,Medical,1,4,9,2500,Central,0
CLM104928,33,6.9,3904.37,794.14,8,53,Moderate,Life,Fire,0,0,19,2500,East,0
CLM104929,32,4.8,8352.371606199158,5865.95,9,90,Minor,Health,Accident,0,0,8,500,North,1
CLM104930,65,8.1,8973.95,4470.53,4,0,Moderate,Auto,Theft,0,2,7,500,North,0
CLM104931,25,11.4,2172.55,5937.35,0,75,Total Loss,Auto,Theft,1,3,17,1500,West,0
CLM104932,30,13.9,65402.525378370396,6421.73,8,90,Major,Auto,Accident,1,2,10,2500,Central,1
CLM104933,72,19.3,8698.77,1169.32,12,72,Major,Life,Medical,1,0,18,500,East,0
CLM104934,60,18.7,7301.61,4835.69,10,60,Minor,Health,Medical,1,1,17,2000,West,0
CLM104935,74,11.6,11672.98,5374.58,10,6,Total Loss,Life,Accident,0,2,18,2500,North,0
CLM104936,24,14.8,50949.81569280341,4375.39,11,58,Moderate,Property,Theft,0,2,16,1000,West,1
CLM104937,34,19.0,13636.79,1868.07,6,14,Minor,Auto,Natural,0,1,19,2500,South,0
CLM104938,67,2.1,25322.87,6466.98,6,3,Total Loss,Property,Fire,1,2,16,2000,Central,0
CLM104939,49,0.6,29132.860819487676,7980.94,10,90,Minor,Health,Accident,1,4,14,1000,East,1
CLM104940,39,1.1,24265.43,7769.53,4,69,Major,Health,Natural,1,1,15,2500,South,0
CLM104941,72,11.5,18899.56,6331.47,9,37,Total Loss,Life,Fire,1,1,16,1000,Central,0
CLM104942,68,15.4,10338.043808245538,3635.81,17,72,Minor,Health,Natural,1,1,7,1000,South,1
CLM104943,74,7.7,1806.62,3029.75,7,59,Moderate,Health,Natural,0,0,6,1500,West,0
CLM104944,30,11.1,36057.15,1014.09,1,1,Major,Life,Fire,1,2,3,2000,East,0
CLM104945,64,10.6,90230.34407553302,3622.15,2,78,Moderate,Life,Natural,1,3,6,1500,West,1
CLM104946,40,2.3,20470.53,1670.36,13,7,Minor,Life,Theft,1,2,10,2500,West,0
CLM104947,71,6.8,20321.51,2407.51,5,50,Total Loss,Life,Accident,1,2,2,1000,Central,0
CLM104948,46,0.9,15551.936053518984,7189.15,13,50,Major,Health,Theft,0,0,1,2500,East,1
CLM104949,39,2.7,22357.641627170586,7763.94,17,45,Moderate,Property,Theft,1,4,0,2500,East,1
CLM104950,18,16.3,73880.94,7614.19,3,79,Moderate,Life,Fire,0,4,5,1500,West,0
CLM104951,46,16.7,30084.1,1950.17,12,21,Total Loss,Health,Fire,1,0,13,2500,East,0
CLM104952,65,16.1,6444.59,7256.71,9,32,Minor,Health,Fire,1,0,3,2000,North,0
CLM104953,22,14.7,6372.55,1561.29,2,85,Moderate,Health,Natural,0,0,15,1000,East,0
CLM104954,52,16.0,10912.44,4307.45,6,71,Minor,Health,Natural,0,2,9,500,West,0
CLM104955,72,13.6,8777.79,5327.48,7,36,Minor,Health,Accident,1,0,4,2000,North,0
CLM104956,27,13.6,7958.01,3968.5,10,11,Minor,Life,Natural,1,3,10,500,North,0
CLM104957,36,13.5,15791.52,7638.78,11,68,Total Loss,Life,Accident,1,1,0,500,Central,0
CLM104958,54,10.5,1173.39,2999.1,3,63,Minor,Auto,Theft,1,4,16,1500,West,0
CLM104959,24,7.6,22616.94,4455.33,11,24,Major,Auto,Accident,1,3,13,500,East,0
CLM104960,63,14.7,21209.16,1065.87,11,53,Total Loss,Life,Accident,0,4,6,1000,North,0
CLM104961,52,6.3,27608.12,6891.68,14,28,Moderate,Life,Fire,0,2,13,1500,West,0
CLM104962,62,11.1,28625.34,3600.23,9,12,Total Loss,Life,Natural,1,2,0,2000,Central,0
CLM104963,30,9.0,13534.48,5753.99,11,25,Moderate,Property,Medical,1,0,5,2000,South,0
CLM104964,27,5.9,23716.96,5616.84,10,21,Major,Life,Medical,1,4,6,2000,South,0
CLM104965,19,19.5,11170.78,5571.97,10,75,Minor,Health,Fire,0,2,10,2500,East,0
CLM104966,23,5.5,79661.02009165187,4302.04,18,90,Minor,Property,Theft,1,2,9,1500,South,1
CLM104967,25,6.5,4173.76,2581.39,5,9,Minor,Property,Theft,1,4,2,1500,North,0
CLM104968,53,3.7,62921.29958406581,5188.21,16,72,Minor,Health,Theft,1,2,18,1500,North,1
CLM104969,42,16.5,5486.82,7713.44,10,41,Total Loss,Health,Accident,1,0,1,1000,West,0
CLM104970,61,11.9,2625.87,6754.62,10,89,Major,Auto,Natural,1,2,11,1500,East,0
CLM104971,64,12.5,22404.904919666442,1315.76,19,71,Moderate,Health,Theft,0,3,11,1000,West,1
CLM104972,57,16.5,15314.46,673.91,1,52,Total Loss,Life,Medical,1,3,0,2000,West,0
CLM104973,24,7.2,4939.77,4242.29,7,39,Minor,Life,Accident,0,0,13,2500,East,0
CLM104974,63,4.3,13172.08,6318.72,5,74,Minor,Auto,Theft,1,3,10,500,West,0
CLM104975,40,4.4,25745.57,2854.27,10,61,Minor,Property,Theft,1,2,7,2500,South,0
CLM104976,36,14.8,5457.6,5759.29,8,5,Moderate,Property,Natural,1,3,8,2500,Central,0
CLM104977,63,12.5,14024.02,7489.41,10,3,Moderate,Auto,Natural,1,3,17,2500,West,0
CLM104978,39,4.5,7217.12,3942.38,12,54,Total Loss,Life,Accident,1,2,12,500,North,0
CLM104979,30,3.3,12317.95,2331.2,12,87,Major,Auto,Medical,1,4,3,1000,North,0
CLM104980,38,2.9,29469.506550899434,7383.18,11,82,Moderate,Life,Fire,1,0,15,2000,South,1
CLM104981,18,12.7,7471.5,4041.98,5,2,Total Loss,Life,Medical,0,4,2,500,West,0
CLM104982,36,0.5,78998.5,3558.79,11,6,Moderate,Health,Natural,0,4,3,2000,West,0
CLM104983,50,0.9,21007.94068485561,3150.21,6,90,Total Loss,Auto,Natural,1,3,3,1000,East,1
CLM104984,21,8.1,27098.46,3672.63,4,85,Minor,Auto,Fire,0,1,7,2000,West,0
CLM104985,59,14.0,20372.14,5552.43,8,11,Moderate,Life,Medical,0,4,10,1000,West,0
CLM104986,20,14.1,29739.99,3752.9,0,16,Minor,Life,Medical,1,2,2,500,North,0
CLM104987,44,8.9,3863.79,2931.68,3,66,Major,Health,Fire,1,2,18,500,East,0
CLM104988,69,14.0,4776.11,6077.28,9,74,Minor,Life,Natural,1,2,5,2000,West,0
CLM104989,58,10.7,11024.22,2022.29,9,69,Major,Life,Accident,1,1,2,2000,South,0
CLM104990,52,19.6,59343.90782044762,2014.5,20,53,Moderate,Property,Medical,0,1,3,2500,West,1
CLM104991,45,3.7,4302.34,5723.27,2,16,Major,Auto,Theft,1,0,3,2500,East,0
CLM104992,23,12.2,54140.98,7000.3,0,85,Minor,Health,Medical,1,1,1,2000,South,0
CLM104993,23,10.1,3047.65,2309.08,0,0,Moderate,Health,Medical,0,0,15,2500,South,0
CLM104994,72,4.3,3887.0,1933.44,14,66,Total Loss,Life,Medical,1,2,4,2000,South,0
CLM104995,74,15.1,10101.281697982715,5527.29,2,90,Moderate,Auto,Natural,1,1,14,1500,North,1
CLM104996,61,5.9,14228.56,5156.02,0,77,Total Loss,Property,Theft,1,3,4,2500,North,0
CLM104997,40,7.9,38431.83,3854.39,14,48,Minor,Health,Medical,1,3,11,2000,South,0
CLM104998,50,7.8,9395.082374971911,1218.95,14,61,Moderate,Life,Accident,1,3,18,1500,North,1
CLM104999,33,5.3,13079.19,1188.39,1,70,Total Loss,Auto,Theft,1,1,14,2500,South,0
